frecuencia_hz,y11_real_s,y11_imag_s,y11_mod_s,y11_fase_deg,y12_real_s,y12_imag_s,y12_mod_s,y12_fase_deg,y21_real_s,y21_imag_s,y21_mod_s,y21_fase_deg,y22_real_s,y22_imag_s,y22_mod_s,y22_fase_deg
10.0,2.77555756e-17,1.59195449e-09,1.59195449e-09,89.99999900105352,-2.2221911e-17,-1.37203693e-09,1.37203693e-09,-90.00000092797919,-0.741398573,1.0635871e-08,0.741398573,179.99999917805278,0.74142482,-8.53246742e-09,0.74142482,-6.593714680321578e-07
10.2329299,2.77555756e-17,1.62903588e-09,1.62903588e-09,89.99999902379233,-2.32691974e-17,-1.40399577e-09,1.40399577e-09,-90.0000009495946,-0.741398573,1.08836123e-08,0.741398573,179.99999915890714,0.74142482,-8.73121412e-09,0.74142482,-6.747302027210678e-07
10.4712855,2.77555756e-17,1.666981e-09,1.666981e-09,89.99999904601353,-2.43658409e-17,-1.43669904e-09,1.43669904e-09,-90.0000009717135,-0.741398573,1.11371242e-08,0.741398573,179.99999913931558,0.74142482,-8.93459022e-09,0.74142482,-6.904466878851745e-07
10.7151931,2.77555756e-17,1.70580997e-09,1.70580997e-09,89.99999906772891,-2.55141676e-17,-1.47016406e-09,1.47016406e-09,-90.00000099434762,-0.741398573,1.13965411e-08,0.741398573,179.99999911926767,0.74142482,-9.14270356e-09,0.74142482,-7.065292571770564e-07
10.964782,2.77555756e-17,1.74554339e-09,1.74554339e-09,89.99999908894998,-2.67166133e-17,-1.50440858e-09,1.50440858e-09,-90.00000101750895,-0.741398573,1.16620007e-08,0.741398573,179.99999909875277,0.74142482,-9.35566448e-09,0.74142482,-7.229864374441309e-07
11.2201845,2.77555756e-17,1.78620232e-09,1.78620232e-09,89.99999910968802,-2.79757285e-17,-1.53945075e-09,1.53945075e-09,-90.00000104120977,-0.741398573,1.19336436e-08,0.741398573,179.99999907776004,0.74142482,-9.5735859e-09,0.74142482,-7.398269549108888e-07
11.4815362,2.77555756e-17,1.82780831e-09,1.82780831e-09,89.99999912995399,-2.9294184e-17,-1.57530917e-09,1.5753091700000005e-09,-90.00000106546267,-0.741398573,1.22116138e-08,0.741398573,179.99999905627828,0.74142482,-9.79658337e-09,0.74142482,-7.570597390427919e-07
11.7489755,4.16333634e-17,1.87038344e-09,1.8703834400000003e-09,89.99999872463798,-3.06747763e-17,-1.61200283e-09,1.6120028300000004e-09,-90.00000109028048,-0.741398573,1.24960589e-08,0.741398573,179.9999990342962,0.74142482,-1.00247751e-08,0.74142482,-7.746939248646111e-07
12.0226443,4.16333634e-17,1.91395027e-09,1.9139502700000006e-09,89.99999875366878,-3.2120434e-17,-1.6495512e-09,1.6495512000000003e-09,-90.00000111567638,-0.741398573,1.27871295e-08,0.741398573,179.99999901180203,0.74142482,-1.02582821e-08,0.74142482,-7.927388637793365e-07
12.3026877,4.16333634e-17,1.9585319e-09,1.9585319000000005e-09,89.99999878203873,-3.36342234e-17,-1.68797419e-09,1.6879741900000004e-09,-90.00000114166382,-0.741398573,1.308498e-08,0.741398573,179.99999898878397,0.74142482,-1.04972282e-08,0.74142482,-8.11204125113737e-07
12.5892541,4.16333634e-17,2.00415196e-09,2.0041519600000004e-09,89.9999988097629,-3.52193555e-17,-1.72729215e-09,1.7272921500000004e-09,-90.00000116825659,-0.741398573,1.33897683e-08,0.741398573,179.9999989652297,0.74142482,-1.07417401e-08,0.74142482,-8.300994999822569e-07
12.8824955,4.16333634e-17,2.05083466e-09,2.0508346600000005e-09,89.99999883685601,-3.68791926e-17,-1.76752596e-09,1.7675259600000004e-09,-90.00000119546878,-0.741398573,1.37016561e-08,0.7413985730000001,179.99999894112685,0.74142482,-1.09919473e-08,0.74142482,-8.494349958775598e-07
13.1825674,4.16333634e-17,2.09860474e-09,2.0986047400000006e-09,89.9999988633324,-3.86172554e-17,-1.80869693e-09,1.8086969300000004e-09,-90.00000122331481,-0.741398573,1.40208086e-08,0.7413985730000001,179.9999989164625,0.74142482,-1.12479827e-08,0.74142482,-8.692208830372908e-07
13.4896288,4.16333634e-17,2.14748752e-09,2.1474875200000005e-09,89.99999888920611,-4.04372306e-17,-1.85082689e-09,1.8508268900000003e-09,-90.00000125180948,-0.741398573,1.43473952e-08,0.7413985730000001,179.99999889122367,0.74142482,-1.15099818e-08,0.74142482,-8.894676326217273e-07
13.8038426,4.16333634e-17,2.19750893e-09,2.1975089300000006e-09,89.99999891449087,-4.23429786e-17,-1.89393819e-09,1.8939381900000006e-09,-90.00000128096788,-0.741398573,1.4681589e-08,0.7413985730000001,179.99999886539698,0.74142482,-1.17780838e-08,0.74142482,-9.101860017195091e-07
14.1253754,4.16333634e-17,2.24869549e-09,2.2486954900000003e-09,89.99999893920008,-4.43385417e-17,-1.93805367e-09,1.9380536700000004e-09,-90.00000131080544,-0.741398573,1.50235671e-08,0.7413985730000001,179.99999883896865,0.74142482,-1.20524306e-08,0.74142482,-9.313869560697015e-07
14.4543977,4.16333634e-17,2.30107434e-09,2.30107434e-09,89.99999896334684,-4.64281528e-17,-1.98319674e-09,1.9831967400000003e-09,-90.00000134133803,-0.741398573,1.5373511e-08,0.7413985730000001,179.99999881192477,0.74142482,-1.23331677e-08,0.74142482,-9.530817396119388e-07
14.7910839,4.16333634e-17,2.35467324e-09,2.35467324e-09,89.99999898694394,-4.86162442e-17,-2.02939133e-09,2.0293913300000005e-09,-90.0000013725818,-0.741398573,1.5731606e-08,0.7413985730000001,179.99999878425095,0.74142482,-1.26204441e-08,0.74142482,-9.752818667586293e-07
15.1356125,4.16333634e-17,2.40952063e-09,2.40952063e-09,89.9999990100039,-5.09074572e-17,-2.07666193e-09,2.0766619300000003e-09,-90.00000140455334,-0.741398573,1.60980422e-08,0.7413985730000001,179.9999987559325,0.74142482,-1.2914412e-08,0.74142482,-9.979990992115753e-07
15.4881662,4.16333634e-17,2.46564557e-09,2.46564557e-09,89.99999903253897,-5.33066517e-17,-2.1250336e-09,2.1250336000000004e-09,-90.00000143726959,-0.741398573,1.64730138e-08,0.7413985730000001,179.99999872695443,0.74142482,-1.32152273e-08,0.74142482,-1.0212454846009418e-06
15.8489319,6.9388939e-17,2.52307784e-09,2.5230778400000002e-09,89.99999842426845,-5.58189168e-17,-2.17453199e-09,2.1745319900000003e-09,-90.0000014707479,-0.741398573,1.68567196e-08,0.7413985730000001,179.99999869730138,0.74142482,-1.35230495e-08,0.74142482,-1.0450333487574615e-06
16.218101,6.9388939e-17,2.58184787e-09,2.5818478700000004e-09,89.99999846013648,-5.84495813e-17,-2.22518334e-09,2.2251833400000004e-09,-90.00000150500603,-0.741398573,1.7249363e-08,0.7413985730000001,179.99999866695765,0.74142482,-1.38380418e-08,0.7414248200000001,-1.0693753034402284e-06
16.5958691,6.9388939e-17,2.64198683e-09,2.6419868300000005e-09,89.99999849518805,-6.12042252e-17,-2.27701452e-09,2.2770145200000005e-09,-90.00000154006212,-0.741398573,1.76511523e-08,0.7413985730000001,179.9999986359071,0.74142482,-1.41603712e-08,0.7414248200000001,-1.0942842540644928e-06
16.9824365,6.9388939e-17,2.70352661e-09,2.7035266100000005e-09,89.99999852944175,-6.40886915e-17,-2.330053e-09,2.3300530000000004e-09,-90.00000157593477,-0.741398573,1.80623004e-08,0.7413985730000001,179.9999986041333,0.74142482,-1.44902086e-08,0.7414248200000001,-1.1197734074294534e-06
17.3780083,8.32667268e-17,2.76649984e-09,2.7664998400000013e-09,89.9999982754989,-6.71090985e-17,-2.38432691e-09,2.384326910000001e-09,-90.00000161264302,-0.741398573,1.84830255e-08,0.7413985730000001,179.9999985716194,0.74142482,-1.4827729e-08,0.7414248200000001,-1.1458562871738453e-06
17.7827941,8.32667268e-17,2.83093989e-09,2.830939890000001e-09,89.99999831475333,-7.02718529e-17,-2.43986502e-09,2.439865020000001e-09,-90.00000165020629,-0.741398573,1.89135504e-08,0.7413985730000001,179.99999853834814,0.74142482,-1.51731111e-08,0.7414248200000001,-1.1725467028647652e-06
18.1970086,8.32667268e-17,2.89688096e-09,2.8968809600000014e-09,89.99999835311424,-7.35836633e-17,-2.49669678e-09,2.4966967800000012e-09,-90.00000168864453,-0.741398573,1.93541036e-08,0.7413985730000001,179.99999850430189,0.74142482,-1.55265383e-08,0.7414248200000001,-1.199858827275607e-06
18.6208714,8.32667268e-17,2.96435798e-09,2.9643579800000012e-09,89.99999839060193,-7.70515545e-17,-2.55485231e-09,2.554852310000001e-09,-90.00000172797812,-0.741398573,1.98049186e-08,0.7413985730000001,179.9999984694626,0.74142482,-1.58881978e-08,0.7414248200000001,-1.2278071268359204e-06
19.0546072,9.71445147e-17,3.03340675e-09,3.0334067500000012e-09,89.99999816510902,-8.06828824e-17,-2.61436247e-09,2.6143624700000013e-09,-90.0000017682279,-0.741398573,2.02662344e-08,0.7413985730000001,179.9999984338118,0.74142482,-1.62582815e-08,0.7414248200000001,-1.2564064311815531e-06
19.498446,9.71445147e-17,3.10406387e-09,3.104063870000001e-09,89.99999820687623,-8.44853495e-17,-2.6752588e-09,2.6752588000000014e-09,-90.00000180941522,-0.741398573,2.07382957e-08,0.7413985730000003,179.9999983973306,0.74142482,-1.66369855e-08,0.7414248200000001,-1.2856718945156806e-06
19.9526231,9.71445147e-17,3.1763668e-09,3.1763668000000013e-09,89.99999824769272,-8.84670213e-17,-2.73757358e-09,2.737573580000001e-09,-90.0000018515619,-0.741398573,2.12213526e-08,0.7413985730000003,179.9999983599996,0.74142482,-1.70245107e-08,0.7414248200000001,-1.3156190419755716e-06
20.4173794,1.2490009e-16,3.25035389e-09,3.250353890000002e-09,89.99999779831728,-9.26363436e-17,-2.80133986e-09,2.801339860000001e-09,-90.00000189469033,-0.741398573,2.17156614e-08,0.7413985730000003,179.99999832179913,0.74142482,-1.74210625e-08,0.7414248200000001,-1.3462637464492037e-06
20.8929613,1.2490009e-16,3.32606436e-09,3.326064360000002e-09,89.9999978484337,-9.70021599e-17,-2.86659145e-09,2.8665914500000014e-09,-90.00000193882332,-0.741398573,2.22214842e-08,0.7413985730000003,179.9999982827088,0.74142482,-1.78268512e-08,0.7414248200000001,-1.3776222594864397e-06
21.3796209,1.2490009e-16,3.40353835e-09,3.403538350000002e-09,89.99999789740932,-1.01573731e-16,-2.93336294e-09,2.9333629400000014e-09,-90.00000198398432,-0.741398573,2.2739089e-08,0.7413985730000003,179.99999824270793,0.74142482,-1.82420919e-08,0.7414248200000001,-1.409711203571233e-06
21.8776162,1.2490009e-16,3.48281694e-09,3.4828169400000027e-09,89.99999794527012,-1.06360753e-16,-3.00168974e-09,3.001689740000002e-09,-90.00000203019725,-0.741398573,2.32687505e-08,0.7413985730000003,179.99999820177536,0.74142482,-1.86670048e-08,0.7414248200000001,-1.4425475953050089e-06
22.3872114,1.2490009e-16,3.56394217e-09,3.5639421700000024e-09,89.9999979920415,-1.11373381e-16,-3.07160807e-09,3.0716080700000023e-09,-90.00000207748663,-0.741398573,2.38107493e-08,0.7413985730000003,179.99999815988932,0.74142482,-1.91018152e-08,0.7414248200000001,-1.4761488454066647e-06
22.9086765,1.38777878e-16,3.64695705e-09,3.6469570500000024e-09,89.99999781972022,-1.16622247e-16,-3.14315502e-09,3.143155020000002e-09,-90.0000021258775,-0.741398573,2.43653729e-08,0.7413985730000003,179.99999811702764,0.74142482,-1.95467536e-08,0.7414248200000001,-1.5105327664403627e-06
23.4422882,1.38777878e-16,3.73190559e-09,3.731905590000002e-09,89.99999786934946,-1.22118484e-16,-3.2163685e-09,3.216368500000002e-09,-90.00000217539557,-0.741398573,2.49329153e-08,0.7413985730000003,179.99999807316757,0.74142482,-2.0002056e-08,0.7414248200000001,-1.5457175959989109e-06
23.9883292,1.52655666e-16,3.81883284e-09,3.8188328400000025e-09,89.99999770963387,-1.27873751e-16,-3.29128735e-09,3.291287350000002e-09,-90.00000222606702,-0.741398573,2.55136775e-08,0.7413985730000003,179.9999980282859,0.74142482,-2.04679637e-08,0.7414248200000001,-1.581721981248176e-06
24.5470892,1.52655666e-16,3.90778488e-09,3.907784880000002e-09,89.99999776176898,-1.33900255e-16,-3.36795128e-09,3.367951280000002e-09,-90.00000227791878,-0.741398573,2.61079674e-08,0.7413985730000004,179.99999798235876,0.74142482,-2.09447238e-08,0.7414248200000003,-1.618565017566053e-06
25.1188643,1.80411242e-16,3.99880889e-09,3.998808890000004e-09,89.99999741502958,-1.4021078e-16,-3.44640094e-09,3.4464009400000025e-09,-90.00000233097833,-0.741398573,2.67161001e-08,0.7413985730000004,179.99999793536185,0.74142482,-2.14325891e-08,0.7414248200000003,-1.656266240814667e-06
25.7039578,1.80411242e-16,4.09195311e-09,4.0919531100000034e-09,89.99999747387068,-1.4681871e-16,-3.52667793e-09,3.5266779300000035e-09,-90.00000238527379,-0.741398573,2.7338398e-08,0.7413985730000004,179.99999788727024,0.74142482,-2.19318183e-08,0.7414248200000003,-1.6948456427959664e-06
26.3026799,1.80411242e-16,4.18726694e-09,4.187266940000003e-09,89.9999975313724,-1.53738063e-16,-3.60882482e-09,3.6088248200000032e-09,-90.00000244083395,-0.741398573,2.79751911e-08,0.7413985730000004,179.99999783805845,0.74142482,-2.24426759e-08,0.7414248200000003,-1.734323663523924e-06
26.915348,1.80411242e-16,4.28480092e-09,4.284800920000004e-09,89.99999758756523,-1.60983515e-16,-3.69288514e-09,3.6928851400000032e-09,-90.0000024976883,-0.741398573,2.8626817e-08,0.7413985730000004,179.99999778770035,0.74142482,-2.2965433e-08,0.7414248200000003,-1.7747212530468892e-06
27.542287,1.94289029e-16,4.38460676e-09,4.384606760000004e-09,89.9999974611312,-1.68570434e-16,-3.77890349e-09,3.778903490000004e-09,-90.00000255586693,-0.741398573,2.92936212e-08,0.7413985730000004,179.9999977361693,0.74142482,-2.35003667e-08,0.7414248200000003,-1.8160598250808244e-06
28.1838293,2.08166817e-16,4.48673737e-09,4.486737370000005e-09,89.9999973417031,-1.76514914e-16,-3.86692546e-09,3.866925460000003e-09,-90.00000261540072,-0.741398573,2.99759573e-08,0.7413985730000004,179.9999976834379,0.74142482,-2.40477605e-08,0.7414248200000003,-1.8583612879204797e-06
28.840315,2.08166817e-16,4.59124691e-09,4.5912469100000045e-09,89.99999740221332,-1.84833805e-16,-3.95699772e-09,3.956997720000004e-09,-90.00000267632122,-0.741398573,3.06741871e-08,0.7413985730000007,179.99999762947823,0.74142482,-2.46079048e-08,0.7414248200000003,-1.901648083078362e-06
29.5120923,2.22044605e-16,4.69819078e-09,4.698190780000005e-09,89.99999729210258,-1.93544754e-16,-4.04916804e-09,4.0491680400000045e-09,-90.00000273866074,-0.741398573,3.13886807e-08,0.7413985730000007,179.99999757426167,0.74142482,-2.51810966e-08,0.7414248200000003,-1.945943162101353e-06
30.1995172,2.49800181e-16,4.80762571e-09,4.807625710000007e-09,89.99999702295958,-2.02666237e-16,-4.14348528e-09,4.143485280000005e-09,-90.00000280245236,-0.741398573,3.2119817e-08,0.7413985730000007,179.99999751775897,0.74142482,-2.57676397e-08,0.7414248200000003,-1.9912700020262963e-06
30.9029543,2.49800181e-16,4.91960969e-09,4.919609690000007e-09,89.99999709072529,-2.12217603e-16,-4.23999945e-09,4.239999450000005e-09,-90.00000286772985,-0.741398573,3.28679836e-08,0.7413985730000007,179.99999745994018,0.74142482,-2.63678451e-08,0.7414248200000004,-2.0376526362911715e-06
31.6227766,2.49800181e-16,5.03420213e-09,5.034202130000006e-09,89.99999715694847,-2.2221911e-16,-4.33876173e-09,4.3387617300000054e-09,-90.00000293452784,-0.741398573,3.36335773e-08,0.7413985730000007,179.99999740077456,0.74142482,-2.69820311e-08,0.7414248200000004,-2.085115662462891e-06
32.3593657,2.63677968e-16,5.15146376e-09,5.151463760000006e-09,89.99999706731224,-2.32691974e-16,-4.43982447e-09,4.439824470000006e-09,-90.00000300288178,-0.741398573,3.4417004e-08,0.7413985730000008,179.9999973402308,0.74142482,-2.76105233e-08,0.7414248200000004,-2.133684242237293e-06
33.1131121,2.77555756e-16,5.27145676e-09,5.271456760000007e-09,89.99999698322985,-2.43658409e-16,-4.54324127e-09,4.543241270000006e-09,-90.0000030728279,-0.741398573,3.5218679e-08,0.7413985730000008,179.99999727827685,0.74142482,-2.82536551e-08,0.7414248200000004,-2.183384140078118e-06
33.8844156,3.05311332e-16,5.39424476e-09,5.3942447600000086e-09,89.9999967570899,-2.55141676e-16,-4.64906695e-09,4.649066950000007e-09,-90.00000314440325,-0.741398573,3.60390274e-08,0.7413985730000008,179.99999721487976,0.74142482,-2.89117672e-08,0.7414248200000004,-2.2342416845780324e-06
34.673685,3.05311332e-16,5.51989287e-09,5.5198928700000085e-09,89.99999683090756,-2.67166133e-16,-4.75735763e-09,4.757357630000008e-09,-90.00000321764581,-0.741398573,3.68784842e-08,0.7413985730000008,179.99999715000598,0.74142482,-2.95852088e-08,0.7414248200000004,-2.28628386119216e-06
35.4813389,3.05311332e-16,5.64846769e-09,5.648467690000007e-09,89.99999690304492,-2.79757285e-16,-4.86817073e-09,4.868170730000008e-09,-90.00000329259441,-0.741398573,3.77374944e-08,0.741398573000001,179.99999708362108,0.74142482,-3.02743368e-08,0.7414248200000007,-2.339538250415724e-06
36.3078055,3.33066907e-16,5.7800374e-09,5.780037400000009e-09,89.99999669840751,-2.9294184e-16,-4.98156499e-09,4.981564990000009e-09,-90.00000336928879,-0.741398573,3.86165136e-08,0.741398573000001,179.99999701568993,0.74142482,-3.09795167e-08,0.7414248200000007,-2.3940330973341985e-06
37.1535229,3.60822483e-16,5.91467177e-09,5.91467177000001e-09,89.99999650469101,-3.06747763e-16,-5.09760054e-09,5.097600540000009e-09,-90.0000034477696,-0.741398573,3.95160078e-08,0.741398573000001,179.9999969461764,0.74142482,-3.17011224e-08,0.7414248200000007,-2.449797296167714e-06
38.0189396,3.60822483e-16,6.05244217e-09,6.052442170000011e-09,89.99999658425395,-3.2120434e-16,-5.21633891e-09,5.216338910000009e-09,-90.00000352807848,-0.741398573,4.04364538e-08,0.741398573000001,179.9999968750437,0.74142482,-3.24395364e-08,0.7414248200000007,-2.5068604057266483e-06
38.9045145,3.88578059e-16,6.19342166e-09,6.193421660000012e-09,89.99999640523704,-3.36342234e-16,-5.33784306e-09,5.3378430600000106e-09,-90.00000361025798,-0.741398573,4.13783398e-08,0.7413985730000011,179.99999680225412,0.74142482,-3.31951502e-08,0.7414248200000007,-2.5652526803227997e-06
39.8107171,4.02455846e-16,6.33768498e-09,6.337684980000013e-09,89.99999636160184,-3.52193555e-16,-5.46217739e-09,5.462177390000011e-09,-90.00000369435169,-0.741398573,4.23421652e-08,0.7413985730000011,179.99999672776906,0.74142482,-3.39683646e-08,0.7414248200000007,-2.625005092952768e-06
40.7380278,4.16333634e-16,6.48530863e-09,6.485308630000013e-09,89.99999632181574,-3.68791926e-16,-5.58940785e-09,5.589407850000012e-09,-90.0000037804042,-0.741398573,4.33284409e-08,0.7413985730000011,179.999996651549,0.74142482,-3.47595895e-08,0.7414248200000008,-2.6861493198423678e-06
41.6869383,4.4408921e-16,6.63637087e-09,6.636370870000015e-09,89.99999616591087,-3.86172554e-16,-5.71960188e-09,5.7196018800000125e-09,-90.00000386846114,-0.741398573,4.43376899e-08,0.7413985730000013,179.99999657355355,0.74142482,-3.55692443e-08,0.7414248200000008,-2.748717771357801e-06
42.6579519,4.57966998e-16,6.79095181e-09,6.7909518100000145e-09,89.99999613609744,-4.04372306e-16,-5.85282853e-09,5.852828530000013e-09,-90.00000395856915,-0.741398573,4.53704474e-08,0.7413985730000013,179.99999649374138,0.74142482,-3.63977585e-08,0.7414248200000008,-2.8127436383724195e-06
43.6515832,4.85722573e-16,6.9491334e-09,6.949133400000018e-09,89.99999599520518,-4.23429786e-16,-5.98915842e-09,5.9891584200000145e-09,-90.00000405077608,-0.741398573,4.64272609e-08,0.7413985730000014,179.9999964120701,0.74142482,-3.72455712e-08,0.7414248200000008,-2.8782608536277584e-06
44.6683592,4.85722573e-16,7.11099951e-09,7.110999510000015e-09,89.99999608636544,-4.43385417e-16,-6.12866384e-09,6.128663840000017e-09,-90.00000414513077,-0.741398573,4.75086907e-08,0.7413985730000014,179.9999963284965,0.74142482,-3.8113132e-08,0.741424820000001,-2.9453041612836757e-06
45.708819,5.27355937e-16,7.27663597e-09,7.276635970000019e-09,89.99999584763212,-4.64281528e-16,-6.27141876e-09,6.271418760000016e-09,-90.00000424168329,-0.741398573,4.86153103e-08,0.7413985730000014,179.99999624297618,0.74142482,-3.90009009e-08,0.741424820000001,-3.013909109190561e-06
46.7735141,5.689893e-16,7.44613059e-09,7.446130590000021e-09,89.9999956217951,-4.86162442e-16,-6.41749886e-09,6.417498860000018e-09,-90.00000434048478,-0.741398573,4.97477063e-08,0.7413985730000017,179.99999615546386,0.74142482,-3.99093485e-08,0.741424820000001,-3.0841120643449194e-06
47.8630092,5.82867088e-16,7.61957325e-09,7.619573250000022e-09,89.99999561710045,-5.09074572e-16,-6.56698162e-09,6.566981620000019e-09,-90.00000444158765,-0.741398573,5.09064793e-08,0.7413985730000017,179.9999960659131,0.74142482,-4.08389567e-08,0.7414248200000011,-3.155950266983932e-06
48.9778819,6.24500451e-16,7.79705591e-09,7.797055910000025e-09,89.99999541092939,-5.33066517e-16,-6.71994627e-09,6.7199462700000205e-09,-90.00000454504551,-0.741398573,5.20922435e-08,0.7413985730000018,179.99999597427646,0.74142482,-4.17902182e-08,0.7414248200000011,-3.2294617919464816e-06
50.1187234,6.38378239e-16,7.97867268e-09,7.978672680000025e-09,89.99999541573138,-5.58189168e-16,-6.87647392e-09,6.876473920000023e-09,-90.00000465091323,-0.741398573,5.33056277e-08,0.7413985730000018,179.9999958805053,0.74142482,-4.27636374e-08,0.7414248200000011,-3.304685618223299e-06
51.2861384,6.9388939e-16,8.16451984e-09,8.16451984000003e-09,89.99999513052398,-5.84495813e-16,-7.03664758e-09,7.036647580000023e-09,-90.00000475924692,-0.741398573,5.45472753e-08,0.741398573000002,179.99999578454995,0.74142482,-4.37597305e-08,0.7414248200000013,-3.381661636684756e-06
52.480746,7.07767178e-16,8.35469594e-09,8.35469594000003e-09,89.99999514619414,-6.12042252e-16,-7.20055216e-09,7.200552160000025e-09,-90.00000487010401,-0.741398573,5.58178446e-08,0.7413985730000021,179.9999956863595,0.74142482,-4.47790256e-08,0.7414248200000013,-3.4604306578086578e-06
53.7031796,7.49400542e-16,8.5493018e-09,8.549301800000033e-09,89.99999497766143,-6.40886915e-16,-7.36827456e-09,7.368274560000028e-09,-90.0000049835433,-0.741398573,5.71180092e-08,0.7413985730000021,179.99999558588192,0.74142482,-4.5822063e-08,0.7414248200000013,-3.5410344348636245e-06
54.9540874,7.77156117e-16,8.74844063e-09,8.748440630000034e-09,89.99999491020544,-6.71090985e-16,-7.53990372e-09,7.53990372000003e-09,-90.00000509962496,-0.741398573,5.84484585e-08,0.7413985730000023,179.99999548306388,0.74142482,-4.6889396e-08,0.7414248200000014,-3.6235157257314374e-06
56.2341325,8.04911693e-16,8.95221799e-09,8.952217990000036e-09,89.9999948484227,-7.02718529e-16,-7.71553064e-09,7.715530640000031e-09,-90.00000521841048,-0.741398573,5.9809898e-08,0.7413985730000023,179.99999537785092,0.74142482,-4.79815904e-08,0.7414248200000014,-3.7079182542680775e-06
57.5439937,8.46545056e-16,9.16074193e-09,9.160741930000038e-09,89.99999470529143,-7.35836633e-16,-7.89524844e-09,7.895248440000033e-09,-90.00000533996287,-0.741398573,6.12030495e-08,0.7413985730000024,179.99999527018727,0.74142482,-4.90992252e-08,0.7414248200000016,-3.794286764398272e-06
58.8843655,8.8817842e-16,9.37412302e-09,9.37412302000004e-09,89.99999457134552,-7.70515545e-16,-8.0791524e-09,8.079152400000036e-09,-90.00000546434657,-0.741398573,6.26286517e-08,0.7413985730000027,179.99999516001574,0.74142482,-5.0242893e-08,0.7414248200000016,-3.882667051026674e-06
60.2559586,9.29811783e-16,9.5924744e-09,9.592474400000044e-09,89.99999444624102,-8.06828824e-16,-8.26734004e-09,8.267340040000039e-09,-90.00000559162757,-0.741398573,6.40874604e-08,0.7413985730000028,179.99999504727805,0.74142482,-5.14132004e-08,0.7414248200000018,-3.973105990949037e-06
61.6595002,9.71445147e-16,9.81591183e-09,9.815911830000048e-09,89.99999432964478,-8.44853495e-16,-8.45991112e-09,8.459911120000042e-09,-90.00000572187331,-0.741398573,6.55802491e-08,0.7413985730000028,179.99999493191433,0.74142482,-5.26107676e-08,0.7414248200000018,-4.065651511941036e-06
63.0957344,1.0269563e-15,1.00445538e-08,1.0044553800000051e-08,89.99999414207312,-8.84670213e-16,-8.65696777e-09,8.656967770000044e-09,-90.00000585515285,-0.741398573,6.71078093e-08,0.741398573000003,179.99999481386342,0.74142482,-5.38362298e-08,0.741424820000002,-4.160352700947382e-06
64.5654229,1.06858966e-15,1.02785215e-08,1.0278521500000055e-08,89.99999404333809,-9.26363436e-16,-8.85861445e-09,8.858614450000048e-09,-90.00000599153688,-0.741398573,6.8670951e-08,0.7413985730000031,179.9999946930628,0.74142482,-5.50902367e-08,0.741424820000002,-4.257259765442855e-06
66.0693448,1.1379786e-15,1.0517939e-08,1.0517939000000062e-08,89.99999380093658,-9.70021599e-16,-9.06495809e-09,9.064958090000053e-09,-90.0000061310977,-0.741398573,7.0270503e-08,0.7413985730000033,179.99999456944835,0.74142482,-5.63734532e-08,0.7414248200000021,-4.3564240875268496e-06
67.6082975,1.16573418e-15,1.07629333e-08,1.0762933300000063e-08,89.99999379428947,-1.01573731e-15,-9.27610809e-09,9.276108090000056e-09,-90.00000627390932,-0.741398573,7.19073132e-08,0.7413985730000034,179.99999444295455,0.74142482,-5.76865596e-08,0.7414248200000021,-4.457898239378978e-06
69.1830971,1.22124533e-15,1.10136342e-08,1.1013634200000066e-08,89.99999364676528,-1.06360753e-15,-9.4921764e-09,9.49217640000006e-09,-90.00000642004741,-0.741398573,7.35822497e-08,0.7413985730000037,179.99999431351435,0.74142482,-5.90302522e-08,0.7414248200000023,-4.561736029625816e-06
70.7945784,1.29063427e-15,1.12701747e-08,1.1270174700000073e-08,89.99999343862021,-1.11373381e-15,-9.71327759e-09,9.713277590000063e-09,-90.00000656958954,-0.741398573,7.52962005e-08,0.7413985730000038,179.9999941810591,0.74142482,-6.04052434e-08,0.7414248200000024,-4.667992511068707e-06
72.443596,1.34614542e-15,1.15326908e-08,1.1532690800000077e-08,89.99999331218946,-1.16622247e-15,-9.93952889e-09,9.939528890000068e-09,-90.00000672261494,-0.741398573,7.70500743e-08,0.741398573000004,179.99999404551852,0.74142482,-6.18122623e-08,0.7414248200000024,-4.776724027050514e-06
74.1310241,1.40165657e-15,1.18013217e-08,1.1801321700000084e-08,89.99999319491428,-1.22118484e-15,-1.01710503e-08,1.0171050300000073e-08,-90.00000687920473,-0.741398573,7.88448011e-08,0.7413985730000041,179.99999390682083,0.74142482,-6.32520548e-08,0.7414248200000026,-4.887988219183425e-06
75.8577575,1.47104551e-15,1.20762098e-08,1.2076209800000088e-08,89.99999302059997,-1.27873751e-15,-1.04079645e-08,1.0407964500000078e-08,-90.000007039442,-0.741398573,8.06813325e-08,0.7413985730000043,179.99999376489245,0.74142482,-6.47253844e-08,0.7414248200000028,-5.0018440891712915e-06
77.6247117,1.54043445e-15,1.23575008e-08,1.2357500800000096e-08,89.99999285774737,-1.33900255e-15,-1.06503971e-08,1.0650397100000083e-08,-90.00000720341168,-0.741398573,8.25606421e-08,0.7413985730000047,179.99999361965814,0.74142482,-6.62330323e-08,0.741424820000003,-5.118352006537426e-06
79.4328235,1.60982339e-15,1.2645344e-08,1.2645344000000101e-08,89.99999270592512,-1.4021078e-15,-1.08984767e-08,1.089847670000009e-08,-90.00000737120074,-0.741398573,8.44837265e-08,0.7413985730000048,179.9999934710409,0.74142482,-6.77757978e-08,0.7414248200000031,-5.237573739535776e-06
81.2830516,1.69309011e-15,1.29398919e-08,1.293989190000011e-08,89.99999250326677,-1.4681871e-15,-1.11523348e-08,1.1152334800000096e-08,-90.00000754289805,-0.741398573,8.64516053e-08,0.7413985730000049,179.99999331896188,0.74142482,-6.9354499e-08,0.7414248200000031,-5.359572509245478e-06
83.1763771,1.77635684e-15,1.32413007e-08,1.3241300700000118e-08,89.99999231361389,-1.53738063e-15,-1.14121061e-08,1.1412106100000105e-08,-90.00000771859469,-0.741398573,8.84653219e-08,0.7413985730000052,179.99999316334055,0.74142482,-7.09699728e-08,0.7414248200000033,-5.484412989570861e-06
85.1138038,1.84574578e-15,1.35497302e-08,1.3549730200000126e-08,89.99999219516245,-1.60983515e-15,-1.16779282e-08,1.1677928200000112e-08,-90.00000789838388,-0.741398573,9.05259439e-08,0.7413985730000054,179.99999300409428,0.74142482,-7.26230758e-08,0.7414248200000034,-5.612161376791583e-06
87.096359,1.95676808e-15,1.3865344e-08,1.3865344000000138e-08,89.99999191404466,-1.68570434e-15,-1.19499421e-08,1.1949942100000118e-08,-90.00000808236085,-0.741398573,9.2634564e-08,0.7413985730000058,179.9999928411387,0.74142482,-7.43146845e-08,0.7414248200000036,-5.742885405018221e-06
89.1250938,2.04003481e-15,1.41883093e-08,1.4188309300000146e-08,89.99999176185251,-1.76514914e-15,-1.2228292e-08,1.2228292000000128e-08,-90.00000827062324,-0.741398573,9.47923002e-08,0.7413985730000061,179.9999926743874,0.74142482,-7.60456959e-08,0.7414248200000038,-5.876654392559037e-06
91.2010839,2.13717932e-15,1.45187975e-08,1.4518797500000158e-08,89.99999156601261,-1.84833805e-15,-1.25131255e-08,1.2513125500000135e-08,-90.00000846327079,-0.741398573,9.70002965e-08,0.7413985730000062,179.99999250375197,0.74142482,-7.78170277e-08,0.7414248200000041,-6.013539257375554e-06
93.3254301,2.23432384e-15,1.48569838e-08,1.4856983800000169e-08,89.99999138335697,-1.93544754e-15,-1.28045936e-08,1.2804593600000146e-08,-90.00000866040571,-0.741398573,9.92597237e-08,0.7413985730000066,179.99999232914192,0.74142482,-7.96296191e-08,0.7414248200000043,-6.153612578904913e-06
95.4992586,2.34534614e-15,1.52030474e-08,1.5203047400000178e-08,89.99999116108556,-2.02666237e-15,-1.31028509e-08,1.3102850900000158e-08,-90.00000886213246,-0.741398573,1.0157178e-07,0.7413985730000069,179.99999215046466,0.74142482,-8.14844312e-08,0.7414248200000044,-6.296948628971049e-06
97.7237221,2.44249065e-15,1.55571718e-08,1.555717180000019e-08,89.99999100450857,-2.12217603e-15,-1.34080555e-08,1.3408055500000167e-08,-90.00000906855807,-0.741398573,1.0393769e-07,0.7413985730000072,179.99999196762553,0.74142482,-8.33824475e-08,0.7414248200000046,-6.443623410423652e-06
100.0,2.58126853e-15,1.59195449e-08,1.5919544900000207e-08,89.99999070979771,-2.2221911e-15,-1.37203693e-08,1.372036930000018e-08,-90.00000927979187,-0.741398573,1.0635871e-07,0.7413985730000076,179.9999917805275,0.74142482,-8.53246742e-08,0.7414248200000049,-6.59371468032155e-06
102.329299,2.67841305e-15,1.62903588e-08,1.6290358800000223e-08,89.99999057959586,-2.32691974e-15,-1.40399577e-08,1.4039957700000194e-08,-90.00000949594602,-0.741398573,1.08836123e-07,0.7413985730000079,179.99999158907133,0.74142482,-8.73121412e-08,0.7414248200000051,-6.747302027210646e-06
104.712855,2.80331314e-15,1.666981e-08,1.666981000000023e-08,89.99999036473652,-2.43658409e-15,-1.43669904e-08,1.4366990400000208e-08,-90.00000971713497,-0.741398573,1.11371242e-07,0.7413985730000084,179.99999139315565,0.74142482,-8.93459022e-08,0.7414248200000052,-6.904466878851712e-06
107.151931,2.94209102e-15,1.70580997e-08,1.7058099700000255e-08,89.9999901179263,-2.55141676e-15,-1.47016406e-08,1.4701640600000221e-08,-90.00000994347612,-0.741398573,1.13965411e-07,0.7413985730000088,179.9999911926765,0.74142482,-9.14270356e-08,0.7414248200000055,-7.065292571770528e-06
109.64782,3.08086889e-15,1.74554339e-08,1.7455433900000272e-08,89.9999898873448,-2.67166133e-15,-1.50440858e-08,1.5044085800000238e-08,-90.00001017508943,-0.741398573,1.16620007e-07,0.7413985730000091,179.99999098752755,0.74142482,-9.35566448e-08,0.7414248200000059,-7.22986437444127e-06
112.201845,3.23352456e-15,1.78620232e-08,1.7862023200000293e-08,89.99998962786533,-2.79757285e-15,-1.53945075e-08,1.539450750000025e-08,-90.00001041209777,-0.741398573,1.19336436e-07,0.7413985730000096,179.99999077760012,0.74142482,-9.5735859e-08,0.7414248200000061,-7.398269549108847e-06
114.815362,3.38618023e-15,1.82780831e-08,1.8278083100000313e-08,89.99998938543858,-2.9294184e-15,-1.57530917e-08,1.575309170000027e-08,-90.00001065462666,-0.741398573,1.22116138e-07,0.74139857300001,179.99999056278287,0.74142482,-9.79658337e-08,0.7414248200000064,-7.570597390427876e-06
117.489755,3.55271368e-15,1.87038344e-08,1.8703834400000338e-08,89.99998911691073,-3.06747763e-15,-1.61200283e-08,1.612002830000029e-08,-90.0000109028048,-0.741398573,1.24960589e-07,0.7413985730000106,179.99999034296178,0.74142482,-1.00247751e-07,0.7414248200000068,-7.746939248646063e-06
120.226443,3.70536934e-15,1.91395027e-08,1.9139502700000357e-08,89.999988907652,-3.2120434e-15,-1.6495512e-08,1.6495512000000312e-08,-90.00001115676376,-0.741398573,1.27871295e-07,0.741398573000011,179.99999011802046,0.74142482,-1.02582821e-07,0.7414248200000071,-7.927388637793316e-06
123.026877,3.85802501e-15,1.9585319e-08,1.9585319000000376e-08,89.99998871355885,-3.36342234e-15,-1.68797419e-08,1.6879741900000333e-08,-90.00001141663813,-0.741398573,1.308498e-07,0.7413985730000116,179.9999898878396,0.74142482,-1.04972282e-07,0.7414248200000074,-8.112041251137317e-06
125.892541,4.03843625e-15,2.00415196e-08,2.0041519600000404e-08,89.99998845470017,-3.52193555e-15,-1.72729215e-08,1.7272921500000356e-08,-90.00001168256584,-0.741398573,1.33897683e-07,0.741398573000012,179.99998965229716,0.74142482,-1.07417401e-07,0.7414248200000078,-8.300994999822511e-06
128.824955,4.24660307e-15,2.05083466e-08,2.0508346600000435e-08,89.9999881359313,-3.68791926e-15,-1.76752596e-08,1.7675259600000385e-08,-90.00001195468772,-0.741398573,1.37016561e-07,0.7413985730000127,179.99998941126816,0.74142482,-1.09919473e-07,0.7414248200000081,-8.494349958775538e-06
131.825674,4.4408921e-15,2.09860474e-08,2.098604740000047e-08,89.99998787554561,-3.86172554e-15,-1.80869693e-08,1.808696930000041e-08,-90.00001223314815,-0.741398573,1.40208086e-07,0.7413985730000132,179.999989164625,0.74142482,-1.12479827e-07,0.7414248200000085,-8.69220883037284e-06
134.896288,4.6629367e-15,2.14748752e-08,2.1474875200000505e-08,89.99998755910848,-4.04372306e-15,-1.85082689e-08,1.850826890000044e-08,-90.0000125180948,-0.741398573,1.43473952e-07,0.7413985730000139,179.99998891223666,0.74142482,-1.15099818e-07,0.7414248200000089,-8.894676326217203e-06
138.038426,4.88498131e-15,2.19750893e-08,2.1975089300000543e-08,89.99998726335951,-4.23429786e-15,-1.89393819e-08,1.893938190000047e-08,-90.0000128096787,-0.741398573,1.4681589e-07,0.7413985730000144,179.99998865396944,0.74142482,-1.17780838e-07,0.7414248200000094,-9.101860017195015e-06
141.253754,5.10702591e-15,2.24869549e-08,2.2486954900000578e-08,89.99998698752091,-4.43385417e-15,-1.93805367e-08,1.9380536700000506e-08,-90.00001310805449,-0.741398573,1.50235671e-07,0.7413985730000151,179.99998838968648,0.74142482,-1.20524306e-07,0.7414248200000096,-9.313869560696935e-06
144.543977,5.35682609e-15,2.30107434e-08,2.3010743400000623e-08,89.99998666172922,-4.64281528e-15,-1.98319674e-08,1.9831967400000544e-08,-90.00001341338029,-0.741398573,1.5373511e-07,0.741398573000016,179.9999881192475,0.74142482,-1.23331677e-07,0.7414248200000102,-9.530817396119301e-06
147.910839,5.60662627e-15,2.35467324e-08,2.3546732400000665e-08,89.99998635751164,-4.86162442e-15,-2.02939133e-08,2.0293913300000582e-08,-90.00001372581802,-0.741398573,1.5731606e-07,0.7413985730000167,179.99998784250926,0.74142482,-1.26204441e-07,0.7414248200000106,-9.752818667586199e-06
151.356125,5.85642645e-15,2.40952063e-08,2.409520630000071e-08,89.99998607405496,-5.09074572e-15,-2.07666193e-08,2.076661930000062e-08,-90.00001404553338,-0.741398573,1.60980422e-07,0.7413985730000174,179.99998755932492,0.74142482,-1.2914412e-07,0.7414248200000112,-9.979990992115654e-06
154.881662,6.13398221e-15,2.46564557e-08,2.465645570000076e-08,89.99998574607412,-5.33066517e-15,-2.1250336e-08,2.1250336000000665e-08,-90.00001437269586,-0.741398573,1.64730138e-07,0.7413985730000183,179.99998726954436,0.74142482,-1.32152273e-07,0.7414248200000116,-1.0212454846009311e-05
158.489319,6.43929354e-15,2.52307784e-08,2.523077840000082e-08,89.99998537721125,-5.58189168e-15,-2.17453199e-08,2.1745319900000716e-08,-90.00001470747897,-0.741398573,1.68567196e-07,0.7413985730000191,179.9999869730139,0.74142482,-1.35230495e-07,0.7414248200000123,-1.04503334875745e-05
162.18101,6.73072709e-15,2.58184787e-08,2.5818478700000876e-08,89.99998506332385,-5.84495813e-15,-2.22518334e-08,2.2251833400000764e-08,-90.00001505006021,-0.741398573,1.7249363e-07,0.7413985730000201,179.9999866695765,0.74142482,-1.38380418e-07,0.7414248200000129,-1.0693753034402162e-05
165.958691,7.04991621e-15,2.64198683e-08,2.641986830000094e-08,89.99998471111059,-6.12042252e-15,-2.27701452e-08,2.2770145200000822e-08,-90.00001540062114,-0.741398573,1.76511523e-07,0.7413985730000209,179.99998635907102,0.74142482,-1.41603712e-07,0.7414248200000135,-1.0942842540644796e-05
169.824365,7.41073869e-15,2.70352661e-08,2.7035266100001016e-08,89.99998429443792,-6.40886915e-15,-2.330053e-08,2.330053000000088e-08,-90.00001575934769,-0.741398573,1.80623004e-07,0.7413985730000219,179.999986041333,0.74142482,-1.44902086e-07,0.7414248200000142,-1.1197734074294394e-05
173.780083,7.72992781e-15,2.76649984e-08,2.766499840000108e-08,89.99998399088143,-6.71090985e-15,-2.38432691e-08,2.384326910000094e-08,-90.00001612643005,-0.741398573,1.84830255e-07,0.7413985730000231,179.9999857161938,0.74142482,-1.4827729e-07,0.7414248200000148,-1.1458562871738301e-05
177.827941,8.09075029e-15,2.83093989e-08,2.8309398900001157e-08,89.99998362501987,-7.02718529e-15,-2.43986502e-08,2.4398650200001012e-08,-90.00001650206285,-0.741398573,1.89135504e-07,0.741398573000024,179.9999853834813,0.74142482,-1.51731111e-07,0.7414248200000154,-1.1725467028647489e-05
181.970086,8.47932835e-15,2.89688096e-08,2.896880960000124e-08,89.99998322921327,-7.35836633e-15,-2.49669678e-08,2.4966967800001083e-08,-90.00001688644525,-0.741398573,1.93541036e-07,0.7413985730000252,179.9999850430188,0.74142482,-1.55265383e-07,0.7414248200000163,-1.1998588272755894e-05
186.208714,8.8817842e-15,2.96435798e-08,2.964357980000133e-08,89.9999828330872,-7.70515545e-15,-2.55485231e-08,2.5548523100001163e-08,-90.00001727978115,-0.741398573,1.98049186e-07,0.7413985730000263,179.99998469462594,0.74142482,-1.58881978e-07,0.741424820000017,-1.2278071268359019e-05
190.546072,9.29811783e-15,3.03340675e-08,3.033406750000142e-08,89.99998243747203,-8.06828824e-15,-2.61436247e-08,2.614362470000124e-08,-90.00001768227892,-0.741398573,2.02662344e-07,0.7413985730000276,179.999984338118,0.74142482,-1.62582815e-07,0.7414248200000177,-1.256406431181533e-05
194.98446,9.72832925e-15,3.10406387e-08,3.1040638700001524e-08,89.9999820431463,-8.44853495e-15,-2.6752588e-08,2.675258800000133e-08,-90.00001809415208,-0.741398573,2.07382957e-07,0.741398573000029,179.99998397330586,0.74142482,-1.66369855e-07,0.7414248200000186,-1.2856718945156594e-05
199.526231,1.02140518e-14,3.1763668e-08,3.176366800000164e-08,89.99998157574056,-8.84670213e-15,-2.73757358e-08,2.737573580000143e-08,-90.00001851561903,-0.741398573,2.12213526e-07,0.7413985730000303,179.99998359999623,0.74142482,-1.70245107e-07,0.7414248200000194,-1.3156190419755487e-05
204.173794,1.06720188e-14,3.25035389e-08,3.250353890000175e-08,89.99998118784426,-9.26363436e-15,-2.80133986e-08,2.8013398600001527e-08,-90.00001894690321,-0.741398573,2.17156614e-07,0.7413985730000318,179.9999832179911,0.74142482,-1.74210625e-07,0.7414248200000204,-1.346263746449179e-05
208.929613,1.11716192e-14,3.32606436e-08,3.3260643600001874e-08,89.99998075543462,-9.70021599e-15,-2.86659145e-08,2.8665914500001642e-08,-90.00001938823324,-0.741398573,2.22214842e-07,0.7413985730000333,179.9999828270878,0.74142482,-1.78268512e-07,0.7414248200000214,-1.3776222594864134e-05
213.796209,1.17267307e-14,3.40353835e-08,3.403538350000202e-08,89.99998025900967,-1.01573731e-14,-2.93336294e-08,2.933362940000176e-08,-90.00001983984326,-0.741398573,2.2739089e-07,0.7413985730000349,179.99998242707935,0.74142482,-1.82420919e-07,0.7414248200000224,-1.4097112035712048e-05
218.776162,1.22540866e-14,3.48281694e-08,3.4828169400002154e-08,89.9999798408169,-1.06360753e-14,-3.00168974e-08,3.001689740000188e-08,-90.0000203019725,-0.741398573,2.32687505e-07,0.7413985730000365,179.99998201775338,0.74142482,-1.86670048e-07,0.7414248200000234,-1.4425475953049789e-05
223.872114,1.28369537e-14,3.56394217e-08,3.563942170000231e-08,89.99997936264862,-1.11373381e-14,-3.07160807e-08,3.071608070000202e-08,-90.00002077486624,-0.741398573,2.38107493e-07,0.7413985730000382,179.99998159889307,0.74142482,-1.91018152e-07,0.7414248200000245,-1.4761488454066326e-05
229.086765,1.34475764e-14,3.64695705e-08,3.6469570500002474e-08,89.99997887308893,-1.16622247e-14,-3.14315502e-08,3.143155020000216e-08,-90.00002125877505,-0.741398573,2.43653729e-07,0.74139857300004,179.99998117027624,0.74142482,-1.95467536e-07,0.7414248200000256,-1.510532766440328e-05
234.422882,1.40720768e-14,3.73190559e-08,3.7319055900002655e-08,89.99997839520346,-1.22118484e-14,-3.2163685e-08,3.2163685000002314e-08,-90.00002175395555,-0.741398573,2.49329153e-07,0.7413985730000419,179.99998073167566,0.74142482,-2.0002056e-07,0.741424820000027,-1.5457175959988735e-05
239.883292,1.47382107e-14,3.81883284e-08,3.818832840000284e-08,89.99997788755607,-1.27873751e-14,-3.29128735e-08,3.2912873500002484e-08,-90.00002226067026,-0.741398573,2.55136775e-07,0.7413985730000437,179.99998028285873,0.74142482,-2.04679637e-07,0.7414248200000282,-1.5817219812481366e-05
245.470892,1.54321e-14,3.90778488e-08,3.907784880000304e-08,89.99997737351912,-1.33900255e-14,-3.36795128e-08,3.367951280000266e-08,-90.00002277918786,-0.741398573,2.61079674e-07,0.741398573000046,179.9999798235875,0.74142482,-2.09447238e-07,0.7414248200000294,-1.61856501756601e-05
251.188643,1.61676228e-14,3.99880889e-08,3.9988088900003266e-08,89.99997683468811,-1.4021078e-14,-3.44640094e-08,3.446400940000285e-08,-90.00002330978339,-0.741398573,2.67161001e-07,0.7413985730000481,179.99997935361847,0.74142482,-2.14325891e-07,0.741424820000031,-1.6562662408146213e-05
257.039578,1.69170233e-14,4.09195311e-08,4.09195311000035e-08,89.99997631267976,-1.4681871e-14,-3.52667793e-08,3.5266779300003055e-08,-90.00002385273793,-0.741398573,2.7338398e-07,0.7413985730000504,179.99997887270246,0.74142482,-2.19318183e-07,0.7414248200000324,-1.6948456427959177e-05
263.026799,1.77080572e-14,4.18726694e-08,4.1872669400003737e-08,89.99997576947075,-1.53738063e-14,-3.60882482e-08,3.608824820000327e-08,-90.00002440833957,-0.741398573,2.79751911e-07,0.7413985730000526,179.9999783805845,0.74142482,-2.24426759e-07,0.7414248200000338,-1.7343236635238717e-05
269.15348,1.85684801e-14,4.28480092e-08,4.284800920000402e-08,89.99997517047906,-1.60983515e-14,-3.69288514e-08,3.692885140000351e-08,-90.00002497688294,-0.741398573,2.8626817e-07,0.7413985730000552,179.9999778770036,0.74142482,-2.2965433e-07,0.7414248200000355,-1.7747212530468333e-05
275.42287,1.94289029e-14,4.38460676e-08,4.3846067600004304e-08,89.99997461131186,-1.68570434e-14,-3.77890349e-08,3.778903490000376e-08,-90.00002555866918,-0.741398573,2.92936212e-07,0.7413985730000577,179.99997736169286,0.74142482,-2.35003667e-07,0.7414248200000372,-1.816059825080764e-05
281.838293,2.03448369e-14,4.48673737e-08,4.4867373700004615e-08,89.9999740195783,-1.76514914e-14,-3.86692546e-08,3.866925460000403e-08,-90.0000261540071,-0.741398573,2.99759573e-07,0.7413985730000606,179.99997683437894,0.74142482,-2.40477605e-07,0.741424820000039,-1.8583612879204152e-05
288.40315,2.13162821e-14,4.59124691e-08,4.591246910000494e-08,89.9999733986644,-1.84833805e-14,-3.95699772e-08,3.956997720000432e-08,-90.00002676321213,-0.741398573,3.06741871e-07,0.7413985730000634,179.99997629478227,0.74142482,-2.46079048e-07,0.7414248200000408,-1.9016480830782927e-05
295.120923,2.23293606e-14,4.69819078e-08,4.69819078000053e-08,89.99997276870648,-1.93544754e-14,-4.04916804e-08,4.049168040000462e-08,-90.00002738660743,-0.741398573,3.13886807e-07,0.7413985730000664,179.9999757426168,0.74142482,-2.51810966e-07,0.7414248200000426,-1.9459431621012787e-05
301.995172,2.33563169e-14,4.80762571e-08,4.807625710000567e-08,89.99997216467204,-2.02666237e-14,-4.14348528e-08,4.143485280000495e-08,-90.00002802452343,-0.741398573,3.2119817e-07,0.7413985730000695,179.99997517758976,0.74142482,-2.57676397e-07,0.7414248200000447,-1.9912700020262166e-05
309.029543,2.44665399e-14,4.91960969e-08,4.919609690000608e-08,89.99997150527047,-2.12217603e-14,-4.23999945e-08,4.239999450000531e-08,-90.00002867729852,-0.741398573,3.28679836e-07,0.7413985730000727,179.9999745994016,0.74142482,-2.63678451e-07,0.741424820000047,-2.0376526362910865e-05
316.227766,2.56183963e-14,5.03420213e-08,5.0342021300006515e-08,89.99997084292708,-2.2221911e-14,-4.33876173e-08,4.338761730000569e-08,-90.00002934527849,-0.741398573,3.36335773e-07,0.7413985730000763,179.99997400774564,0.74142482,-2.69820311e-07,0.7414248200000491,-2.0851156624627995e-05
323.593657,2.68257638e-14,5.15146376e-08,5.1514637600006973e-08,89.99997016376084,-2.32691974e-14,-4.43982447e-08,4.4398244700006096e-08,-90.00003002881786,-0.741398573,3.4417004e-07,0.7413985730000798,179.99997340230823,0.74142482,-2.76105233e-07,0.7414248200000514,-2.1336842422371956e-05
331.131121,2.80747647e-14,5.27145676e-08,5.2714567600007465e-08,89.99996948536996,-2.43658409e-14,-4.54324127e-08,4.543241270000652e-08,-90.00003072827889,-0.741398573,3.5218679e-07,0.7413985730000836,179.99997278276842,0.74142482,-2.82536551e-07,0.7414248200000538,-2.1833841400780134e-05
338.844156,2.94070324e-14,5.39424476e-08,5.394244760000801e-08,89.99996876487963,-2.55141676e-14,-4.64906695e-08,4.6490669500007e-08,-90.00003144403247,-0.741398573,3.60390274e-07,0.7413985730000876,179.99997214879767,0.74142482,-2.89117672e-07,0.7414248200000563,-2.2342416845779208e-05
346.73685,3.07948111e-14,5.51989287e-08,5.519892870000859e-08,89.99996803538133,-2.67166133e-14,-4.75735763e-08,4.75735763000075e-08,-90.00003217645812,-0.741398573,3.68784842e-07,0.7413985730000917,179.9999715000598,0.74142482,-2.95852088e-07,0.7414248200000589,-2.2862838611920394e-05
354.813389,3.22519789e-14,5.64846769e-08,5.64846769000092e-08,89.99996728489259,-2.79757285e-14,-4.86817073e-08,4.8681707300008033e-08,-90.00003292594407,-0.741398573,3.77374944e-07,0.7413985730000959,179.99997083621096,0.74142482,-3.02743368e-07,0.7414248200000617,-2.339538250415596e-05
363.078055,3.37646577e-14,5.7800374e-08,5.780037400000986e-08,89.99996653010615,-2.9294184e-14,-4.98156499e-08,4.98156499000086e-08,-90.0000336928879,-0.741398573,3.86165136e-07,0.7413985730001006,179.999970156899,0.74142482,-3.09795167e-07,0.7414248200000647,-2.394033097334061e-05
371.535229,3.53606033e-14,5.91467177e-08,5.914671770001057e-08,89.9999657459719,-3.06747763e-14,-5.09760054e-08,5.097600540000922e-08,-90.00003447769603,-0.741398573,3.95160078e-07,0.7413985730001053,179.99996946176384,0.74142482,-3.17011224e-07,0.7414248200000676,-2.4497972961675663e-05
380.189396,3.70398157e-14,6.05244217e-08,6.052442170001133e-08,89.99996493605303,-3.2120434e-14,-5.21633891e-08,5.216338910000989e-08,-90.00003528078479,-0.741398573,4.04364538e-07,0.7413985730001103,179.999968750437,0.74142482,-3.24395364e-07,0.7414248200000709,-2.5068604057264896e-05
389.045145,3.87606613e-14,6.19342166e-08,6.193421660001213e-08,89.99996414223953,-3.36342234e-14,-5.33784306e-08,5.337843060001059e-08,-90.00003610257976,-0.741398573,4.13783398e-07,0.7413985730001154,179.99996802254117,0.74142482,-3.31951502e-07,0.7414248200000743,-2.56525268032263e-05
398.107171,4.05925293e-14,6.33768498e-08,6.337684980001299e-08,89.99996330236331,-3.52193555e-14,-5.46217739e-08,5.462177390001135e-08,-90.0000369435169,-0.741398573,4.23421652e-07,0.7413985730001208,179.99996727769044,0.74142482,-3.39683646e-07,0.7414248200000777,-2.6250050929525867e-05
407.380278,4.24937863e-14,6.48530863e-08,6.485308630001392e-08,89.99996245799932,-3.68791926e-14,-5.58940785e-08,5.589407850001216e-08,-90.00003780404194,-0.741398573,4.33284409e-07,0.7413985730001266,179.99996651548997,0.74142482,-3.47595895e-07,0.7414248200000815,-2.6861493198421728e-05
416.869383,4.45338211e-14,6.63637087e-08,6.636370870001494e-08,89.99996155127486,-3.86172554e-14,-5.71960188e-08,5.719601880001303e-08,-90.00003868461123,-0.741398573,4.43376899e-07,0.7413985730001326,179.99996573553554,0.74142482,-3.55692443e-07,0.7414248200000852,-2.748717771357592e-05
426.579519,4.66016115e-14,6.79095181e-08,6.790951810001599e-08,89.99996068186417,-4.04372306e-14,-5.85282853e-08,5.852828530001397e-08,-90.00003958569155,-0.741398573,4.53704474e-07,0.7413985730001388,179.9999649374136,0.74142482,-3.63977585e-07,0.7414248200000892,-2.812743638372196e-05
436.515832,4.88081797e-14,6.9491334e-08,6.949133400001714e-08,89.99995975753318,-4.23429786e-14,-5.98915842e-08,5.989158420001495e-08,-90.00004050776079,-0.741398573,4.64272609e-07,0.7413985730001453,179.99996412070107,0.74142482,-3.72455712e-07,0.7414248200000935,-2.878260853627519e-05
446.683592,5.11118925e-14,7.11099951e-08,7.110999510001835e-08,89.99995881738258,-4.43385417e-14,-6.12866384e-08,6.128663840001603e-08,-90.00004145130775,-0.741398573,4.75086907e-07,0.7413985730001521,179.99996328496485,0.74142482,-3.8113132e-07,0.7414248200000979,-2.9453041612834188e-05
457.08819,5.35127498e-14,7.27663597e-08,7.276635970001968e-08,89.9999578643933,-4.64281528e-14,-6.27141876e-08,6.271418760001718e-08,-90.00004241683274,-0.741398573,4.86153103e-07,0.7413985730001593,179.99996242976178,0.74142482,-3.90009009e-07,0.7414248200001026,-3.0139091091902857e-05
467.735141,5.60385072e-14,7.44613059e-08,7.446130590002108e-08,89.99995688002092,-4.86162442e-14,-6.41749886e-08,6.417498860001841e-08,-90.00004340484773,-0.741398573,4.97477063e-07,0.741398573000167,179.99996155463856,0.74142482,-3.99093485e-07,0.7414248200001073,-3.084112064344625e-05
478.630092,5.86891646e-14,7.61957325e-08,7.61957325000226e-08,89.99995586837578,-5.09074572e-14,-6.56698162e-08,6.566981620001974e-08,-90.00004441587646,-0.741398573,5.09064793e-07,0.7413985730001746,179.999960659131,0.74142482,-4.08389567e-07,0.7414248200001125,-3.155950266983616e-05
489.778819,6.14647222e-14,7.79705591e-08,7.797055910002422e-08,89.9999548333472,-5.33066517e-14,-6.71994627e-08,6.719946270002115e-08,-90.0000454504551,-0.741398573,5.20922435e-07,0.7413985730001829,179.99995974276447,0.74142482,-4.17902182e-07,0.7414248200001177,-3.229461791946143e-05
501.187234,6.43374243e-14,7.97867268e-08,7.978672680002594e-08,89.99995379854488,-5.58189168e-14,-6.87647392e-08,6.876473920002266e-08,-90.00004650913226,-0.741398573,5.33056277e-07,0.7413985730001916,179.999958805053,0.74142482,-4.27636374e-07,0.7414248200001233,-3.3046856182229364e-05
512.861384,6.7362782e-14,8.16451984e-08,8.164519840002779e-08,89.99995272712688,-5.84495813e-14,-7.03664758e-08,7.036647580002426e-08,-90.00004759246906,-0.741398573,5.45472753e-07,0.7413985730002007,179.9999578454994,0.74142482,-4.37597305e-07,0.7414248200001291,-3.3816616366843676e-05
524.80746,7.05546732e-14,8.35469594e-08,8.35469594000298e-08,89.99995161421758,-6.12042252e-14,-7.20055216e-08,7.200552160002602e-08,-90.00004870104006,-0.741398573,5.58178446e-07,0.7413985730002101,179.99995686359492,0.74142482,-4.47790256e-07,0.7414248200001351,-3.4604306578082415e-05
537.031796,7.38714645e-14,8.5493018e-08,8.54930180000319e-08,89.99995049276255,-6.40886915e-14,-7.36827456e-08,7.368274560002786e-08,-90.00004983543309,-0.741398573,5.71180092e-07,0.7413985730002199,179.999955858819,0.74142482,-4.5822063e-07,0.7414248200001415,-3.541034434863178e-05
549.540874,7.73547892e-14,8.74844063e-08,8.748440630003419e-08,89.9999493383663,-6.71090985e-14,-7.53990372e-08,7.539903720002988e-08,-90.00005099624947,-0.741398573,5.84484585e-07,0.7413985730002303,179.99995483063884,0.74142482,-4.6889396e-07,0.7414248200001482,-3.62351572573096e-05
562.341325,8.10046474e-14,8.95221799e-08,8.952217990003663e-08,89.99994815559204,-7.02718529e-14,-7.71553064e-08,7.7155306400032e-08,-90.00005218410473,-0.741398573,5.9809898e-07,0.7413985730002411,179.99995377850925,0.74142482,-4.79815904e-07,0.7414248200001552,-3.707918254267566e-05
575.439937,8.48210391e-14,9.16074193e-08,9.160741930003926e-08,89.99994694875599,-7.35836633e-14,-7.89524844e-08,7.895248440003429e-08,-90.00005339962865,-0.741398573,6.12030495e-07,0.7413985730002526,179.99995270187242,0.74142482,-4.90992252e-07,0.7414248200001625,-3.794286764397723e-05
588.843655,8.8817842e-14,9.37412302e-08,9.374123020004206e-08,89.9999457134552,-7.70515545e-14,-8.0791524e-08,8.079152400003673e-08,-90.00005464346579,-0.741398573,6.26286517e-07,0.7413985730002646,179.99995160015746,0.74142482,-5.0242893e-07,0.7414248200001702,-3.882667051026086e-05
602.559586,9.29950561e-14,9.5924744e-08,9.592474400004507e-08,89.99994445412092,-8.06828824e-14,-8.26734004e-08,8.267340040003936e-08,-90.0000559162756,-0.741398573,6.40874604e-07,0.7413985730002769,179.9999504727803,0.74142482,-5.14132004e-07,0.7414248200001783,-3.973105990948406e-05
616.595002,9.7380437e-14,9.81591183e-08,9.81591183000483e-08,89.99994315873916,-8.44853495e-14,-8.45991112e-08,8.459911120004216e-08,-90.00005721873302,-0.741398573,6.55802491e-07,0.7413985730002901,179.99994931914318,0.74142482,-5.26107676e-07,0.7414248200001867,-4.0656515119403606e-05
630.957344,1.01973985e-13,1.00445538e-07,1.0044553800005176e-07,89.9999418323693,-8.84670213e-14,-8.65696777e-08,8.65696777000452e-08,-90.00005855152845,-0.741398573,6.71078093e-07,0.7413985730003038,179.9999481386344,0.74142482,-5.38362298e-07,0.7414248200001954,-4.1603527009466585e-05
645.654229,1.06775699e-13,1.02785215e-07,1.0278521500005546e-07,89.99994047979656,-9.26363436e-14,-8.85861445e-08,8.858614450004843e-08,-90.0000599153688,-0.741398573,6.8670951e-07,0.7413985730003181,179.999946930628,0.74142482,-5.50902367e-07,0.7414248200002046,-4.2572597654420784e-05
660.693448,1.11827214e-13,1.0517939e-07,1.0517939000005944e-07,89.99993908286218,-9.70021599e-14,-9.06495809e-08,9.06495809000519e-08,-90.00006131097696,-0.741398573,7.0270503e-07,0.7413985730003331,179.99994569448347,0.74142482,-5.63734532e-07,0.7414248200002144,-4.356424087526019e-05
676.082975,1.17073018e-13,1.07629333e-07,1.0762933300006365e-07,89.99993767693584,-1.01573731e-13,-9.27610809e-08,9.276108090005561e-08,-90.00006273909315,-0.741398573,7.19073132e-07,0.7413985730003487,179.99994442954556,0.74142482,-5.76865596e-07,0.7414248200002244,-4.457898239378087e-05
691.830971,1.22596377e-13,1.10136342e-07,1.1013634200006822e-07,89.99993622218736,-1.06360753e-13,-9.4921764e-08,9.492176400005958e-08,-90.00006420047411,-0.741398573,7.35822497e-07,0.7413985730003652,179.9999431351434,0.74142482,-5.90302522e-07,0.7414248200002349,-4.561736029624862e-05
707.945784,1.28383415e-13,1.12701747e-07,1.1270174700007312e-07,89.99993473190936,-1.11373381e-13,-9.71327759e-08,9.713277590006385e-08,-90.00006569589537,-0.741398573,7.52962005e-07,0.7413985730003823,179.9999418105907,0.74142482,-6.04052434e-07,0.7414248200002459,-4.6679925110676844e-05
724.43596,1.34420253e-13,1.15326908e-07,1.1532690800007833e-07,89.99993321841961,-1.16622247e-13,-9.93952889e-08,9.939528890006842e-08,-90.0000672261495,-0.741398573,7.70500743e-07,0.7413985730004004,179.99994045518525,0.74142482,-6.18122623e-07,0.7414248200002577,-4.7767240270494187e-05
741.310241,1.4077628e-13,1.18013217e-07,1.1801321700008397e-07,89.99993165268346,-1.22118484e-13,-1.01710503e-07,1.0171050300007331e-07,-90.00006879204732,-0.741398573,7.88448011e-07,0.7413985730004191,179.99993906820833,0.74142482,-6.32520548e-07,0.7414248200002698,-4.887988219182251e-05
758.577575,1.47395984e-13,1.20762098e-07,1.2076209800008994e-07,89.99993006772871,-1.27873751e-13,-1.04079645e-07,1.0407964500007855e-07,-90.00007039441999,-0.741398573,8.06813325e-07,0.7413985730004389,179.99993764892454,0.74142482,-6.47253844e-07,0.7414248200002825,-5.001844089170033e-05
776.247117,1.54348756e-13,1.23575008e-07,1.235750080000964e-07,89.99992843591569,-1.33900255e-13,-1.06503971e-07,1.0650397100008416e-07,-90.00007203411681,-0.741398573,8.25606421e-07,0.7413985730004596,179.99993619658147,0.74142482,-6.62330323e-07,0.7414248200002959,-5.118352006536078e-05
794.328235,1.61606839e-13,1.2645344e-07,1.264534400001033e-07,89.99992677629162,-1.4021078e-13,-1.08984767e-07,1.0898476700009019e-07,-90.00007371200726,-0.741398573,8.44837265e-07,0.7413985730004814,179.99993471040892,0.74142482,-6.77757978e-07,0.7414248200003096,-5.237573739534331e-05
812.830516,1.69225745e-13,1.29398919e-07,1.2939891900011065e-07,89.99992506953653,-1.4681871e-13,-1.11523348e-07,1.1152334800009663e-07,-90.00007542898045,-0.741398573,8.64516053e-07,0.741398573000504,179.999933189619,0.74142482,-6.9354499e-07,0.7414248200003243,-5.359572509243931e-05
831.763771,1.77205473e-13,1.32413007e-07,1.324130070001186e-07,89.99992332229334,-1.53738063e-13,-1.14121061e-07,1.1412106100010354e-07,-90.00007718594695,-0.741398573,8.84653219e-07,0.7413985730005278,179.99993163340525,0.74142482,-7.09699728e-07,0.7414248200003396,-5.484412989569203e-05
851.138038,1.85546023e-13,1.35497302e-07,1.3549730200012702e-07,89.99992154084349,-1.60983515e-13,-1.16779282e-07,1.1677928200011095e-07,-90.00007898383876,-0.741398573,9.05259439e-07,0.7413985730005527,179.99993004094276,0.74142482,-7.26230758e-07,0.7414248200003556,-5.612161376789806e-05
870.96359,1.94316785e-13,1.3865344e-07,1.3865344000013613e-07,89.999919702449,-1.68570434e-13,-1.19499421e-07,1.194994210001189e-07,-90.0000808236085,-0.741398573,9.2634564e-07,0.7413985730005787,179.99992841138697,0.74142482,-7.43146845e-07,0.7414248200003724,-5.7428854050163184e-05
891.250938,2.03462247e-13,1.41883093e-07,1.4188309300014587e-07,89.99991783708829,-1.76514914e-13,-1.2228292e-07,1.222829200001274e-07,-90.00008270623235,-0.741398573,9.47923002e-07,0.741398573000606,179.99992674387397,0.74142482,-7.60456959e-07,0.74142482000039,-5.876654392556997e-05
912.010839,2.13024043e-13,1.45187975e-07,1.4518797500015626e-07,89.99991593395666,-1.84833805e-13,-1.25131255e-07,1.2513125500013651e-07,-90.00008463270778,-0.741398573,9.70002965e-07,0.7413985730006345,179.99992503751957,0.74142482,-7.78170277e-07,0.7414248200004082,-6.013539257373367e-05
933.254301,2.23085439e-13,1.48569838e-07,1.4856983800016748e-07,89.99991396736849,-1.93544754e-13,-1.28045936e-07,1.2804593600014623e-07,-90.00008660405709,-0.741398573,9.92597237e-07,0.7413985730006645,179.9999232914191,0.74142482,-7.96296191e-07,0.7414248200004275,-6.153612578902571e-05
954.992586,2.33604802e-13,1.52030474e-07,1.5203047400017946e-07,89.99991196127411,-2.02666237e-13,-1.31028509e-07,1.3102850900015672e-07,-90.00008862132462,-0.741398573,1.0157178e-06,0.7413985730006957,179.99992150464644,0.74142482,-8.14844312e-07,0.7414248200004477,-6.29694862896854e-05
977.237221,2.44609888e-13,1.55571718e-07,1.555717180001923e-07,89.99990991219748,-2.12217603e-13,-1.34080555e-07,1.3408055500016795e-07,-90.0000906855807,-0.741398573,1.0393769e-06,0.7413985730007284,179.99991967625533,0.74142482,-8.33824475e-07,0.7414248200004688,-6.443623410420963e-05
1000.0,2.56156207e-13,1.59195449e-07,1.591954490002061e-07,89.9999078072291,-2.2221911e-13,-1.37203693e-07,1.3720369300017996e-07,-90.00009279791857,-0.741398573,1.0635871e-06,0.7413985730007628,179.9999178052748,0.74142482,-8.53246742e-07,0.7414248200004909,-6.593714680318667e-05
1023.29299,2.68202127e-13,1.62903588e-07,1.6290358800022076e-07,89.99990566905173,-2.32691974e-13,-1.40399577e-07,1.403995770001928e-07,-90.00009495946014,-0.741398573,1.08836123e-06,0.7413985730007988,179.9999158907134,0.74142482,-8.73121412e-07,0.7414248200005141,-6.747302027207559e-05
1047.12855,2.80844792e-13,1.666981e-07,1.6669810000023655e-07,89.99990347087773,-2.43658409e-13,-1.43669904e-07,1.4366990400020663e-07,-90.00009717134968,-0.741398573,1.11371242e-06,0.7413985730008364,179.99991393155642,0.74142482,-8.93459022e-07,0.7414248200005383,-6.904466878848404e-05
1071.51931,2.94084201e-13,1.70580997e-07,1.705809970002535e-07,89.99990122121552,-2.55141676e-13,-1.47016406e-07,1.4701640600022138e-07,-90.00009943476114,-0.741398573,1.13965411e-06,0.7413985730008757,179.99991192676518,0.74142482,-9.14270356e-07,0.7414248200005636,-7.065292571766984e-05
1096.4782,3.07934234e-13,1.74554339e-07,1.7455433900027163e-07,89.9998989235554,-2.67166133e-13,-1.50440858e-07,1.504408580002372e-07,-90.00010175089436,-0.741398573,1.16620007e-06,0.7413985730009172,179.9999098752756,0.74142482,-9.35566448e-07,0.7414248200005902,-7.229864374437472e-05
1122.01845,3.224504e-13,1.78620232e-07,1.7862023200029102e-07,89.99989656800456,-2.79757285e-13,-1.53945075e-07,1.539450750002542e-07,-90.00010412097768,-0.741398573,1.19336436e-06,0.7413985730009605,179.999907776001,0.74142482,-9.5735859e-07,0.741424820000618,-7.398269549104777e-05
1148.15362,3.37660455e-13,1.82780831e-07,1.8278083100031186e-07,89.9998941545518,-2.9294184e-13,-1.57530917e-07,1.5753091700027237e-07,-90.00010654626657,-0.741398573,1.22116138e-06,0.7413985730010056,179.99990562782864,0.74142482,-9.79658337e-07,0.7414248200006471,-7.570597390423514e-05
1174.89755,3.535644e-13,1.87038344e-07,1.8703834400033414e-07,89.99989169200565,-3.06747763e-13,-1.61200283e-07,1.6120028300029186e-07,-90.00010902804802,-0.741398573,1.24960589e-06,0.741398573001053,179.99990342961783,0.74142482,-1.00247751e-06,0.7414248200006776,-7.74693924864139e-05
1202.26443,3.70231623e-13,1.91395027e-07,1.9139502700035808e-07,89.99988916791742,-3.2120434e-13,-1.6495512e-07,1.649551200003127e-07,-90.00011156763757,-0.741398573,1.27871295e-06,0.7413985730011027,179.99990118020466,0.74142482,-1.02582821e-06,0.7414248200007095,-7.927388637788308e-05
1230.26877,3.8768988e-13,1.9585319e-07,1.958531900003837e-07,89.99988658344608,-3.36342234e-13,-1.68797419e-07,1.687974190003351e-07,-90.00011416638118,-0.741398573,1.308498e-06,0.7413985730011546,179.999898878396,0.74142482,-1.04972282e-06,0.7414248200007432,-8.112041251131952e-05
1258.92541,4.05939171e-13,2.00415196e-07,2.004151960004111e-07,89.99988394791562,-3.52193555e-13,-1.72729215e-07,1.7272921500035906e-07,-90.00011682565844,-0.741398573,1.33897683e-06,0.741398573001209,179.99989652297154,0.74142482,-1.07417401e-06,0.741424820000778,-8.30099499981676e-05
1288.24955,4.25076641e-13,2.05083466e-07,2.0508346600044054e-07,89.99988124299841,-3.68791926e-13,-1.76752596e-07,1.7675259600038475e-07,-90.00011954687714,-0.741398573,1.37016561e-06,0.7413985730012661,179.9998941126817,0.74142482,-1.09919473e-06,0.7414248200008148,-8.494349958769375e-05
1318.25674,4.45102288e-13,2.09860474e-07,2.0986047400047198e-07,89.99987847886709,-3.86172554e-13,-1.80869693e-07,1.8086969300041227e-07,-90.00012233148153,-0.741398573,1.40208086e-06,0.7413985730013257,179.99989164624975,0.74142482,-1.12479827e-06,0.7414248200008531,-8.69220883036624e-05
1348.96288,4.66099381e-13,2.14748752e-07,2.1474875200050585e-07,89.99987564292171,-4.04372306e-13,-1.85082689e-07,1.8508268900044175e-07,-90.0001251809481,-0.741398573,1.43473952e-06,0.7413985730013882,179.9998891223666,0.74142482,-1.15099818e-06,0.7414248200008934,-8.89467632621013e-05
1380.38426,4.88054042e-13,2.19750893e-07,2.1975089300054197e-07,89.99987274938273,-4.23429786e-13,-1.89393819e-07,1.893938190004733e-07,-90.00012809678682,-0.741398573,1.4681589e-06,0.7413985730014536,179.99988653969447,0.74142482,-1.17780838e-06,0.7414248200009355,-9.101860017187437e-05
1412.53754,5.11063414e-13,2.24869549e-07,2.2486954900058075e-07,89.99986978327294,-4.43385417e-13,-1.93805367e-07,1.9380536700050718e-07,-90.0001310805448,-0.741398573,1.50235671e-06,0.7413985730015221,179.99988389686473,0.74142482,-1.20524306e-06,0.7414248200009795,-9.313869560688813e-05
1445.43977,5.35141376e-13,2.30107434e-07,2.3010743400062227e-07,89.99986675205685,-4.64281528e-13,-1.98319674e-07,1.9831967400054345e-07,-90.00013413380289,-0.741398573,1.5373511e-06,0.7413985730015938,179.9998811924748,0.74142482,-1.23331677e-06,0.7414248200010258,-9.530817396110597e-05
1479.10839,5.60357316e-13,2.35467324e-07,2.3546732400066673e-07,89.99986364940715,-4.86162442e-13,-2.02939133e-07,2.0293913300058233e-07,-90.00013725818019,-0.741398573,1.5731606e-06,0.741398573001669,179.9998784250926,0.74142482,-1.26204441e-06,0.741424820001074,-9.752818667576873e-05
1513.56125,5.86766746e-13,2.40952063e-07,2.4095206300071444e-07,89.99986047325062,-5.09074572e-13,-2.07666193e-07,2.0766619300062396e-07,-90.00014045533368,-0.741398573,1.60980422e-06,0.7413985730017476,179.99987559324904,0.74142482,-1.2914412e-06,0.7414248200011248,-9.979990992105663e-05
1548.81662,6.14425177e-13,2.46564557e-07,2.465645570007656e-07,89.99985722210079,-5.33066517e-13,-2.1250336e-07,2.1250336000066856e-07,-90.0001437269586,-0.741398573,1.64730138e-06,0.74139857300183,179.99987269544332,0.74142482,-1.32152273e-06,0.7414248200011777,-0.00010212454845998606
1584.89319,6.43374243e-13,2.52307784e-07,2.523077840008203e-07,89.99985389817077,-5.58189168e-13,-2.17453199e-07,2.174531990007164e-07,-90.00014707478964,-0.741398573,1.68567196e-06,0.7413985730019163,179.99986973013915,0.74142482,-1.35230495e-06,0.7414248200012332,-0.00010450333487563028
1621.8101,6.73697209e-13,2.58184787e-07,2.5818478700087896e-07,89.99985049465077,-5.84495813e-13,-2.22518334e-07,2.2251833400076768e-07,-90.00015050060202,-0.741398573,1.7249363e-06,0.7413985730020066,179.99986669576458,0.74142482,-1.38380418e-06,0.7414248200012913,-0.00010693753034389868
1659.58691,7.05463465e-13,2.64198683e-07,2.6419868300094183e-07,89.99984700877883,-6.12042252e-13,-2.27701452e-07,2.2770145200082256e-07,-90.00015400621128,-0.741398573,1.76511523e-06,0.7413985730021011,179.99986359070988,0.74142482,-1.41603712e-06,0.7414248200013522,-0.00010942842540631625
1698.24365,7.38700767e-13,2.70352661e-07,2.703526610010092e-07,89.99984344731021,-6.40886915e-13,-2.330053e-07,2.3300530000088133e-07,-90.00015759347694,-0.741398573,1.80623004e-06,0.7413985730022002,179.99986041332977,0.74142482,-1.44902086e-06,0.741424820001416,-0.00011197734074280279
1737.80083,7.73520137e-13,2.76649984e-07,2.7664998400108137e-07,89.99983979959595,-6.71090985e-13,-2.38432691e-07,2.384326910009444e-07,-90.00016126430042,-0.741398573,1.84830255e-06,0.7413985730023039,179.99985716193797,0.74142482,-1.4827729e-06,0.7414248200014827,-0.00011458562871723177
1778.27941,8.09977085e-13,2.83093989e-07,2.8309398900115873e-07,89.99983606763027,-7.02718529e-13,-2.43986502e-07,2.4398650200101196e-07,-90.00016502062847,-0.741398573,1.89135504e-06,0.7413985730024124,179.9998538348126,0.74142482,-1.51731111e-06,0.7414248200015524,-0.00011725467028631282
1819.70086,8.48127124e-13,2.89688096e-07,2.896880960012415e-07,89.9998322537054,-7.35836633e-13,-2.49669678e-07,2.496696780010843e-07,-90.0001688644525,-0.741398573,1.93541036e-06,0.7413985730025262,179.9998504301879,0.74142482,-1.55265383e-06,0.7414248200016257,-0.0001199858827273853
1862.08714,8.88095153e-13,2.96435798e-07,2.964357980013303e-07,89.99982834696614,-7.70515545e-13,-2.55485231e-07,2.5548523100116184e-07,-90.00017279781146,-0.741398573,1.98049186e-06,0.7413985730026452,179.9998469462593,0.74142482,-1.58881978e-06,0.7414248200017023,-0.0001227807126834041
1905.46072,9.29964439e-13,3.03340675e-07,3.033406750014255e-07,89.9998243458862,-8.06828824e-13,-2.61436247e-07,2.614362470012449e-07,-90.00017682278926,-0.741398573,2.02662344e-06,0.7413985730027698,179.99984338117986,0.74142482,-1.62582815e-06,0.7414248200017826,-0.00012564064311795393
1949.8446,9.7380437e-13,3.10406387e-07,3.104063870015275e-07,89.9998202521507,-8.44853495e-13,-2.6752588e-07,2.67525880001334e-07,-90.00018094152075,-0.741398573,2.07382957e-06,0.7413985730029004,179.99983973305842,0.74142482,-1.66369855e-06,0.7414248200018666,-0.00012856718945135232
1995.26231,1.01967046e-12,3.1763668e-07,3.1763668000163663e-07,89.99981607031704,-8.84670213e-13,-2.73757358e-07,2.7375735800142946e-07,-90.00018515619028,-0.741398573,2.12213526e-06,0.7413985730030371,179.99983599996224,0.74142482,-1.70245107e-06,0.7414248200019544,-0.00013156190419732596
2041.73794,1.06774312e-12,3.25035389e-07,3.250353890017538e-07,89.99981178303517,-9.26363436e-13,-2.80133986e-07,2.8013398600153166e-07,-90.00018946903207,-0.741398573,2.17156614e-06,0.7413985730031802,179.99983217991067,0.74142482,-1.74210625e-06,0.7414248200020467,-0.00013462637464467265
2089.29613,1.11807785e-12,3.32606436e-07,3.326064360018792e-07,89.99980739656532,-9.70021599e-13,-2.86659145e-07,2.866591450016412e-07,-90.00019388233248,-0.741398573,2.22214842e-06,0.7413985730033302,179.9998282708781,0.74142482,-1.78268512e-06,0.7414248200021432,-0.00013776222594837854
2137.96209,1.17075794e-12,3.40353835e-07,3.403538350020136e-07,89.99980291249312,-1.01573731e-12,-2.93336294e-07,2.933362940017586e-07,-90.0001983984326,-0.741398573,2.2739089e-06,0.7413985730034871,179.99982427079345,0.74142482,-1.82420919e-06,0.7414248200022441,-0.00014097112035683885
2187.76162,1.22593602e-12,3.48281694e-07,3.482816940021576e-07,89.99979832141308,-1.06360753e-12,-3.00168974e-07,3.0016897400188434e-07,-90.0002030197249,-0.741398573,2.32687505e-06,0.7413985730036513,179.99982017753382,0.74142482,-1.86670048e-06,0.7414248200023499,-0.00014425475953019613
2238.72114,1.28372313e-12,3.56394217e-07,3.563942170023119e-07,89.9997936220233,-1.11373381e-12,-3.07160807e-07,3.0716080700201914e-07,-90.00020774866246,-0.741398573,2.38107493e-06,0.7413985730038235,179.99981598893072,0.74142482,-1.91018152e-06,0.7414248200024606,-0.00014761488454033989
2290.86765,1.3442164e-12,3.64695705e-07,3.646957050024773e-07,89.99978881592129,-1.16622247e-12,-3.14315502e-07,3.1431550200216355e-07,-90.00021258775045,-0.741398573,2.43653729e-06,0.7413985730040037,179.9998117027623,0.74142482,-1.95467536e-06,0.7414248200025766,-0.00015105327664368634
2344.22882,1.40756851e-12,3.73190559e-07,3.731905590026544e-07,89.99978389663657,-1.22118484e-12,-3.2163685e-07,3.216368500023183e-07,-90.00021753955536,-0.741398573,2.49329153e-06,0.7413985730041923,179.99980731675652,0.74142482,-2.0002056e-06,0.7414248200026979,-0.0001545717595995161
2398.83292,1.47389045e-12,3.81883284e-07,3.8188328400284426e-07,89.99977886515126,-1.27873751e-12,-3.29128735e-07,3.291287350024841e-07,-90.0002226067026,-0.741398573,2.55136775e-06,0.74139857300439,179.99980282858724,0.74142482,-2.04679637e-06,0.7414248200028252,-0.00015817219812441587
2454.70892,1.54336266e-12,3.90778488e-07,3.907784880030477e-07,89.99977371280818,-1.33900255e-12,-3.36795128e-07,3.367951280026617e-07,-90.00022779187849,-0.741398573,2.61079674e-06,0.7413985730045968,179.99979823587498,0.74142482,-2.09447238e-06,0.7414248200029584,-0.0001618565017561748
2511.88643,1.61608227e-12,3.99880889e-07,3.998808890032656e-07,89.99976844431438,-1.4021078e-12,-3.44640094e-07,3.4464009400285214e-07,-90.00023309783383,-0.741398573,2.67161001e-06,0.7413985730048135,179.99979353618465,0.74142482,-2.14325891e-06,0.7414248200030978,-0.00016562662408100542
2570.39578,1.69225745e-12,4.09195311e-07,4.091953110034992e-07,89.99976304906941,-1.4681871e-12,-3.52667793e-07,3.52667793003056e-07,-90.00023852737912,-0.741398573,2.7338398e-06,0.7413985730050403,179.9997887270247,0.74142482,-2.19318183e-06,0.7414248200032437,-0.00016948456427910236
2630.26799,1.77201309e-12,4.18726694e-07,4.1872669400374946e-07,89.99975752949895,-1.53738063e-12,-3.60882482e-07,3.6088248200327467e-07,-90.00024408339557,-0.741398573,2.79751911e-06,0.7413985730052778,179.99978380584488,0.74142482,-2.24426759e-06,0.7414248200033966,-0.00017343236635186278
2691.5348,1.85552962e-12,4.28480092e-07,4.2848009200401763e-07,89.99975188108394,-1.60983515e-12,-3.69288514e-07,3.692885140035089e-07,-90.00024976882928,-0.741398573,2.8626817e-06,0.7413985730055266,179.99977877003616,0.74142482,-2.2965433e-06,0.7414248200035566,-0.0001774721253041214
2754.2287,1.94297356e-12,4.38460676e-07,4.38460676004305e-07,89.99974610223725,-1.68570434e-12,-3.77890349e-07,3.7789034900375977e-07,-90.00025558669186,-0.741398573,2.92936212e-06,0.7413985730057872,179.99977361692854,0.74142482,-2.35003667e-06,0.7414248200037242,-0.00018160598250747432
2818.38293,2.03455308e-12,4.48673737e-07,4.486737370046129e-07,89.99974018692188,-1.76514914e-12,-3.86692546e-07,3.866925460040287e-07,-90.000261540071,-0.741398573,2.99759573e-06,0.7413985730060598,179.99976834378933,0.74142482,-2.40477605e-06,0.7414248200038999,-0.00018583612879139637
2884.0315,2.13042084e-12,4.59124691e-07,4.591246910049428e-07,89.99973413731584,-1.84833805e-12,-3.95699772e-07,3.956997720043168e-07,-90.0002676321213,-0.741398573,3.06741871e-06,0.7413985730063454,179.99976294782257,0.74142482,-2.46079048e-06,0.7414248200040836,-0.000190164808307138
2951.20923,2.23084051e-12,4.69819078e-07,4.698190780052964e-07,89.99972794262308,-1.93544754e-12,-4.04916804e-07,4.049168040046256e-07,-90.00027386607427,-0.741398573,3.13886807e-06,0.7413985730066446,179.99975742616806,0.74142482,-2.51810966e-06,0.7414248200042761,-0.00019459431620938715
3019.95172,2.33597863e-12,4.80762571e-07,4.807625710056751e-07,89.99972160537321,-2.02666237e-12,-4.14348528e-07,4.1434852800495637e-07,-90.00028024523428,-0.741398573,3.2119817e-06,0.7413985730069577,179.99975177589764,0.74142482,-2.57676397e-06,0.7414248200044776,-0.00019912700020182795
3090.29543,2.44605725e-12,4.91960969e-07,4.919609690060809e-07,89.99971512220338,-2.12217603e-12,-4.23999945e-07,4.2399994500531084e-07,-90.00028677298509,-0.741398573,3.28679836e-06,0.7413985730072856,179.9997459940159,0.74142482,-2.63678451e-06,0.7414248200046887,-0.0002037652636282582
3162.27766,2.56134003e-12,5.03420213e-07,5.034202130065159e-07,89.99970848613182,-2.2221911e-12,-4.33876173e-07,4.338761730056907e-07,-90.00029345278497,-0.741398573,3.36335773e-06,0.7413985730076288,179.99974007745638,0.74142482,-2.69820311e-06,0.7414248200049096,-0.00020851156624536864
3235.93657,2.68204903e-12,5.15146376e-07,5.151463760069819e-07,89.99970169626145,-2.32691974e-12,-4.43982447e-07,4.439824470060977e-07,-90.00030028817866,-0.741398573,3.4417004e-06,0.7413985730079885,179.99973402308225,0.74142482,-2.76105233e-06,0.741424820005141,-0.0002133684242227431
3311.31121,2.80844792e-12,5.27145676e-07,5.271456760074812e-07,89.9996947481121,-2.43658409e-12,-4.54324127e-07,4.543241270065338e-07,-90.00030728278885,-0.741398573,3.5218679e-06,0.7413985730083649,179.99972782768404,0.74142482,-2.82536551e-06,0.7414248200053833,-0.000218338414006755
3388.44156,2.94080038e-12,5.39424476e-07,5.394244760080161e-07,89.9996876384783,-2.55141676e-12,-4.64906695e-07,4.64906695007001e-07,-90.00031444032469,-0.741398573,3.60390274e-06,0.7413985730087591,179.99972148797653,0.74142482,-2.89117672e-06,0.741424820005637,-0.00022342416845667096
3467.3685,3.07941173e-12,5.51989287e-07,5.519892870085895e-07,89.99968036101485,-2.67166133e-12,-4.75735763e-07,4.7573576300750183e-07,-90.0003217645811,-0.741398573,3.68784842e-06,0.741398573009172,179.999715000598,0.74142482,-2.95852088e-06,0.7414248200059026,-0.00022862838611800262
3548.13389,3.22453175e-12,5.64846769e-07,5.648467690092039e-07,89.99967291649645,-2.79757285e-12,-4.86817073e-07,4.868170730080383e-07,-90.0003292594407,-0.741398573,3.77374944e-06,0.7413985730096043,179.9997083621095,0.74142482,-3.02743368e-06,0.7414248200061808,-0.00023395382504027228
3630.78055,3.37650741e-12,5.7800374e-07,5.780037400098622e-07,89.99966529693374,-2.9294184e-12,-4.98156499e-07,4.981564990086132e-07,-90.00033692887895,-0.741398573,3.86165136e-06,0.7413985730100568,179.9997015689901,0.74142482,-3.09795167e-06,0.7414248200064723,-0.00023940330973202677
3715.35229,3.535644e-12,5.91467177e-07,5.914671770105675e-07,89.99965750004914,-3.06747763e-12,-5.09760054e-07,5.097600540092293e-07,-90.0003447769604,-0.741398573,3.95160078e-06,0.7413985730105308,179.99969461763854,0.74142482,-3.17011224e-06,0.7414248200067771,-0.00024497972961527866
3801.89396,3.70226072e-12,6.05244217e-07,6.052442170113233e-07,89.99964952343542,-3.2120434e-12,-5.21633891e-07,5.216338910098893e-07,-90.00035280784782,-0.741398573,4.04364538e-06,0.7413985730110272,179.99968750437006,0.74142482,-3.24395364e-06,0.7414248200070965,-0.00025068604057106535
3890.45145,3.87676002e-12,6.19342166e-07,6.193421660121332e-07,89.99964135820306,-3.36342234e-12,-5.33784306e-07,5.337843060105966e-07,-90.00036102579757,-0.741398573,4.13783398e-06,0.7413985730115469,179.9996802254118,0.74142482,-3.31951502e-06,0.741424820007431,-0.0002565252680305661
3981.07171,4.05944722e-12,6.33768498e-07,6.337684980130009e-07,89.99963300606832,-3.52193555e-12,-5.46217739e-07,5.462177390113545e-07,-90.00036943516902,-0.741398573,4.23421652e-06,0.741398573012091,179.9996727769044,0.74142482,-3.39683646e-06,0.7414248200077812,-0.00026250050929344036
4073.80278,4.25076641e-12,6.48530863e-07,6.485308630139307e-07,89.99962445738689,-3.68791926e-12,-5.58940785e-07,5.589407850121665e-07,-90.00037804041939,-0.741398573,4.33284409e-06,0.7413985730126609,179.9996651548996,0.74142482,-3.47595895e-06,0.741424820008148,-0.000268614931982269
4168.69383,4.45110615e-12,6.63637087e-07,6.636370870149272e-07,89.99961570924599,-3.86172554e-12,-5.71960188e-07,5.719601880130366e-07,-90.00038684611224,-0.741398573,4.43376899e-06,0.7413985730132575,179.99965735535554,0.74142482,-3.55692443e-06,0.7414248200085319,-0.00027487177713367153
4265.79519,4.66086891e-12,6.79095181e-07,6.790951810159945e-07,89.99960675892736,-4.04372306e-12,-5.85282853e-07,5.85282853013969e-07,-90.00039585691546,-0.741398573,4.53704474e-06,0.7413985730138823,179.99964937413625,0.74142482,-3.63977585e-06,0.7414248200089341,-0.0002812743638349827
4365.15832,4.88054042e-12,6.9491334e-07,6.949133400171387e-07,89.99959759821591,-4.23429786e-12,-5.98915842e-07,5.989158420149681e-07,-90.00040507760785,-0.741398573,4.64272609e-06,0.7413985730145366,179.99964120701054,0.74142482,-3.72455712e-06,0.7414248200093551,-0.00028782608536035494
4466.83592,5.11055087e-12,7.11099951e-07,7.110999510183642e-07,89.99958822526226,-4.43385417e-12,-6.12866384e-07,6.128663840160386e-07,-90.00041451307749,-0.741398573,4.75086907e-06,0.7413985730152217,179.99963284964844,0.74142482,-3.8113132e-06,0.741424820009796,-0.00029453041612577353
4570.8819,5.35139988e-12,7.27663597e-07,7.276635970196777e-07,89.99957863409841,-4.64281528e-12,-6.27141876e-07,6.271418760171856e-07,-90.00042416832741,-0.741398573,4.86153103e-06,0.741398573015939,179.99962429761788,0.74142482,-3.90009008e-06,0.7414248200102577,-0.0003013909101434971
4677.35141,5.60358704e-12,7.44613059e-07,7.446130590210847e-07,89.99956882049861,-4.86162442e-12,-6.41749886e-07,6.417498860184148e-07,-90.00043404847733,-0.741398573,4.97477063e-06,0.7413985730166902,179.99961554638557,0.74142482,-3.99093485e-06,0.7414248200107411,-0.0003084112064315136
4786.30092,5.86766746e-12,7.61957325e-07,7.619573250225928e-07,89.99955877767691,-5.09074572e-12,-6.56698162e-07,6.566981620197317e-07,-90.00044415876457,-0.741398573,5.09064793e-06,0.7413985730174769,179.99960659131003,0.74142482,-4.08389567e-06,0.7414248200112473,-0.00031559502669520177
4897.78819,6.14422402e-12,7.79705591e-07,7.797055910242087e-07,89.99954849867851,-5.33066517e-12,-6.71994627e-07,6.71994627021143e-07,-90.00045450455102,-0.741398573,5.20922435e-06,0.7413985730183006,179.99959742764463,0.74142482,-4.17902182e-06,0.7414248200117775,-0.0003229461791912285
5011.87234,6.43379794e-12,7.97867268e-07,7.978672680259403e-07,89.99953798146261,-5.58189168e-12,-6.87647392e-07,6.876473920226551e-07,-90.0004650913225,-0.741398573,5.33056277e-06,0.741398573019163,179.9995880505301,0.74142482,-4.27636374e-06,0.7414248200123326,-0.0003304685618186657
5128.61384,6.73701372e-12,8.16451984e-07,8.164519840277954e-07,89.99952721965255,-5.84495813e-12,-7.03664758e-07,7.036647580242754e-07,-90.00047592469065,-0.741398573,5.45472753e-06,0.7413985730200662,179.99957845499407,0.74142482,-4.37597305e-06,0.7414248200129137,-0.00033816616366454935
5248.0746,7.05450975e-12,8.35469594e-07,8.354695940297833e-07,89.99951620784515,-6.12042252e-12,-7.20055216e-07,7.200552160260116e-07,-90.00048701040063,-0.741398573,5.58178446e-06,0.7413985730210119,179.9995686359492,0.74142482,-4.47790255e-06,0.7414248200135223,-0.0003460430650038794
5370.31796,7.38697992e-12,8.5493018e-07,8.549301800319133e-07,89.99950493878606,-6.40886915e-12,-7.36827456e-07,7.368274560278719e-07,-90.00049835433079,-0.741398573,5.71180092e-06,0.7413985730220021,179.99955858818987,0.74142482,-4.5822063e-06,0.7414248200141595,-0.00035410344348185446
5495.40874,7.7351181e-12,8.74844062e-07,8.748440620341958e-07,89.99949340729349,-6.71090985e-12,-7.53990372e-07,7.539903720298653e-07,-90.0005099624947,-0.741398573,5.84484585e-06,0.741398573023039,179.99954830638836,0.74142482,-4.6889396e-06,0.7414248200148268,-0.0003623515725683134
5623.41325,8.09965983e-12,8.95221798e-07,8.952217980366414e-07,89.99948160743541,-7.02718529e-12,-7.71553064e-07,7.715530640320013e-07,-90.0005218410473,-0.741398573,5.9809898e-06,0.7413985730241248,179.99953778509249,0.74142482,-4.79815903e-06,0.7414248200155257,-0.00037079182464885255
5754.39937,8.48139614e-12,9.16074193e-07,9.160741930392621e-07,89.99946953182734,-7.35836633e-12,-7.89524844e-07,7.895248440342899e-07,-90.00053399628652,-0.741398573,6.12030495e-06,0.7413985730252618,179.99952701872417,0.74142482,-4.90992252e-06,0.7414248200162574,-0.00037942867643428116
5888.43655,8.88110419e-12,9.37412302e-07,9.374123020420701e-07,89.99945717611514,-7.70515545e-12,-8.0791524e-07,8.079152400367423e-07,-90.00054643465788,-0.741398573,6.26286517e-06,0.7413985730264524,179.99951600157465,0.74142482,-5.0242893e-06,0.7414248200170237,-0.0003882667050967248
6025.59586,9.29967214e-12,9.59247439e-07,9.592474390450792e-07,89.9994445312619,-8.06828823e-12,-8.26734003e-07,8.2673400303937e-07,-90.00055916275583,-0.741398573,6.40874604e-06,0.741398573027699,179.99950472780307,0.74142482,-5.14132004e-06,0.7414248200178258,-0.000397310599088536
6165.95002,9.73793268e-12,9.81591183e-07,9.815911830483026e-07,89.99943159387189,-8.44853494e-12,-8.45991112e-07,8.459911120421859e-07,-90.00057218732945,-0.741398573,6.55802491e-06,0.7413985730290044,179.99949319143175,0.74142482,-5.26107676e-06,0.7414248200186659,-0.0004065651511872805
6309.57344,1.01968711e-11,1.00445538e-06,1.0044553800517575e-06,89.9994183537767,-8.84670213e-12,-8.65696777e-07,8.656967770452029e-07,-90.00058551528446,-0.741398573,6.71078093e-06,0.7413985730303714,179.99948138634397,0.74142482,-5.38362298e-06,0.7414248200195456,-0.0004160352700874272
6456.54229,1.06774312e-11,1.02785215e-06,1.027852150055459e-06,89.99940480569722,-9.26363436e-12,-8.85861445e-07,8.858614450484357e-07,-90.00059915368793,-0.741398573,6.8670951e-06,0.7413985730318027,179.99946930627996,0.74142482,-5.50902367e-06,0.7414248200204668,-0.00042572597653645143
6606.93448,1.11806536e-11,1.0517939e-06,1.0517939000594254e-06,89.99939094126383,-9.70021599e-12,-9.06495809e-07,9.064958090518999e-07,-90.00061310976957,-0.741398573,7.0270503e-06,0.7413985730333016,179.99945694483472,0.74142482,-5.63734532e-06,0.7414248200214314,-0.0004356424087442908
6760.82975,1.17075655e-11,1.07629333e-06,1.0762933300636754e-06,89.99937675532051,-1.01573731e-11,-9.27610809e-07,9.276108090556117e-07,-90.00062739093153,-0.741398573,7.19073132e-06,0.7413985730348709,179.99944429545562,0.74142482,-5.76865596e-06,0.7414248200224415,-0.0004457898239289032
6918.30971,1.22593463e-11,1.10136342e-06,1.1013634200682298e-06,89.99936223703294,-1.06360753e-11,-9.4921764e-07,9.492176400595892e-07,-90.00064200474114,-0.741398573,7.35822497e-06,0.7413985730365144,179.99943135143388,0.74142482,-5.90302522e-06,0.741424820023499,-0.00045617360295294374
7079.45784,1.28371064e-11,1.12701747e-06,1.1270174700731096e-06,89.9993473818841,-1.11373381e-11,-9.71327759e-07,9.713277590638507e-07,-90.00065695895356,-0.741398573,7.52962005e-06,0.7413985730382353,179.999418105907,0.74142482,-6.04052434e-06,0.7414248200246066,-0.00046679925109654346
7244.3596,1.34420947e-11,1.15326908e-06,1.153269080078338e-06,89.99933218074824,-1.16622247e-11,-9.93952889e-07,9.939528890684174e-07,-90.0006722614949,-0.741398573,7.70500743e-06,0.7413985730400373,179.99940455185254,0.74142482,-6.18122622e-06,0.7414248200257663,-0.00047767240192120634
7413.10241,1.40756018e-11,1.18013217e-06,1.1801321700839407e-06,89.99931662520716,-1.22118484e-11,-1.01710503e-06,1.0171050300733105e-06,-90.00068792047301,-0.741398573,7.88448011e-06,0.7413985730419242,179.99939068208332,0.74142482,-6.32520548e-06,0.7414248200269806,-0.0004887988219064854
7585.77575,1.47389739e-11,1.20762098e-06,1.2076209800899443e-06,89.99930070691653,-1.27873751e-11,-1.04079645e-06,1.0407964500785537e-06,-90.00070394419988,-0.741398573,8.06813324e-06,0.7413985730439,179.99937648924612,0.74142482,-6.47253844e-06,0.7414248200282522,-0.000500184408904424
7762.47117,1.54336127e-11,1.23575008e-06,1.2357500800963774e-06,89.99928441771146,-1.33900255e-11,-1.06503971e-06,1.0650397100841718e-06,-90.00072034116802,-0.741398573,8.25606421e-06,0.7413985730459688,179.9993619658146,0.74142482,-6.62330323e-06,0.7414248200295835,-0.0005118352006401287
7943.28235,1.61609476e-11,1.2645344e-06,1.2645344001032698e-06,89.99926775096799,-1.4021078e-11,-1.08984767e-06,1.0898476700901917e-06,-90.00073712007256,-0.741398573,8.44837265e-06,0.7413985730481353,179.99934710408922,0.74142482,-6.77757978e-06,0.7414248200309778,-0.00052375737393899
8128.30516,1.69225883e-11,1.29398919e-06,1.2939891901106553e-06,89.99925069475428,-1.4681871e-11,-1.11523348e-06,1.1152334800966423e-06,-90.00075428980452,-0.741398573,8.64516053e-06,0.7413985730504039,179.99933189618972,0.74142482,-6.93544989e-06,0.7414248200324377,-0.0005359572501361377
8317.63771,1.77201448e-11,1.32413007e-06,1.3241300701185696e-06,89.99923324034977,-1.53738063e-11,-1.14121061e-06,1.141210610103554e-06,-90.00077185946947,-0.741398573,8.84653219e-06,0.7413985730527793,179.99931633405262,0.74142482,-7.09699728e-06,0.7414248200339665,-0.0005484412989403374
8511.38038,1.85552407e-11,1.35497302e-06,1.3549730201270493e-06,89.99921538143992,-1.60983515e-11,-1.16779282e-06,1.1677928201109601e-06,-90.00078983838762,-0.741398573,9.05259439e-06,0.7413985730552668,179.99930040942746,0.74142482,-7.26230758e-06,0.7414248200355673,-0.0005612161376612118
8709.6359,1.94297356e-11,1.3865344e-06,1.386534400136136e-06,89.99919710477658,-1.68570434e-11,-1.19499421e-06,1.1949942101188956e-06,-90.00080823608495,-0.741398573,9.2634564e-06,0.7413985730578715,179.99928411386975,0.74142482,-7.43146845e-06,0.7414248200372436,-0.0005742885404825921
8912.50938,2.03454198e-11,1.41883093e-06,1.4188309301458722e-06,89.99917840338674,-1.76514914e-11,-1.2228292e-06,1.2228292001273993e-06,-90.0008270623234,-0.741398573,9.47923002e-06,0.7413985730605988,179.99926743873954,0.74142482,-7.60456959e-06,0.7414248200389989,-0.0005876654392352983
9120.10839,2.13042917e-11,1.45187975e-06,1.4518797501563052e-06,89.99915926508389,-1.84833805e-11,-1.25131255e-06,1.2513125501365108e-06,-90.00084632707768,-0.741398573,9.70002965e-06,0.7413985730634548,179.99925037519588,0.74142482,-7.78170277e-06,0.7414248200408368,-0.0006013539257154762
9332.54301,2.23083219e-11,1.48569838e-06,1.485698380167484e-06,89.99913968224641,-1.93544754e-11,-1.28045936e-06,1.280459360146274e-06,-90.0008660405708,-0.741398573,9.92597237e-06,0.7413985730664454,179.99923291419077,0.74142482,-7.96296191e-06,0.7414248200427613,-0.0006153612578668333
9549.92586,2.33596753e-11,1.52030474e-06,1.520304740179462e-06,89.99911964307539,-2.02666237e-11,-1.31028509e-06,1.3102850901567353e-06,-90.00088621324608,-0.741398573,1.0157178e-05,0.7413985730695768,179.99921504646446,0.74142482,-8.14844312e-06,0.7414248200447767,-0.0006296948628717548
9772.37221,2.44605863e-11,1.55571718e-06,1.555717180192297e-06,89.99909913679858,-2.12217603e-11,-1.34080555e-06,1.3408055501679448e-06,-90.00090685580689,-0.741398573,1.0393769e-05,0.7413985730728558,179.9991967625531,0.74142482,-8.33824475e-06,0.7414248200468869,-0.000644362341015202
10000.0,2.56133864e-11,1.59195449e-06,1.5919544902060503e-06,89.99907815270547,-2.2221911e-11,-1.37203693e-06,1.3720369301799565e-06,-90.00092797918559,-0.741398573,1.0635871e-05,0.7413985730762893,179.99917805274802,0.74142482,-8.53246742e-06,0.7414248200490966,-0.000659371468003049
10232.9299,2.68205042e-11,1.62903587e-06,1.629035870220787e-06,89.99905668025903,-2.32691974e-11,-1.40399577e-06,1.4039957701928266e-06,-90.0009495946014,-0.741398573,1.08836123e-05,0.7413985730798848,179.99915890713402,0.74142482,-8.73121411e-06,0.7414248200514104,-0.0006747302019170977
10471.2855,2.80845069e-11,1.666981e-06,1.6669810002365774e-06,89.99903470782515,-2.43658409e-11,-1.43669904e-06,1.4366990402066172e-06,-90.0009717134966,-0.741398573,1.11371242e-05,0.7413985730836496,179.99913931556418,0.74142482,-8.93459022e-06,0.7414248200538335,-0.0006904466878517531
10715.1931,2.9408101e-11,1.70580997e-06,1.705809970253497e-06,89.99901222287343,-2.55141676e-11,-1.47016406e-06,1.4701640602213945e-06,-90.0009943476112,-0.741398573,1.13965411e-05,0.7413985730875919,179.99911926765196,0.74142482,-9.14270356e-06,0.7414248200563704,-0.0007065292571412448
10964.782,3.07940617e-11,1.74554339e-06,1.7455433902716269e-06,89.99898921460252,-2.67166133e-11,-1.50440858e-06,1.5044085802372287e-06,-90.00101750894349,-0.741398573,1.16620007e-05,0.74139857309172,179.99909875275586,0.74142482,-9.35566448e-06,0.7414248200590272,-0.0007229864374057581
11220.1845,3.22453453e-11,1.78620232e-06,1.786202320291054e-06,89.99896567025262,-2.79757285e-11,-1.53945075e-06,1.539450750254195e-06,-90.00104120977672,-0.741398573,1.19336436e-05,0.7413985730960427,179.99907776001018,0.74142482,-9.5735859e-06,0.741424820061809,-0.0007398269548697714
11481.5362,3.37650186e-11,1.82780831e-06,1.8278083103118694e-06,89.99894157770804,-2.9294184e-11,-1.57530917e-06,1.5753091702723747e-06,-90.00106546266552,-0.741398573,1.22116138e-05,0.741398573100569,179.99905627828647,0.74142482,-9.79658336e-06,0.7414248200647221,-0.0007570597382259547
11748.9755,3.53563151e-11,1.87038344e-06,1.8703834403341742e-06,89.99891692388266,-3.06747763e-11,-1.61200283e-06,1.612002830291855e-06,-90.00109028048003,-0.741398573,1.24960588e-05,0.7413985731053087,179.9990342961859,0.74142482,-1.00247751e-05,0.7414248200677723,-0.0007746939248174021
12022.6443,3.70226072e-11,1.91395027e-06,1.9139502703580743e-06,89.99889169579163,-3.2120434e-11,-1.6495512e-06,1.649551200312728e-06,-90.00111567637556,-0.741398573,1.27871295e-05,0.7413985731102718,179.99901180204677,0.74142482,-1.02582821e-05,0.7414248200709663,-0.0007927388637287514
12302.6877,3.87674198e-11,1.95853189e-06,1.9585318903836833e-06,89.99886588033199,-3.36342234e-11,-1.68797418e-06,1.687974180335094e-06,-90.00114166381844,-0.741398573,1.308498e-05,0.7413985731154686,179.99898878396016,0.74142482,-1.04972282e-05,0.7414248200743108,-0.0008112041250595341
12589.2541,4.05944722e-11,2.00415196e-06,2.004151960411124e-06,89.99883946328686,-3.52193555e-11,-1.72729215e-06,1.7272921503590599e-06,-90.0011682565842,-0.741398572,1.33897683e-05,0.7413985721209106,179.99896522971432,0.74142482,-1.07417401e-05,0.7414248200778129,-0.0008300994999241774
12882.4955,4.25076363e-11,2.05083466e-06,2.0508346604405277e-06,89.99881243076089,-3.68791926e-11,-1.76752596e-06,1.7675259603847395e-06,-90.00119546877123,-0.741398572,1.37016561e-05,0.7413985721266089,179.9989411268157,0.74142482,-1.09919473e-05,0.7414248200814801,-0.0008494349958153265
13182.5674,4.45109782e-11,2.09860474e-06,2.098604740472034e-06,89.99878476821107,-3.86172554e-11,-1.80869693e-06,1.808696930412256e-06,-90.00122331481508,-0.741398572,1.40208086e-05,0.7413985721325759,179.99891646249617,0.74142482,-1.12479827e-05,0.7414248200853202,-0.0008692208829706065
13489.6288,4.6608703e-11,2.14748752e-06,2.1474875205057933e-06,89.99875646217025,-4.04372306e-11,-1.85082689e-06,1.8508268904417402e-06,-90.00125180948079,-0.741398572,1.43473952e-05,0.741398572138824,179.99889122366443,0.74142482,-1.15099818e-05,0.7414248200893412,-0.0008894676325502739
13803.8426,4.88053209e-11,2.19750893e-06,2.197508930541968e-06,89.99872749599935,-4.23429786e-11,-1.89393819e-06,1.8939381904733333e-06,-90.00128096786801,-0.741398572,1.4681589e-05,0.7413985721453665,179.99886539694316,0.74142482,-1.17780838e-05,0.7414248200935518,-0.0009101860016429453
14125.3754,5.11054254e-11,2.24869549e-06,2.248695490580729e-06,89.99869785606893,-4.43385417e-11,-1.93805367e-06,1.9380536705071855e-06,-90.00131080544779,-0.741398572,1.50235671e-05,0.7413985721522174,179.99883896864594,0.74142482,-1.20524306e-05,0.7414248200979607,-0.000931386955987662
14454.3977,5.35139433e-11,2.30107433e-06,2.301074330622262e-06,89.99866752540079,-4.64281527e-11,-1.98319674e-06,1.9831967405434593e-06,-90.00134133802571,-0.741398572,1.5373511e-05,0.7413985721593912,179.99881192474638,0.74142482,-1.23331677e-05,0.7414248201025774,-0.0009530817395240318
14791.0839,5.60359814e-11,2.35467324e-06,2.3546732406667657e-06,89.99863648799335,-4.86162442e-11,-2.02939133e-06,2.029391330582327e-06,-90.0013725818016,-0.741398572,1.5731606e-05,0.7413985721669031,179.9987842509243,0.74142482,-1.26204441e-05,0.7414248201074117,-0.0009752818666644352
15135.6125,5.86768689e-11,2.40952063e-06,2.409520630714452e-06,89.99860472788635,-5.09074572e-11,-2.07666192e-06,2.0766619206239748e-06,-90.00140455334333,-0.741398572,1.60980422e-05,0.741398572174769,179.99875593248873,0.74142482,-1.2914412e-05,0.7414248201124739,-0.0009979990991106447
15488.1662,6.14422263e-11,2.46564557e-06,2.4656455707655493e-06,89.99857222777962,-5.33066517e-11,-2.12503359e-06,2.125033590668601e-06,-90.00143726959242,-0.741398572,1.64730138e-05,0.7413985721830056,179.99872695443167,0.74142482,-1.32152273e-05,0.7414248201177747,-0.0010212454844927927
15848.9319,6.433791e-11,2.52307783e-06,2.5230778308203005e-06,89.99853897067263,-5.58189168e-11,-2.17453199e-06,2.1745319907164187e-06,-90.00147074789594,-0.741398572,1.68567196e-05,0.7413985721916304,179.9986973013898,0.74142482,-1.35230495e-05,0.7414248201233252,-0.0010450333486415773
16218.101,6.73700679e-11,2.58184787e-06,2.5818478708789684e-06,89.99850493880753,-5.84495813e-11,-2.22518334e-06,2.2251833407676567e-06,-90.00150500601988,-0.741398572,1.7249363e-05,0.7413985722006616,179.9986669576442,0.74142482,-1.38380418e-05,0.7414248201291375,-0.0010693753033160565
16595.8691,7.05451253e-11,2.64198683e-06,2.6419868309418318e-06,89.99847011427232,-6.12042252e-11,-2.27701452e-06,2.277014520822559e-06,-90.00154006211234,-0.741398572,1.76511523e-05,0.7413985722101185,179.9986359070973,0.74142482,-1.41603712e-05,0.7414248201352235,-0.0010942842539314402
16982.4365,7.3869813e-11,2.70352661e-06,2.7035266110091904e-06,89.99843447869105,-6.40886915e-11,-2.330053e-06,2.330053000881388e-06,-90.0015759347691,-0.741398572,1.80623004e-05,0.741398572220021,179.99860413329606,0.74142482,-1.44902086e-05,0.7414248201415964,-0.0011197734072868851
17378.0083,7.73511949e-11,2.76649983e-06,2.7664998310813677e-06,89.99839801291189,-6.71090984e-11,-2.38432691e-06,2.384326910944424e-06,-90.00161264300131,-0.741398572,1.84830255e-05,0.7413985722303904,179.9985716193778,0.74142482,-1.48277289e-05,0.7414248201482695,-0.0011458562792932868
17782.7941,8.099664e-11,2.83093989e-06,2.830939891158706e-06,89.99836069792869,-7.02718528e-11,-2.43986502e-06,2.439865021011968e-06,-90.00165020628185,-0.741398572,1.89135504e-05,0.7413985722412483,179.99853834812444,0.74142482,-1.51731111e-05,0.7414248201552573,-0.0011725467027010744
18197.0086,8.4813892e-11,2.89688095e-06,2.8968809512415757e-06,89.99832251371798,-7.35836632e-11,-2.49669677e-06,2.4966967710843437e-06,-90.00168864452901,-0.741398572,1.93541036e-05,0.741398572252618,179.99850430187735,0.74142482,-1.55265383e-05,0.7414248201625743,-0.0011998588271002093
18620.8714,8.88110419e-11,2.96435798e-06,2.9643579813303724e-06,89.9982834401554,-7.70515544e-11,-2.55485231e-06,2.554852311161895e-06,-90.00172797811186,-0.741398572,1.98049186e-05,0.7413985722645235,179.99846946259143,0.74142482,-1.58881978e-05,0.7414248201702364,-0.0012278071266479786
19054.6072,9.29965827e-11,3.03340675e-06,3.03340675142552e-06,89.99824345624069,-8.06828823e-11,-2.61436247e-06,2.614362471244993e-06,-90.00176822788971,-0.741398572,2.02662344e-05,0.7413985722769902,179.99843381179664,0.74142482,-1.62582815e-05,0.7414248201782592,-0.0012564064309801696
19498.446,9.73793546e-11,3.10406387e-06,3.1040638715274715e-06,89.99820254148686,-8.44853494e-11,-2.67525879e-06,2.6752587913340344e-06,-90.00180941521164,-0.741398572,2.07382956e-05,0.7413985722900444,179.99839733059014,0.74142482,-1.66369855e-05,0.7414248201866604,-0.0012856718942998947
19952.6231,1.01968725e-10,3.1763668e-06,3.1763668016367155e-06,89.99816067288488,-8.84670212e-11,-2.73757357e-06,2.737573571429443e-06,-90.00185156190675,-0.741398572,2.12213526e-05,0.7413985723037136,179.99835999962082,0.74142482,-1.70245107e-05,0.7414248201954574,-0.0013156190417443528
20417.3794,1.06774367e-10,3.25035389e-06,3.2503538917537733e-06,89.99811782938286,-9.26363435e-11,-2.80133985e-06,2.8013398515316762e-06,-90.00189469032476,-0.741398572,2.17156614e-05,0.7413985723180272,179.99832179910484,0.74142482,-1.74210625e-05,0.741424820204669,-0.0013462637462014482
20892.9613,1.11806481e-10,3.32606436e-06,3.3260643618792016e-06,89.99807398811697,-9.70021598e-11,-2.86659144e-06,2.8665914416412204e-06,-90.00193882332881,-0.741398572,2.22214841e-05,0.7413985723330154,179.99828270878695,0.74142482,-1.78268511e-05,0.7414248202143147,-0.0013776222514931713
21379.6209,1.17075766e-10,3.40353835e-06,3.403538352013601e-06,89.99802912540345,-1.01573731e-10,-2.93336293e-06,2.9333629317586002e-06,-90.00198398433206,-0.741398572,2.2739089e-05,0.7413985723487099,179.99824270793275,0.741424819,-1.82420918e-05,0.741424819224415,-0.0014097111974603323
21877.6162,1.22593352e-10,3.48281694e-06,3.4828169421576114e-06,89.9979832182443,-1.06360753e-10,-3.00168973e-06,3.0016897318843732e-06,-90.002030197255,-0.741398572,2.32687504e-05,0.7413985723651442,179.9982017753441,0.741424819,-1.86670047e-05,0.7414248192349915,-0.001442547589218052
22387.2114,1.28371008e-10,3.56394217e-06,3.5639421723119224e-06,89.99793624121375,-1.11373381e-10,-3.07160807e-06,3.0716080720191425e-06,-90.00207748662368,-0.741398572,2.38107492e-05,0.7413985723823528,179.99815988931292,0.741424819,-1.91018151e-05,0.7414248192460663,-0.001476148839343228
22908.6765,1.3442096e-10,3.64695704e-06,3.64695704247727e-06,89.9978881698912,-1.16622247e-10,-3.14315501e-06,3.1431550121635503e-06,-90.00212587751037,-0.741398572,2.43653728e-05,0.7413985724003725,179.9981170276287,0.741424819,-1.95467536e-05,0.7414248192576631,-0.001510532768127736
23442.2882,1.40756032e-10,3.73190559e-06,3.731905592654443e-06,89.99783897894083,-1.22118484e-10,-3.2163685e-06,3.216368502318286e-06,-90.00217539555258,-0.741398572,2.49329153e-05,0.7413985724192416,179.99807316756323,0.741424819,-2.0002056e-05,0.7414248192698063,-0.0015457175977087107
23988.3292,1.47389656e-10,3.81883283e-06,3.8188328328442854e-06,89.99778864234064,-1.27873751e-10,-3.29128734e-06,3.2912873424840884e-06,-90.00222606703161,-0.741398572,2.55136775e-05,0.7413985724389999,179.99802828587048,0.741424819,-2.04679637e-05,0.741424819282522,-0.0015817219829797181
24547.0892,1.54335919e-10,3.90778488e-06,3.907784883047709e-06,89.9977371331706,-1.33900255e-10,-3.36795127e-06,3.367951272661748e-06,-90.00227791879043,-0.741398572,2.61079674e-05,0.7413985724596892,179.99798235874798,0.741424819,-2.09447238e-05,0.7414248192958367,-0.0016185650193185493
25118.8643,1.61609545e-10,3.99880888e-06,3.998808883265678e-06,89.99768442425474,-1.4021078e-10,-3.44640094e-06,3.4464009428521147e-06,-90.00233097833701,-0.741398572,2.67161001e-05,0.7413985724813537,179.9979353618446,0.741424819,-2.14325891e-05,0.7414248193097792,-0.001656266242587221
25703.9578,1.69225967e-10,4.0919531e-06,4.091953103499237e-06,89.9976304875812,-1.4681871e-10,-3.52667793e-06,3.5266779330560955e-06,-90.00238527378986,-0.741398572,2.7338398e-05,0.7413985725040393,179.99788727024506,0.741424819,-2.19318182e-05,0.7414248193243785,-0.001694845636859766
26302.6799,1.77201337e-10,4.18726694e-06,4.187266943749499e-06,89.99757529460777,-1.53738063e-10,-3.60882481e-06,3.608824813274666e-06,-90.00244083396088,-0.741398572,2.79751911e-05,0.7413985725277938,179.99783805844675,0.741424819,-2.24426759e-05,0.741424819339666,-0.0017343236653334089
26915.348,1.85552587e-10,4.28480091e-06,4.284800914017661e-06,89.99751881584945,-1.60983514e-10,-3.69288514e-06,3.6928851435088676e-06,-90.00249768827565,-0.741398572,2.8626817e-05,0.7413985725526682,179.99778770035968,0.741424819,-2.2965433e-05,0.7414248193556741,-0.001774721254872977
27542.287,1.94297384e-10,4.38460675e-06,4.3846067543050005e-06,89.99746102200241,-1.68570434e-10,-3.77890348e-06,3.7789034837598194e-06,-90.00255586692373,-0.741398571,2.92936212e-05,0.7413985715787145,179.99773616928036,0.741424819,-2.35003666e-05,0.7414248193724364,-0.0018160598191942813
28183.8293,2.03454364e-10,4.48673736e-06,4.486737364612892e-06,89.99740188126975,-1.76514913e-10,-3.86692545e-06,3.866925454028719e-06,-90.00261540070005,-0.741398571,2.99759573e-05,0.7413985716059884,179.99768343788833,0.741424819,-2.40477605e-05,0.7414248193899887,-0.0018583612897752888
28840.315,2.13042861e-10,4.5912469e-06,4.591246904942803e-06,89.99734136345795,-1.84833805e-10,-3.95699772e-06,3.956997724316851e-06,-90.00267632121106,-0.741398571,3.0674187e-05,0.7413985716345477,179.99762947822828,0.741424819,-2.46079048e-05,0.7414248194083685,-0.001901648084944948
29512.0923,2.23083246e-10,4.69819077e-06,4.6981907752963085e-06,89.99727943604421,-1.93544754e-10,-4.04916803e-06,4.049168034625589e-06,-90.00273866074721,-0.741398571,3.13886806e-05,0.741398571664453,179.9975742616831,0.741424819,-2.51810965e-05,0.7414248194276143,-0.0019459431562499484
30199.5172,2.33596878e-10,4.80762569e-06,4.807625695675099e-06,89.99721606546156,-2.02666237e-10,-4.14348527e-06,4.143485274956408e-06,-90.00280245234724,-0.741398571,3.21198169e-05,0.7413985716957677,179.99751775897886,0.741424819,-2.57676396e-05,0.7414248194477671,-0.001991269996182515
30902.9543,2.44605933e-10,4.91960968e-06,4.9196096860809756e-06,89.99715121960789,-2.12217602e-10,-4.23999944e-06,4.239999445310885e-06,-90.0028677298417,-0.741398571,3.28679835e-05,0.7413985717285583,179.99745994016163,0.741424819,-2.6367845e-05,0.7414248194688696,-0.0020376526304526116
31622.7766,2.56133864e-10,5.03420211e-06,5.034202116515884e-06,89.99708486289103,-2.2221911e-10,-4.33876172e-06,4.338761725690716e-06,-90.00293452785397,-0.741398571,3.36335772e-05,0.7413985717628943,179.99740077456644,0.741424819,-2.6982031e-05,0.7414248194909668,-0.0020851156566269067
32359.3657,2.68205083e-10,5.15146374e-06,5.151463746981896e-06,89.99701696060352,-2.32691974e-10,-4.43982446e-06,4.439824466097713e-06,-90.00300288179065,-0.741398571,3.44170039e-05,0.7413985717988483,179.99734023082502,0.741424819,-2.76105233e-05,0.7414248195141053,-0.002133684244128776
33113.1121,2.80845194e-10,5.27145675e-06,5.271456757481236e-06,89.99694747674873,-2.43658409e-10,-4.54324125e-06,4.543241256533818e-06,-90.00307282789906,-0.741398571,3.52186789e-05,0.7413985718364968,179.9972782768427,0.741424819,-2.8253655e-05,0.7414248195383345,-0.0021833841342382984
33884.4156,2.94081023e-10,5.39424475e-06,5.394244758016288e-06,89.996876374318,-2.55141676e-10,-4.64906694e-06,4.649066947001112e-06,-90.00314440325052,-0.741398571,3.60390273e-05,0.7413985718759197,179.99721487976754,0.741424818,-2.89117671e-05,0.7414248185637053,-0.0022342416817446643
34673.685,3.07940645e-10,5.51989285e-06,5.519892858589609e-06,89.99680361562078,-2.67166132e-10,-4.75735762e-06,4.7573576275018265e-06,-90.00321764580237,-0.741398571,3.68784841e-05,0.7413985719172006,179.99715000598238,0.741424818,-2.95852087e-05,0.741424818590272,-0.002286283858418182
35481.3389,3.22453425e-10,5.64846767e-06,5.64846767920393e-06,89.99672916242044,-2.79757284e-10,-4.86817071e-06,4.868170718038352e-06,-90.00329259440527,-0.741398571,3.77374943e-05,0.7413985719604269,179.99708362109737,0.741424818,-3.02743367e-05,0.7414248186180907,-0.0023395382476986155
36307.8055,3.37650186e-10,5.78003738e-06,5.7800373898621895e-06,89.99665297483118,-2.92941839e-10,-4.98156497e-06,4.981564978613248e-06,-90.00336928878761,-0.741398571,3.86165135e-05,0.7413985720056905,179.99701568990338,0.741424818,-3.09795166e-05,0.7414248186472203,-0.002394033094671098
37153.5229,3.53563151e-10,5.91467175e-06,5.914671760567526e-06,89.996575012583,-3.06747762e-10,-5.09760053e-06,5.097600539229263e-06,-90.00344776959534,-0.74139857,3.95160076e-05,0.7413985710530873,179.99694617639128,0.741424818,-3.17011222e-05,0.7414248186777229,-0.0024497972858276013
38018.9396,3.70226044e-10,6.05244215e-06,6.052442161323306e-06,89.99649523461194,-3.21204339e-10,-5.21633889e-06,5.216338899889333e-06,-90.00352807847628,-0.74139857,4.04364537e-05,0.7413985711027177,179.9968750436986,0.741424818,-3.24395362e-05,0.7414248187096629,-0.0025068603954336945
38904.5145,3.87674282e-10,6.19342164e-06,6.193421652133143e-06,89.9964135979356,-3.36342233e-10,-5.33784304e-06,5.337843050596612e-06,-90.00361025797368,-0.74139857,4.13783397e-05,0.7413985711546872,179.996802254116,0.741424818,-3.31951501e-05,0.7414248187431084,-0.0025652526778007475
39810.7171,4.05944806e-10,6.33768496e-06,6.337684973000897e-06,89.99633005991714,-3.52193554e-10,-5.46217737e-06,5.462177381354473e-06,-90.00369435168817,-0.74139857,4.2342165e-05,0.741398571209106,179.99672776904964,0.741424818,-3.39683645e-05,0.74142481877813,-0.002625005090469311
40738.0278,4.25076391e-10,6.4853086e-06,6.485308613930712e-06,89.99624457606534,-3.68791925e-10,-5.58940783e-06,5.589407842166538e-06,-90.00378040419183,-0.74139857,4.33284407e-05,0.7413985712660894,179.99665154900129,0.741424818,-3.47595893e-05,0.7414248188148022,-0.0026861493096647
41686.9383,4.45109644e-10,6.63637084e-06,6.6363708549270285e-06,89.9961571008314,-3.86172553e-10,-5.71960186e-06,5.71960187303668e-06,-90.00386846111996,-0.74139857,4.43376897e-05,0.7413985713257584,179.9965735535609,0.741424818,-3.55692441e-05,0.7414248188532025,-0.0027487177612081615
42657.9519,4.6608703e-10,6.79095178e-06,6.7909517959946e-06,89.99606758808957,-4.04372304e-10,-5.8528285e-06,5.8528285139690545e-06,-90.00395856914898,-0.74139857,4.53704472e-05,0.7413985713882395,179.99649374136783,0.741424817,-3.63977583e-05,0.7414248178934126,-0.0028127436320383756
43651.5832,4.88053015e-10,6.94913336e-06,6.949133377138522e-06,89.99597599061013,-4.23429784e-10,-5.98915839e-06,5.989158404968111e-06,-90.00405077607289,-0.74139857,4.64272607e-05,0.7413985714536652,179.99641207011098,0.741424817,-3.7245571e-05,0.741424817935518,-0.0028782608473972124
44668.3592,5.11054227e-10,7.11099947e-06,7.1109994883642555e-06,89.99588225953573,-4.43385414e-10,-6.1286638e-06,6.128663816038621e-06,-90.0041451307666,-0.741398569,4.75086905e-05,0.7413985705221743,179.99632849648498,0.741424817,-3.81131317e-05,0.7414248179796075,-0.0029453041474234516
45708.819,5.35139488e-10,7.27663593e-06,7.276635949677654e-06,89.99578634490541,-4.64281525e-10,-6.27141872e-06,6.271418737185691e-06,-90.00424168326619,-0.741398569,4.861531e-05,0.7413985705939121,179.99624297618692,0.741424817,-3.90009006e-05,0.741424818025775,-0.003013909095422386
46773.5141,5.60359828e-10,7.44613055e-06,7.446130571084986e-06,89.99568819632199,-4.86162439e-10,-6.41749883e-06,6.4174988484148005e-06,-90.00434048475849,-0.741398569,4.97477061e-05,0.7413985706690309,179.9961554638559,0.741424817,-3.99093483e-05,0.7414248180741183,-0.0030841120583897847
47863.0092,5.86768772e-10,7.61957321e-06,7.61957323259297e-06,89.99558776151989,-5.09074569e-10,-6.56698158e-06,6.566981599731814e-06,-90.0044415876377,-0.741398569,5.0906479e-05,0.7413985707476899,179.9960659131081,0.741424817,-4.08389564e-05,0.74142481812474,-0.0031559502533786464
48977.8819,6.14422319e-10,7.79705587e-06,7.797055894208804e-06,89.99548498738095,-5.33066514e-10,-6.71994623e-06,6.71994625114302e-06,-90.00454504550223,-0.741398569,5.20922432e-05,0.741398570830056,179.99597427645452,0.741424817,-4.17902179e-05,0.7414248181777473,-0.0032294617784103742
50118.7234,6.43379156e-10,7.97867263e-06,7.978672655940199e-06,89.9953798191886,-5.58189165e-10,-6.87647388e-06,6.876473902655153e-06,-90.0046509132169,-0.741398568,5.33056274e-05,0.7413985699163039,179.99588050530326,0.741424816,-4.27636371e-05,0.7414248172332528,-0.003304685609204182
51286.1384,6.73700679e-10,8.16451978e-06,8.164519807795427e-06,89.99527220136466,-5.84495809e-10,-7.03664753e-06,7.036647554275435e-06,-90.00475924689691,-0.741398568,5.45472749e-05,0.7413985700066165,179.99578454995066,0.741424816,-4.37597302e-05,0.7414248172913742,-0.003381661627818838
52480.746,7.05451211e-10,8.35469588e-06,8.354695909783333e-06,89.99516207680959,-6.12042248e-10,-7.2005521e-06,7.200552126011596e-06,-90.00487010400352,-0.741398568,5.58178442e-05,0.7413985701011854,179.99568635950192,0.741424816,-4.47790252e-05,0.741424817352235,-0.003460430641359074
53703.1796,7.38698117e-10,8.54930174e-06,8.549301771913418e-06,89.99504938700022,-6.4088691e-10,-7.36827451e-06,7.368274537871928e-06,-90.00498354329032,-0.741398568,5.71180088e-05,0.7413985702002113,179.9955858819086,0.741424816,-4.58220627e-05,0.7414248174159638,-0.003541034426275776
54954.0874,7.7351188e-10,8.74844056e-06,8.748440594195844e-06,89.99493407245465,-6.7109098e-10,-7.53990367e-06,7.539903699865309e-06,-90.00509962492953,-0.741398568,5.84484581e-05,0.741398570303904,179.99548306389332,0.741424816,-4.68893956e-05,0.7414248174826962,-0.0036235157095383455
56234.1325,8.09966386e-10,8.95221791e-06,8.952217946641508e-06,89.99481607174835,-7.02718523e-10,-7.71553058e-06,7.715530612001255e-06,-90.0052184104547,-0.741398567,5.98098975e-05,0.7413985694124835,179.9953778509361,0.741424815,-4.79815899e-05,0.7414248165525734,-0.0037079182354581167
57543.9937,8.48138906e-10,9.16074185e-06,9.16074188926208e-06,89.99469532267021,-7.35836626e-10,-7.89524837e-06,7.895248404289962e-06,-90.00533996284639,-0.741398567,6.1203049e-05,0.7413985695261804,179.99527018725266,0.741424815,-4.90992247e-05,0.741424816625744,-0.003794286745800552
58884.3655,8.88110488e-10,9.37412294e-06,9.374122982070081e-06,89.99457176069942,-7.70515538e-10,-8.07915233e-06,8.079152366742356e-06,-90.00546434656009,-0.741398567,6.26286511e-05,0.7413985696452355,179.99516001576507,0.741424815,-5.02428925e-05,0.7414248167023629,-0.0038826670326282853
60255.9586,9.29965827e-10,9.59247431e-06,9.592474355078904e-06,89.99444532087452,-8.06828816e-10,-8.26733996e-06,8.267339999370144e-06,-90.0055916275396,-0.741398567,6.40874598e-05,0.7413985697699017,179.99504727804916,0.741424815,-5.14131998e-05,0.7414248167825928,-0.003973105965007697
61659.5002,9.73793768e-10,9.81591173e-06,9.815911778302914e-06,89.99431593576081,-8.44853486e-10,-8.45991104e-06,8.459911082185869e-06,-90.00572187327562,-0.741398566,6.55802485e-05,0.7413985689004432,179.99493191432924,0.741424815,-5.26107671e-05,0.7414248168666038,-0.004065651493896139
63095.7344,1.01968727e-09,1.00445537e-05,1.0044553751757506e-05,89.99418353681622,-8.84670204e-10,-8.65696768e-06,8.656967725202974e-06,-90.00585515282573,-0.741398566,6.71078087e-05,0.741398569037137,179.99481386345118,0.741424814,-5.38362292e-05,0.7414248159545742,-0.004160352680936598
64565.4229,1.06774363e-09,1.02785214e-05,1.0278521455459168e-05,89.9940480540926,-9.26363426e-10,-8.85861435e-06,8.85861439843586e-06,-90.00599153686056,-0.741398566,6.86709503e-05,0.7413985691802728,179.9946930628187,0.741424814,-5.50902361e-05,0.7414248160466904,-0.00425725974569336
66069.3448,1.11806484e-09,1.05179389e-05,1.0517938959425568e-05,89.9939094154357,-9.70021588e-10,-9.06495799e-06,9.064958041899959e-06,-90.00613109767063,-0.741398565,7.02705022e-05,0.7413985683301544,179.99456944836646,0.741424814,-5.63734525e-05,0.7414248161431479,-0.004356424060291718
67608.2975,1.1707576e-09,1.07629332e-05,1.0762933263675641e-05,89.9937675475819,-1.0157373e-09,-9.27610798e-06,9.276108035611806e-06,-90.006273909303,-0.741398565,7.19073124e-05,0.7413985684870997,179.99444295457502,0.741424813,-5.76865589e-05,0.7414248152441513,-0.00445789821837723
69183.0971,1.22593372e-09,1.10136341e-05,1.1013634168229682e-05,89.99362237503163,-1.06360752e-09,-9.49217628e-06,9.492176339589125e-06,-90.00642004740554,-0.741398565,7.35822488e-05,0.7413985686514417,179.9943135143653,0.741424813,-5.90302514e-05,0.741424815349915,-0.004561736001233288
70794.5784,1.28371021e-09,1.12701746e-05,1.127017467310942e-05,89.99347382099717,-1.1137338e-09,-9.71327747e-06,9.713277533850897e-06,-90.00656958952922,-0.741398564,7.52961995e-05,0.7413985678235289,179.99418105909646,0.741424813,-6.04052425e-05,0.741424815460663,-0.00466799247526222
72443.596,1.34420959e-09,1.15326906e-05,1.1532690678338155e-05,89.9933218068003,-1.16622245e-09,-9.93952876e-06,9.939528828417469e-06,-90.00672261489103,-0.741398564,7.70500733e-05,0.7413985680037263,179.9940455185514,0.741424812,-6.18122614e-05,0.7414248145766306,-0.004776723997974557
74131.0241,1.40756024e-09,1.18013215e-05,1.1801321583940845e-05,89.99316625169648,-1.22118482e-09,-1.01710501e-05,1.0171050173310639e-05,-90.00687920472001,-0.741398563,7.88448e-05,0.7413985671924159,179.99390682085863,0.741424812,-6.32520538e-05,0.7414248146980633,-0.004887988182788726
75857.7575,1.47389652e-09,1.20762096e-05,1.2076209689944237e-05,89.99300707321147,-1.27873749e-09,-1.04079643e-05,1.0407964378553767e-05,-90.00703944198901,-0.741398563,8.06813313e-05,0.7413985673899984,179.99376489248638,0.741424812,-6.47253834e-05,0.741424814825219,-0.0050018440531570015
77624.7117,1.54335911e-09,1.23575006e-05,1.2357500696376985e-05,89.99284418705055,-1.33900253e-09,-1.06503969e-05,1.0650396984171875e-05,-90.00720341167025,-0.741398562,8.25606408e-05,0.7413985665968927,179.99361965817764,0.741424811,-6.62330312e-05,0.7414248139583678,-0.005118351970047111
79432.8235,1.61609538e-09,1.26453438e-05,1.2645343903269799e-05,89.9926775067942,-1.40210778e-09,-1.08984765e-05,1.089847659019179e-05,-90.00737120071538,-0.741398562,8.44837251e-05,0.7413985668135377,179.9934710409314,0.741424811,-6.77757966e-05,0.7414248140977912,-0.0052375736957911275
81283.0516,1.69225961e-09,1.29398917e-05,1.2939891810655584e-05,89.99250694401556,-1.46818708e-09,-1.11523347e-05,1.1152334796642244e-05,-90.0075428979668,-0.741398561,8.64516038e-05,0.7413985660403927,179.99331896193493,0.74142481,-6.93544977e-05,0.7414248132437857,-0.0053595724654393094
83176.3771,1.77201334e-09,1.32413005e-05,1.3241300618569592e-05,89.99233240835999,-1.5373806e-09,-1.14121059e-05,1.141210600355403e-05,-90.00771859463313,-0.741398561,8.84653203e-05,0.741398566277939,179.9931633405714,0.74142481,-7.09699714e-05,0.7414248133966606,-0.0054844129386026775
85113.8038,1.85552576e-09,1.354973e-05,1.354973012704961e-05,89.99215380718573,-1.60983512e-09,-1.1677928e-05,1.167792811096014e-05,-90.00789838381463,-0.74139856,9.05259422e-05,0.7413985655266806,179.99300409431774,0.741424809,-7.26230743e-05,0.7414248125567402,-0.005612161326190074
87096.359,1.94297398e-09,1.38653437e-05,1.3865343836136107e-05,89.99197104590858,-1.68570431e-09,-1.19499418e-05,1.1949941918895935e-05,-90.00808236085547,-0.74139856,9.26345622e-05,0.741398565787145,179.992841138748,0.741424809,-7.4314683e-05,0.7414248127243641,-0.005742885355072523
89125.0938,2.03454351e-09,1.41883091e-05,1.4188309245872467e-05,89.9917840276288,-1.7651491e-09,-1.22282917e-05,1.2228291827399288e-05,-90.00827062319252,-0.741398559,9.47922983e-05,0.7413985650598849,179.99267438744332,0.741424808,-7.60456942e-05,0.7414248118998881,-0.005876654335693094
91201.0839,2.13042861e-09,1.45187972e-05,1.4518797356305169e-05,89.99159265293471,-1.84833801e-09,-1.25131252e-05,1.2513125336510798e-05,-90.00846327073562,-0.741398559,9.70002945e-05,0.7413985653454784,179.9925037520141,0.741424808,-7.78170259e-05,0.741424812083684,-0.006013539193523479
93325.4301,2.23083262e-09,1.48569834e-05,1.4856983567484006e-05,89.9913968206382,-1.9354475e-09,-1.28045934e-05,1.2804593546273954e-05,-90.00866040559903,-0.741398558,9.92597215e-05,0.7413985646445316,179.99232914196793,0.741424807,-7.96296172e-05,0.7414248112761422,-0.006153612516312616
95499.2586,2.33596852e-09,1.5203047e-05,1.5203047179462345e-05,89.99119642685983,-2.02666233e-09,-1.31028506e-05,1.3102850756735367e-05,-90.00886213241883,-0.741398557,0.000101571777,0.7413985639576787,179.99215046475558,0.741424807,-8.14844292e-05,0.7414248114776707,-0.0062969485594720044
97723.7221,2.44605933e-09,1.55571714e-05,1.5557171592297368e-05,89.99099136524956,-2.12217598e-09,-1.34080552e-05,1.3408055367944971e-05,-90.00906855798317,-0.741398556,0.000103937688,0.7413985632855842,179.9919676255537,0.741424806,-8.33824452e-05,0.7414248106886968,-0.006443623327190655
100000.0,2.56133853e-09,1.59195445e-05,1.5919544706050337e-05,89.99078152729767,-2.22219105e-09,-1.37203689e-05,1.3720369079956277e-05,-90.00927979183734,-0.741398556,0.000106358707,0.741398563628943,179.99178052757932,0.741424805,-8.53246718e-05,0.7414248099096682,-0.006593714599145285
102329.299,2.68205071e-09,1.62903583e-05,1.6290358520786916e-05,89.99056680142299,-2.32691968e-09,-1.40399574e-05,1.4039957592826623e-05,-90.00949594588579,-0.741398555,0.00010883612,0.741398562988484,179.9915890714276,0.741424805,-8.73121386e-05,0.7414248101410538,-0.006747301931604231
104712.855,2.80845185e-09,1.66698095e-05,1.666980973657744e-05,89.99034707406534,-2.43658402e-09,-1.436699e-05,1.436699020661745e-05,-90.00971713486517,-0.741398554,0.000111371239,0.7413985623649696,179.9913931557171,0.741424804,-8.93458994e-05,0.7414248093833441,-0.0069044667780510625
107151.931,2.94081012e-09,1.70580992e-05,1.70580994534973e-05,89.99012222847456,-2.55141669e-09,-1.47016401e-05,1.4701640321394588e-05,-90.00994347607846,-0.741398553,0.000113965408,0.7413985617591984,179.9911926765826,0.741424803,-9.14270327e-05,0.7414248086370533,-0.007065292473851792
109647.82,3.07940622e-09,1.74554334e-05,1.7455433671627243e-05,89.98989214567528,-2.67166125e-09,-1.50440853e-05,1.5044085537228571e-05,-90.01017508936249,-0.741398552,0.000116620003,0.7413985611720069,179.99098752768595,0.741424802,-9.35566417e-05,0.7414248079027196,-0.007229864272030475
112201.845,3.22453417e-09,1.78620226e-05,1.7862022891053835e-05,89.98965670344468,-2.79757276e-09,-1.5394507e-05,1.5394507254194993e-05,-90.01041209765694,-0.741398551,0.000119336432,0.7413985606042701,179.99077760021586,0.741424801,-9.57358557e-05,0.7414248071809061,-0.007398269442564987
114815.362,3.37650176e-09,1.82780825e-05,1.8278082811869802e-05,89.98941577716559,-2.9294183e-09,-1.57530911e-05,1.5753091372374842e-05,-90.01065462657571,-0.74139855,0.000122116134,0.7413985600569054,179.99056278296555,0.741424801,-9.79658301e-05,0.7414248074722031,-0.007570597262176093
117489.755,3.53563137e-09,1.87038337e-05,1.870383403417451e-05,89.98916923897788,-3.06747752e-09,-1.61200277e-05,1.6120027991854906e-05,-90.01090280468475,-0.741398549,0.000124960584,0.7413985595308727,179.990342961946,0.7414248,-0.000100247747,0.7414248067772286,-0.0077469391012998335
120226.443,3.70226055e-09,1.9139502e-05,1.9139502358074445e-05,89.98891695815664,-3.21204328e-09,-1.64955114e-05,1.6495511712728164e-05,-90.01115676360487,-0.741398548,0.00012787129,0.7413985590271776,179.99011802061793,0.741424799,-0.000102582817,0.7414248060966295,-0.00792738850263048
123026.877,3.87674269e-09,1.95853182e-05,1.9585318583683678e-05,89.98865880098418,-3.36342221e-09,-1.68797412e-05,1.687974153509426e-05,-90.01141663799936,-0.741398547,0.000130849795,0.7413985585468722,179.9898878397373,0.741424798,-0.000104972278,0.7414248054310835,-0.008112041128527883
125892.541,4.05944796e-09,2.00415188e-05,2.004151921112447e-05,89.98839463044686,-3.52193541e-09,-1.72729208e-05,1.7272921159059973e-05,-90.01168256569059,-0.741398546,0.000133897678,0.7413985580910596,179.98965229727793,0.741424797,-0.000107417396,0.7414248047812995,-0.008300994812861333
128824.955,4.25076384e-09,2.05083457e-05,2.0508346140527805e-05,89.9881243066694,-3.6879191e-09,-1.76752588e-05,1.767525918473969e-05,-90.01195468756302,-0.741398544,0.000137016555,0.7413985566608936,179.98941126833998,0.741424796,-0.000109919468,0.7414248041480208,-0.008494349785115471
131825.674,4.45109616e-09,2.09860464e-05,2.0986046872034047e-05,89.98784768624401,-3.86172537e-09,-1.80869684e-05,1.8086968812256004e-05,-90.01223314803698,-0.741398543,0.00014020808,0.7413985562575829,179.98916462512946,0.741424794,-0.000112479821,0.7414248025320253,-0.008692208604835973
134896.288,4.66086983e-09,2.14748742e-05,2.1474874705793587e-05,89.98756462257062,-4.04372287e-09,-1.8508268e-05,1.8508268441740265e-05,-90.01251809463128,-0.741398542,0.000143473946,0.7413985558823938,179.9889122367963,0.741424793,-0.000115099813,0.7414248019341272,-0.008894676192285844
138038.426,4.88052986e-09,2.19750882e-05,2.1975088741967597e-05,89.98727496537795,-4.23429765e-09,-1.89393809e-05,1.8939381373333222e-05,-90.01280967850988,-0.74139854,0.000146815883,0.7413985545366508,179.98865396962955,0.741424792,-0.000117780831,0.7414248013551795,-0.00910185974341853
141253.754,5.11054213e-09,2.24869537e-05,2.248695428072874e-05,89.986978561261,-4.43385394e-09,-1.93805357e-05,1.9380536207185682e-05,-90.01310805424782,-0.741398539,0.000150235664,0.741398554221742,179.98838968664097,0.741424791,-0.000120524299,0.7414248007960755,-0.009313869302013349
144543.977,5.35139454e-09,2.30107421e-05,2.301074272226205e-05,89.98667525302787,-4.64281503e-09,-1.98319663e-05,1.983196684345925e-05,-90.01341338006505,-0.741398537,0.000153735101,0.7413985529391204,179.98811924776692,0.741424789,-0.00012333167,0.7414247992577503,-0.009530817165763438
147910.839,5.60359799e-09,2.35467311e-05,2.35467317667658e-05,89.98636487980049,-4.86162414e-09,-2.02939121e-05,2.0293912682327074e-05,-90.01372581777726,-0.741398535,0.000157316051,0.7413985516903079,179.98784250951255,0.741424788,-0.000126204434,0.7414247987411833,-0.009752818453379624
151356.125,5.86768742e-09,2.40952049e-05,2.409520561445243e-05,89.9860472770654,-5.09074542e-09,-2.0766618e-05,2.0766618623974703e-05,-90.01404553313876,-0.741398534,0.000160980413,0.7413985514768979,179.9875593251386,0.741424786,-0.000129144112,0.7414247972473994,-0.009979990730620357
154881.662,6.14422298e-09,2.46564542e-05,2.4656454965549564e-05,89.98572227640686,-5.33066484e-09,-2.12503346e-05,2.1250335268600935e-05,-90.01437269561508,-0.741398532,0.000164730128,0.7413985503005588,179.98726954461014,0.741424785,-0.000132152265,0.7414247967774731,-0.010212454601729856
158489.319,6.43379128e-09,2.52307767e-05,2.5230777520301138e-05,89.98538970547736,-5.58189132e-09,-2.17453184e-05,2.174531911641881e-05,-90.0147074787055,-0.74139853,0.000168567185,0.7413985491630374,179.98697301423235,0.741424783,-0.000135230486,0.7414247953325283,-0.01045033319770161
162181.01,6.73700648e-09,2.58184769e-05,2.5818477778968494e-05,89.98504938805684,-5.84495774e-09,-2.22518319e-05,2.225183266765658e-05,-90.0150500598664,-0.741398528,0.000172493618,0.7413985480661631,179.9866695768163,0.741424781,-0.000138380408,0.7414247939137423,-0.010693752699957475
165958.691,7.05451182e-09,2.64198664e-05,2.6419867341831717e-05,89.98470114352261,-6.12042209e-09,-2.27701436e-05,2.2770144422558843e-05,-90.01540062075631,-0.741398526,0.00017651151,0.7413985470118524,179.9863590713864,0.741424779,-0.000141603701,0.7414247925223482,-0.010942842162662359
169824.365,7.38698067e-09,2.70352641e-05,2.7035265109190854e-05,89.98434478747323,-6.40886867e-09,-2.33005283e-05,2.330052918138767e-05,-90.01575934726702,-0.741398523,0.000180622991,0.7413985450021106,179.986041333316,0.741424777,-0.000144902075,0.7414247911596368,-0.01119773373109734
173780.083,7.73511832e-09,2.76649962e-05,2.7664997281367478e-05,89.98398013073933,-6.71090932e-09,-2.38432672e-05,2.3843268144423903e-05,-90.01612642962696,-0.741398521,0.00018483024,0.7413985440390378,179.98571619424771,0.741424775,-0.000148277277,0.7414247898269598,-0.01145856240982569
177827.941,8.09966319e-09,2.83093966e-05,2.8309397758706126e-05,89.98360698003711,-7.02718471e-09,-2.43986482e-05,2.4398649211968444e-05,-90.01650206238102,-0.741398519,0.000189135489,0.7413985431248342,179.98538348167276,0.741424773,-0.000151731098,0.7414247885257328,-0.01172546660363826
181970.086,8.48138851e-09,2.89688071e-05,2.8968808341575968e-05,89.98322513762919,-7.3583657e-09,-2.49669656e-05,2.496696668434372e-05,-90.01688644480356,-0.741398516,0.00019354102,0.7413985412618025,179.98504301921645,0.741424771,-0.000155265368,0.7414247872574378,-0.011998587731163614
186208.714,8.881104e-09,2.96435772e-05,2.964357853037261e-05,89.98283440092405,-7.70515476e-09,-2.55485208e-05,2.554852196189522e-05,-90.01727978063052,-0.741398513,0.000198049168,0.7413985394523542,179.98469462644775,0.741424769,-0.000158881963,0.7414247860236273,-0.01227807076581338
190546.072,9.2996575e-09,3.03340646e-05,3.0334066025519936e-05,89.98243456272675,-8.06828748e-09,-2.61436222e-05,2.6143623444993154e-05,-90.01768227838858,-0.741398511,0.000202662325,0.7413985386990152,179.98433811853232,0.741424766,-0.000162582798,0.7414247838259258,-0.012564063711782309
194984.46,9.73793682e-09,3.10406356e-05,3.1040637127472126e-05,89.98202541114695,-8.44853411e-09,-2.67525853e-05,2.6752586634034187e-05,-90.01809415150181,-0.741398508,0.000207382936,0.7413985370044293,179.98397330647725,0.741424764,-0.000166369837,0.7414247826660357,-0.012856718309438792
199526.231,1.01968716e-08,3.17636648e-05,3.1763666436715865e-05,89.9816067292447,-8.84670122e-09,-2.73757329e-05,2.737573432944338e-05,-90.01851561843937,-0.741398505,0.000212213504,0.7413985353713658,179.98359999686969,0.741424761,-0.000170245088,0.7414247805457389,-0.013156189767179442
204173.794,1.06774353e-08,3.25035354e-05,3.2503537153772624e-05,89.98117829493995,-9.26363336e-09,-2.80133955e-05,2.8013397031676173e-05,-90.01894690256802,-0.741398501,0.000217156591,0.7413985328027242,179.98321799169386,0.741424758,-0.000174210605,0.741424778466901,-0.013462636796960551
208929.613,1.11806473e-08,3.32606398e-05,3.3260641679201226e-05,89.98073988106552,-9.7002149e-09,-2.86659112e-05,2.8665912841220576e-05,-90.01938823256128,-0.741398498,0.000222214817,0.7413985313015402,179.98282708851926,0.741424755,-0.00017826849,0.7414247764314764,-0.013776221837022791
213796.209,1.17075749e-08,3.40353795e-05,3.4035381513600377e-05,89.98029125534957,-1.01573719e-08,-2.93336259e-05,2.9333627658599515e-05,-90.0198398424913,-0.741398495,0.000227390863,0.741398529870993,179.98242708013424,0.741424752,-0.000182420895,0.7414247744415103,-0.014097111189500947
218776.162,1.22593358e-08,3.48281651e-05,3.482816725761165e-05,89.97983217979049,-1.0636074e-08,-3.00168936e-05,3.0016895484373318e-05,-90.02030197172982,-0.741398491,0.000232687476,0.7413985275144123,179.9820177542247,0.741424749,-0.000186670023,0.7414247724991461,-0.014425475097701531
223872.114,1.28371004e-08,3.56394171e-05,3.563941941192252e-05,89.97936241100034,-1.11373367e-08,-3.07160767e-05,3.0716078719142386e-05,-90.02077486542939,-0.741398487,0.000238107462,0.741398525235283,179.98159889396413,0.741424746,-0.000191018125,0.7414247706066265,-0.014761487514268635
229086.765,1.34420942e-08,3.64695655e-05,3.646956797726958e-05,89.97888169984915,-1.16622231e-08,-3.14315459e-05,3.1431548063550006e-05,-90.02125877406199,-0.741398483,0.000243653696,0.7413985230372562,179.9811702771707,0.741424742,-0.000195467507,0.7414247677663006,-0.015105326662502475
234422.882,1.40756005e-08,3.73190506e-05,3.7319053254442156e-05,89.97838979149914,-1.22118467e-08,-3.21636804e-05,3.2163682718285595e-05,-90.02175395457385,-0.741398479,0.000249329118,0.7413985209241535,179.9807316766392,0.741424739,-0.000200020529,0.7414247659806288,-0.01545717487806211
239883.292,1.47389631e-08,3.81883227e-05,3.8188325544286035e-05,89.97788642500139,-1.27873732e-08,-3.29128686e-05,3.291287108408774e-05,-90.0222606691461,-0.741398474,0.000255136737,0.7413985178999775,179.98028285980558,0.741424735,-0.000204679604,0.7414247632521862,-0.015817218673848263
245470.892,1.54335889e-08,3.90778427e-05,3.9077845747707353e-05,89.9773713337371,-1.33900234e-08,-3.36795075e-05,3.3679510161747944e-05,-90.0227791866606,-0.74139847,0.000261079633,0.7413985159689193,179.979823588698,0.741424731,-0.000209447203,0.7414247605836705,-0.016185648983294016
251188.643,1.61609514e-08,3.99880823e-05,3.998808556567723e-05,89.97684424447324,-1.40210757e-08,-3.44640038e-05,3.44640066521143e-05,-90.02330978206085,-0.741398465,0.000267160957,0.7413985131353671,179.97935361975127,0.741424727,-0.000214325854,0.7414247579779059,-0.01656266116504371
257039.578,1.69225934e-08,4.09195241e-05,4.091952759923614e-05,89.97630487777448,-1.46818685e-08,-3.52667733e-05,3.5266776356095484e-05,-90.02385273653087,-0.74139846,0.000273383933,0.7413985104039166,179.9788727038391,0.741424722,-0.000219318142,0.741424754437849,-0.016948455005438297
263026.799,1.77201306e-08,4.18726619e-05,4.187266564949908e-05,89.97575294740956,-1.53738035e-08,-3.60882417e-05,3.608824497466526e-05,-90.02440833803016,-0.741398454,0.000279751861,0.7413985067793797,179.97838058590622,0.741424718,-0.000224426716,0.7414247519665973,-0.017343235168555605
269153.48,1.85552544e-08,4.28480012e-05,4.2848005217660566e-05,89.97518816120518,-1.60983484e-08,-3.69288445e-05,3.692884800886702e-05,-90.02497688120256,-0.741398449,0.000286268117,0.7413985042667947,179.9778770051107,0.741424713,-0.000229654284,0.7414247485673934,-0.01774721096932751
275422.87,1.94297364e-08,4.38460589e-05,4.3846063205000803e-05,89.9746102193029,-1.68570401e-08,-3.77890274e-05,3.7789031159818744e-05,-90.02555866756045,-0.741398443,0.000292936155,0.7413985008714377,179.97736169446625,0.741424708,-0.000235003617,0.7414247452436324,-0.01816059652209188
281838.293,2.03454315e-08,4.48673644e-05,4.4867369012891433e-05,89.97401881539038,-1.76514877e-08,-3.86692466e-05,3.8669250628718285e-05,-90.02615400521127,-0.741398437,0.000299759512,0.7413984975988338,179.97683438066025,0.741424702,-0.000240477552,0.7414247409988702,-0.018583611089448025
288403.15,2.1304282e-08,4.59124592e-05,4.591246414280218e-05,89.9734136359102,-1.84833766e-08,-3.95699687e-05,3.956997301684941e-05,-90.02676321028551,-0.741398431,0.000306741805,0.7413984944547681,179.9762947841686,0.741424697,-0.000246078991,0.7414247378368297,-0.01901647888244358
295120.923,2.23083216e-08,4.69818973e-05,4.698190259630786e-05,89.9727943601026,-1.93544711e-08,-4.04916712e-05,4.049167582558743e-05,-90.02738660547766,-0.741398424,0.000313886736,0.7413984904452982,179.9757426188656,0.741424691,-0.000251810904,0.7414247337614095,-0.019459429467304036
301995.172,2.33596802e-08,4.80762457e-05,4.807625137509608e-05,89.97216065935639,-2.0266619e-08,-4.1434843e-05,4.1434847956406145e-05,-90.02802452132131,-0.741398417,0.000321198094,0.7413984865767677,179.9751775919661,0.741424685,-0.000257676331,0.741424729776692,-0.01991269774393812
309029.543,2.44605877e-08,4.91960848e-05,4.91960908809749e-05,89.97151219797615,-2.1221755e-08,-4.2399984e-05,4.239998931088475e-05,-90.02867729605336,-0.741398409,0.000328679755,0.7413984818558187,179.97459940389598,0.741424679,-0.00026367838,0.7414247258869513,-0.020376523892210518
316227.766,2.56133794e-08,5.03420082e-05,5.0342014715881915e-05,89.97084863189752,-2.22219053e-08,-4.3387606e-05,4.3387611690715485e-05,-90.02934527604724,-0.741398402,0.000336335686,0.7413984782894063,179.97400774815068,0.741424672,-0.000269820236,0.7414247210966649,-0.02085115407050067
323593.657,2.68205004e-08,5.15146236e-05,5.151463058189313e-05,89.970169609499,-2.32691911e-08,-4.43982326e-05,4.4398238697711395e-05,-90.0300288151705,-0.741398394,0.000344169947,0.7413984738848143,179.97340231090138,0.741424665,-0.000276105153,0.7414247164105184,-0.021336839714419086
331131.121,2.80845113e-08,5.27145527e-05,5.271456018123316e-05,89.96947477058013,-2.4365834e-08,-4.54323997e-05,4.543240623381537e-05,-90.03072827602958,-0.741398385,0.00035218669,0.741398468649668,179.97278277127637,0.741424658,-0.000282536464,0.7414247118334204,-0.021833838391380363
338844.156,2.94080932e-08,5.39424316e-05,5.394243961628566e-05,89.96876374670224,-2.55141601e-08,-4.64906556e-05,4.649066260110923e-05,-90.03144402947049,-0.741398376,0.000360390167,0.7413984635919539,179.9721488007134,0.74142465,-0.000289117579,0.74142470637051,-0.022342413649323177
346736.85,3.07940535e-08,5.51989115e-05,5.519892008960468e-05,89.9680361610643,-2.6716605e-08,-4.75735614e-05,4.757356890182356e-05,-90.03217645480915,-0.741398367,0.000368784727,0.7413984587200337,179.9715000631188,0.741424642,-0.000295851988,0.7414247010271691,-0.02286283515954337
354813.389,3.2245332e-08,5.64846585e-05,5.6484667703927044e-05,89.96729162783376,-2.79757194e-08,-4.86816913e-05,4.8681699338348614e-05,-90.03292594055819,-0.741398357,0.000377374821,0.7413984530426638,179.97083621447723,0.741424633,-0.000302743262,0.7414246948090328,-0.02339537891316975
363078.055,3.37650072e-08,5.78003543e-05,5.780036416218534e-05,89.96652975208963,-2.9294174e-08,-4.98156328e-05,4.981564141324556e-05,-90.03369288407497,-0.741398347,0.000386165004,0.7413984475690131,179.97015690281273,0.741424625,-0.000309795053,0.741424689722001,-0.02394032706690098
371535.229,3.53563024e-08,5.91466965e-05,5.914670706752179e-05,89.96575013001078,-3.06747654e-08,-5.09759871e-05,5.0975996329258725e-05,-90.03447769200409,-0.741398337,0.000395159936,0.7413984423086823,179.96946176799761,0.741424615,-0.000317011101,0.7414246827722533,-0.024497968737172887
380189.396,3.7022593e-08,6.05243991e-05,6.0524410423303374e-05,89.96495234826774,-3.2120422e-08,-5.21633695e-05,5.216337938932868e-05,-90.03528078039854,-0.741398326,0.000404364387,0.7413984362717255,179.96875044136098,0.741424606,-0.000324395232,0.7414246769662592,-0.02506859949257026
389045.145,3.87674133e-08,6.19341923e-05,6.193420443313786e-05,89.96413598382176,-3.36342102e-08,-5.33784095e-05,5.337842009660633e-05,-90.0361025750809,-0.741398314,0.000413783236,0.7413984294686691,179.9680225458478,0.741424596,-0.000331951362,0.7414246703107943,-0.025652522020431938
398107.171,4.05944645e-08,6.33768238e-05,6.337683680089118e-05,89.9633006037554,-3.52193411e-08,-5.46217514e-05,5.462176275446802e-05,-90.03694351189574,-0.741398302,0.000423421478,0.7413984229105369,179.96727769548232,0.741424585,-0.000339683496,0.741424662812952,-0.026250045821342636
407380.278,4.25076219e-08,6.48530584e-05,6.485307233070559e-05,89.96244576519099,-3.68791768e-08,-5.58940543e-05,5.5894066466531406e-05,-90.03780403662591,-0.741398289,0.000433284223,0.7413984156088719,179.96651549531535,0.741424574,-0.000347595733,0.7414246554801607,-0.026861487623874407
416869.383,4.45109435e-08,6.63636789e-05,6.636369382701958e-05,89.96157101498069,-3.86172381e-08,-5.71959929e-05,5.719600593667297e-05,-90.03868460553238,-0.741398276,0.0004433767,0.7413984085757603,179.96573554128955,0.741424562,-0.00035569227,0.7414246473201999,-0.027487171800701364
426579.519,4.66086786e-08,6.79094861e-05,6.79095020945892e-05,89.9606758892386,-4.04372116e-08,-5.85282575e-05,5.852827146904638e-05,-90.0395856854496,-0.741398262,0.000453704261,0.7413984008238602,179.96493741975164,0.74142455,-0.000363977399,0.741424639341214,-0.02812742999345881
436515.832,4.88052769e-08,6.94912997e-05,6.949131683851064e-05,89.9597599133037,-4.23429577e-08,-5.98915544e-05,5.9891569368102436e-05,-90.04050775419672,-0.741398247,0.00046427238,0.7413983923664225,179.96412070766416,0.741424538,-0.000372455513,0.7414246315517328,-0.028782601684234795
446683.592,5.11053975e-08,7.11099584e-05,7.110997676424444e-05,89.95882260166023,-4.43385188e-08,-6.12866065e-05,6.128662253861027e-05,-90.04145130068325,-0.741398232,0.000475086662,0.7413983842173263,179.96328497191536,0.741424524,-0.000381131107,0.7414246219606868,-0.029453034316890246
457088.19,5.35139194e-08,7.27663203e-05,7.276633997764188e-05,89.95786345714038,-4.64281277e-08,-6.27141534e-05,6.271417058568002e-05,-90.04241682519356,-0.741398216,0.00048615284,0.7413983753911026,179.9624297694047,0.74142451,-0.000390008781,0.741424612577428,-0.030139083294241583
467735.141,5.60359513e-08,7.44612637e-05,7.446128478497249e-05,89.95688197131153,-4.86162167e-08,-6.41749521e-05,6.417497051478731e-05,-90.04340483956423,-0.741398199,0.000497476782,0.7413983659029686,179.961554646646,0.741424496,-0.000399093241,0.7414246034117489,-0.03084111228641174
478630.092,5.86768427e-08,7.61956873e-05,7.619570989295429e-05,89.9558776238338,-5.0907427e-08,-6.5669777e-05,6.56697967317994e-05,-90.04441586772406,-0.741398181,0.000509064491,0.7413983557688569,179.96065913972,0.74142448,-0.000408389305,0.7414245924739042,-0.03155949370375249
489778.819,6.14421954e-08,7.79705107e-05,7.797053490878583e-05,89.95484988208815,-5.33066186e-08,-6.71994207e-05,6.719944184300324e-05,-90.04545044575443,-0.741398163,0.000520922112,0.7413983460054531,179.95974277378792,0.741424464,-0.000417901901,0.7414245817746308,-0.03229460829085474
501187.234,6.4337875e-08,7.97866749e-05,7.978670084018043e-05,89.95379820119122,-5.58188805e-08,-6.87646942e-05,6.876471685513535e-05,-90.04650912222552,-0.741398143,0.000533055931,0.741398334630227,179.95880506295262,0.741424448,-0.000427636074,0.741424571325173,-0.03304684591509295
512861.384,6.73700236e-08,8.16451428e-05,8.164517059540309e-05,89.952722023509,-5.84495415e-08,-7.03664276e-05,7.036645187541393e-05,-90.04759245831328,-0.741398123,0.000545472382,0.7413983236614732,179.95784551009666,0.74142443,-0.000437596983,0.7414245591373033,-0.03381660534470731
524807.46,7.05450727e-08,8.35468998e-05,8.354692958330977e-05,89.95162077850604,-6.12041816e-08,-7.20054699e-05,7.200549591157366e-05,-90.0487010286104,-0.741398102,0.000558178048,0.7413983121183482,179.9568636064235,0.741424412,-0.00044778991,0.7414245472233498,-0.03460429467488845
537031.796,7.38697571e-08,8.54929542e-05,8.549298611339008e-05,89.95049388219392,-6.40886437e-08,-7.36826902e-05,7.368271807190221e-05,-90.04983542081261,-0.74139808,0.000571179666,0.7413983000209113,179.95585883128962,0.741424392,-0.000458220261,0.7414245335962232,-0.03541033176588138
549540.874,7.73511287e-08,8.74843379e-05,8.748437209581198e-05,89.94934073724991,-6.7109046e-08,-7.53989779e-05,7.539900776527993e-05,-90.05099623621827,-0.741398056,0.000584484129,0.741398286390167,179.95483065193474,0.741424372,-0.000468893564,0.7414245202694396,-0.03623514371920018
562341.325,8.09965721e-08,8.95221066e-05,8.952214324147101e-05,89.94816073206609,-7.02717953e-08,-7.71552429e-05,7.71552749012225e-05,-90.05218409047603,-0.741398032,0.000598098491,0.7413982732481091,179.95377852333775,0.741424351,-0.000479815479,0.7414245062571543,-0.037079167978227454
575439.937,8.48138197e-08,9.16073408e-05,9.160738006204171e-05,89.94695324105828,-7.35836002e-08,-7.89524163e-05,7.895245058992611e-05,-90.05339961345965,-0.741398007,0.000612029971,0.7413982596177695,179.95270188754603,0.741424329,-0.000490991797,0.7414244915741892,-0.03794285206318315
588843.655,8.88109683e-08,9.37411461e-05,9.374118817003353e-05,89.94571762403896,-7.70514853e-08,-8.0791451e-05,8.079148774231596e-05,-90.05464344952067,-0.74139798,0.000626285955,0.7413982445232641,179.95160017369543,0.741424306,-0.000502428443,0.7414244762360641,-0.038826653849630875
602559.586,9.29964964e-08,9.59246538e-05,9.592469887885079e-05,89.94445322580982,-8.06828065e-08,-8.26733221e-05,8.267336147009878e-05,-90.0559162581916,-0.741397952,0.000640874002,0.7413982289898464,179.95047279767968,0.741424282,-0.000514131481,0.7414244602590307,-0.039731041954867014
616595.002,9.73792819e-08,9.81590217e-05,9.815907000285615e-05,89.94315937610341,-8.44852663e-08,-8.45990274e-05,8.459906958581857e-05,-90.05721871432316,-0.741397923,0.000655801846,0.7413982130439586,179.94931916180605,0.741424256,-0.000526107117,0.7414244426601081,-0.04065649602458939
630957.344,1.01968621e-07,0.000100445434,0.00010044548575743973,89.94183538876341,-8.84669301e-08,-8.65695879e-05,8.656963310291633e-05,-90.05855150844195,-0.741397892,0.000671077402,0.7413981957132908,179.9481386543239,0.74142423,-0.000538361699,0.7414244254571142,-0.04160350651483055
645654.229,1.06774249e-07,0.000102785104,0.00010278515945909247,89.94048056197148,-9.26362436e-08,-8.85860483e-05,8.858609673579461e-05,-90.05991534734176,-0.74139786,0.00068670877,0.7413981780268375,179.9469306493224,0.741424202,-0.000550901725,0.7414244066687091,-0.04257257569281149
660693.448,1.11806359e-07,0.000105179271,0.00010517933042548499,89.93909417683149,-9.70020503e-08,-9.06494778e-05,9.064952969988567e-05,-90.0613109540158,-0.741397826,0.000702704236,0.7413981590149585,179.94569450637638,0.741424173,-0.000563733843,0.7414243873144312,-0.04356421725178496
676082.975,1.17075624e-07,0.000107629206,0.00010762926967554955,89.93767549959104,-1.01573611e-07,-9.27609704e-05,9.276102601172611e-05,-90.06273906869549,-0.741397791,0.000719072282,0.7413981397094456,179.9444295700568,0.741424142,-0.000576864858,0.7414243664147413,-0.044578957132695475
691830.971,1.22593221e-07,0.000110136206,0.00011013627422957556,89.93622377677269,-1.06360622e-07,-9.49216456e-05,9.492170518903414e-05,-90.06420044825433,-0.741397754,0.000735821586,0.7413981191435886,179.94313516964084,0.74142411,-0.000590301731,0.7414243449910622,-0.04561733321448527
707945.784,1.28370854e-07,0.000112701601,0.00011270167410930218,89.93473823884842,-1.11373237e-07,-9.71326491e-05,9.713271295079559e-05,-90.06569586738803,-0.741397716,0.000752961029,0.7413980983522468,179.94181061886766,0.741424077,-0.000604051587,0.7414243230658283,-0.046679896107188354
724435.96,1.34420778e-07,0.000115326751,0.00011532682933802333,89.93321809811016,-1.16622089e-07,-9.9395153e-05,9.939522141735513e-05,-90.067226119481,-0.741397675,0.000770499697,0.741398075371921,179.9404552154,0.741424042,-0.000618121715,0.7414242996625297,-0.04776720915893244
741310.241,1.40755825e-07,0.000118013049,0.00011801313294069721,89.93166254953564,-1.2211831e-07,-0.000101710357,0.00010171043031050988,-90.0687920149779,-0.741397633,0.00078844689,0.7413980522408329,179.93906824067625,0.741424005,-0.000632519576,0.7414242748057647,-0.04887984894980717
758577.575,1.47389433e-07,0.000120761918,0.00012076200794407024,89.93007076732104,-1.2787356e-07,-0.000104079488,0.00010407956655362037,-90.07039438561443,-0.741397589,0.000806812124,0.7413980279990069,179.93764895920486,0.741423967,-0.000647252802,0.741424249521289,-0.05001840520725164
776247.117,1.54335672e-07,0.000123574816,0.00012357491237679883,89.92844190812939,-1.33900046e-07,-0.000106503804,0.00010650388817171294,-90.07203407936728,-0.741397542,0.000825605134,0.7413980016883501,179.936196618562,0.741423927,-0.000662329207,0.7414242228360763,-0.051183481855358516
794328.235,1.61609276e-07,0.000126453234,0.00012645333726959065,89.92677510799213,-1.40210551e-07,-0.000108984588,0.00010898467819160799,-90.07371196726798,-0.741397494,0.000844835886,0.7413979753527482,179.934710448728,0.741423885,-0.000677756782,0.7414241947783662,-0.05237569643227311
812830.516,1.69225674e-07,0.000129398698,0.00012939880865535023,89.92506948270983,-1.46818459e-07,-0.000111523156,0.0001115232526420398,-90.0754289377856,-0.741397443,0.000864514575,0.7413979470381535,179.93318966164134,0.74142384,-0.000693543708,0.7414241643777335,-0.05359568123152067
831763.771,1.7720102e-07,0.00013241277,0.00013241288856933223,89.92332412870394,-1.53737788e-07,-0.000114120855,0.00011412095855380152,-90.07718590152065,-0.74139739,0.000884651635,0.7413979177926839,179.93163345103054,0.741423794,-0.000709698354,0.7414241336651433,-0.05484408285998367
851138.038,1.85552231e-07,0.000135497048,0.00013549717504931507,89.92153812037402,-1.60983213e-07,-0.000116779061,0.00011677917195988584,-90.07898379003636,-0.741397334,0.000905257743,0.7413978866667268,179.93004099166424,0.741423746,-0.000726229286,0.7414241016730225,-0.056121563362114615
870963.59,1.94297021e-07,0.000138653168,0.00013865330413577814,89.91971051113367,-1.68570103e-07,-0.000119499185,0.00011949930389564553,-90.0808235558059,-0.741397276,0.000926343823,0.7413978547130403,179.928411439407,0.741423695,-0.000743145268,0.7414240674353257,-0.05742880009049275
891250.938,2.03453939e-07,0.000141882802,0.00014188294787209805,89.91784033106322,-1.76514551e-07,-0.000122282667,0.00012228279439896523,-90.08270617593328,-0.741397214,0.000947921054,0.741397819986872,179.92674393012896,0.741423642,-0.000760455269,0.7414240319876071,-0.05876648608864446
912010.839,2.13042407e-07,0.000145187663,0.00014518781930475007,89.9159265893157,-1.84833407e-07,-0.000125130984,0.00012513112051043337,-90.08463264727436,-0.74139715,0.000970000878,0.7413977845460733,179.92503757976144,0.741423587,-0.000778168466,0.7414239953670964,-0.06013533054815387
933254.301,2.23082763e-07,0.000148569503,0.00014856967048353496,89.91396827115936,-1.93544318e-07,-0.000128045646,0.00012804579227354698,-90.08660399218017,-0.741397083,0.000992595001,0.7413977474512212,179.92329148354133,0.741423529,-0.000796294251,0.7414239566127789,-0.061536059358628485
954992.586,2.33596305e-07,0.000152030115,0.0001520302944618175,89.9119643377652,-2.02665759e-07,-0.000131028198,0.0001310283547349087,-90.0886212552697,-0.741397013,0.0010157154,0.7413977087657447,179.9215047158588,0.741423468,-0.000814842233,0.7414239157654761,-0.06296941510205331
977237.221,2.44605333e-07,0.000155571334,0.00015557152629677606,89.90991372691819,-2.12217078e-07,-0.000134080222,0.00013408038994445638,-90.09068550585023,-0.74139694,0.00103937434,0.7413976685560741,179.91967632884666,0.741423404,-0.000833822247,0.7414238728679342,-0.06443615782575138
1000000.0,2.56133197e-07,0.000159195037,0.0001591952430496778,89.90781535156641,-2.22218535e-07,-0.000137203335,0.00013720351495570196,-90.09279783944086,-0.741396863,0.00106358435,0.7413976258917413,179.9178053541246,0.741423337,-0.000853244355,0.7414238279649129,-0.0659370651196614
1023292.99,2.6820435e-07,0.000162903146,0.0001629033667861738,89.90566809914608,-2.32691344e-07,-0.000140399194,0.00014039938682598014,-90.09495937514669,-0.741396782,0.00108835828,0.7413975808455954,179.91589079860802,0.741423267,-0.000873118854,0.7414237811032814,-0.06747293273456025
1047128.55,2.80844396e-07,0.000166697626,0.0001666978625766109,89.90347083067435,-2.43657718e-07,-0.000143669493,0.00014366969961672707,-90.09717125891427,-0.741396698,0.00111370926,0.74139753449389,179.9139316476892,0.741423194,-0.000893456281,0.7414237323321177,-0.0690445749684495
1071519.31,2.94080145e-07,0.00017058049,0.00017058074349636241,89.90122238214983,-2.55140918e-07,-0.000147015966,0.00014701618739377373,-90.09943466348649,-0.741396609,0.00113965073,0.7413974849164822,179.91192686245722,0.741423118,-0.000914267419,0.7414236817028138,-0.07065282513021844
1096478.2,3.07939672e-07,0.000174553796,0.00017455406762619772,89.89892156085484,-2.67165302e-07,-0.000150440386,0.00015044062322766279,-90.10175079014269,-0.741396517,0.00116619644,0.7413974341969818,179.90987538050823,0.741423037,-0.000935563301,0.7414236272691838,-0.07229853604377504
1122018.45,3.22452375e-07,0.00017861965,0.00017861994105266259,89.89656714638134,-2.79756373e-07,-0.00015394457,0.0001539448241939726,-90.10412086519317,-0.74139642,0.00119336047,0.7413973804229603,179.9077761134597,0.741422953,-0.000957355218,0.741423571087576,-0.07398258009026774
1148153.62,3.37649035e-07,0.000182780208,0.00018278051986848624,89.89415789122918,-2.9294084e-07,-0.000157530376,0.00015753064837369622,-90.10654614594526,-0.741396319,0.00122115722,0.7413973246860995,179.9056279485581,0.741422865,-0.000979654723,0.7414235122169951,-0.07570585018651955
1174897.55,3.53561887e-07,0.000187037676,0.00018703801017303653,89.89169251764643,-3.06746667e-07,-0.000161199703,0.00016119999485361632,-90.10902791914788,-0.741396212,0.00124960142,0.7413972650823969,179.90342974716745,0.741422773,-0.00100247364,0.7414234507192287,-0.07746926009718524
1202264.43,3.70224683e-07,0.00019139431,0.00019139466807278622,89.88916971799947,-3.21203138e-07,-0.000164954499,0.00016495481172671761,-90.11156749906935,-0.741396101,0.00127870816,0.7413972037123964,179.90118034333915,0.741422677,-0.00102582406,0.7414233866589646,-0.07927374422092835
1230268.77,3.87672766e-07,0.000195852422,0.00019585280568181702,89.88658815608322,-3.36340916e-07,-0.000168796753,0.00016879708809264095,-90.1141662331632,-0.741395985,0.00130849287,0.7413971396813661,179.89887854446377,0.741422576,-0.00104971838,0.7414233191039739,-0.08112026071366787
1258925.41,4.05943146e-07,0.000200414374,0.00020041478512237976,89.88394646194426,-3.5219211e-07,-0.000172728502,0.00017272886105815192,-90.11682549945373,-0.741395863,0.00133897134,0.7413970720995359,179.8965231300977,0.74142247,-0.00107416924,0.7414232481251563,-0.08300978640887613
1288249.55,4.25074575e-07,0.000205082585,0.00020508302552546016,89.88124323550485,-3.68790342e-07,-0.000176751831,0.0001767522157376504,-90.11954670760409,-0.741395735,0.00137015972,0.7413970010823139,179.89411285210554,0.741422359,-0.00109918963,0.7414231737968322,-0.08494332518843471
1318256.74,4.45107632e-07,0.000209859529,0.00020986000103141597,89.87847704308487,-3.86170817e-07,-0.000180868873,0.00018086928525371584,-90.12233130000318,-0.741395601,0.00140207456,0.7413969267505923,179.89164643143852,0.741422243,-0.0011247928,0.7414230961967628,-0.08692190102761009
1348962.88,4.6608481e-07,0.00021474774,0.00021474824579064135,89.8756464185518,-4.04370401e-07,-0.000185081811,0.00018508225273769748,-90.12518075302717,-0.741395461,0.00143473277,0.7413968492309121,179.88912256122586,0.741422122,-0.00115099232,0.7414230154063897,-0.08894656263172793
1380384.26,4.88050602e-07,0.000219749809,0.00021975035096428536,89.87274986115352,-4.23427697e-07,-0.000189392878,0.00018939335133033965,-90.1280965778751,-0.741395314,0.00146815166,0.7413967676557913,179.88653990353046,0.741421995,-0.0011778021,0.7414229305110321,-0.09101838510448489
1412537.54,5.11051599e-07,0.000224868387,0.0002248689677250256,89.86978583466382,-4.43383126e-07,-0.00019380436,0.00019380486718244725,-90.13108031989596,-0.741395161,0.00150234896,0.7413966831640223,179.88389708825545,0.741421861,-0.00120523633,0.7414228405999606,-0.0931384651999284
1445439.77,5.35136589e-07,0.000230106189,0.00023010681125788655,89.86675276805946,-4.64279016e-07,-0.000198318594,0.0001983191374556211,-90.1341335625655,-0.741395,0.00153734279,0.7413965939008986,179.88119271469705,0.741421722,-0.00123330957,0.7414227477667115,-0.09530792789248428
1479108.39,5.60356656e-07,0.000235465991,0.00023546665776112336,89.86364905324326,-4.86159688e-07,-0.000202937976,0.0002029385583230028,-90.13725792261855,-0.741394832,0.0015731517,0.7413965010185706,179.87842534938216,0.741421576,-0.00126203669,0.7414226501091875,-0.09752792261682412
1513561.25,5.86765295e-07,0.000240950634,0.00024095134844717798,89.86047304398531,-5.09071552e-07,-0.000207664953,0.00020766557697013066,-90.14045505778374,-0.741394655,0.00160979468,0.7413964026763825,179.8755935243444,0.741421423,-0.00129143293,0.7414225477299418,-0.09979962715680137
1548816.62,6.1441852e-07,0.000246563026,0.0002465637915436782,89.85722305670157,-5.33063207e-07,-0.000212502031,0.00021250269959581126,-90.14372666354164,-0.741394471,0.00164729116,0.7413963010411744,179.87269573826842,0.741421263,-0.00132151386,0.7414224407363169,-0.1021242447998491
1584893.19,6.43374984e-07,0.000252306143,0.0002523069632945284,89.85389736892226,-5.58185538e-07,-0.000217451775,0.00021745249141305663,-90.14707447326471,-0.741394278,0.001685661,0.7413961942876078,179.86973045593535,0.741421095,-0.00135229545,0.7414223282407828,-0.104503009887384
1621810.1,6.73696107e-07,0.000258183029,0.00025818390796108776,89.8504942166474,-5.84491833e-07,-0.000222516809,0.0002225175766501274,-90.15050026252058,-0.741394075,0.00172492456,0.7413960815986574,179.86669610363217,0.74142092,-0.001383794,0.7414222113610308,-0.10693718198904506
1659586.91,7.054462e-07,0.000264196799,0.00026419774082339826,89.84701179564642,-6.12037888e-07,-0.000227699818,0.00022770064055160116,-90.15400584743847,-0.741393863,0.00176510265,0.7413959641658618,179.863591073219,0.741420736,-0.00141602621,0.7414220882203396,-0.10942805201726444
1698243.65,7.38692607e-07,0.000270350643,0.0002703516521815265,89.84344826058894,-6.4088213e-07,-0.000233003549,0.000233004430379553,-90.15759308719721,-0.741393641,0.00180621657,0.7413958411898024,179.86041371832673,0.741420543,-0.00144900917,0.7414219589477976,-0.1119769407501109
1737800.83,7.73505844e-07,0.000276647821,0.00027664890235701056,89.83980172104002,-6.71085738e-07,-0.000238430815,0.00023843175941478932,-90.161263882546,-0.741393409,0.00184828811,0.741395712880496,179.85716235489224,0.741420342,-0.00148276037,0.7414218246785778,-0.11458519972500289
1778279.41,8.09959753e-07,0.000283091672,0.0002830928306943803,89.8360702437311,-7.02712775e-07,-0.000243984491,0.0002439855029582152,-90.16502018109186,-0.741393165,0.00189133957,0.7413955774578683,179.8538352590429,0.741420131,-0.00151729769,0.7414216835541954,-0.1172542110805091
1819700.86,8.48131653e-07,0.000289685612,0.0002896868535628004,89.83225185052754,-7.35830324e-07,-0.000249667523,0.000249668607332242,-90.16886397328176,-0.741392911,0.00193539378,0.7413954371522241,179.8504306667157,0.74141991,-0.00155263944,0.7414215357228562,-0.11998538989271446
1862087.14,8.88102508e-07,0.000296433137,0.0002964344673578386,89.82834451722832,-7.70508627e-07,-0.000255482923,0.0002554840848823429,-90.17279729713593,-0.741392644,0.0019804741,0.7413952892047343,179.8469467718913,0.741419678,-0.00158880437,0.7414213803397834,-0.1227801854087776
1905460.72,9.29957096e-07,0.000303337824,0.0003033392495033496,89.82434617254,-8.06821239e-07,-0.000261433773,0.00026143501797870774,-90.17682223886312,-0.741392364,0.00202660441,0.7413951338678606,179.84338172893874,0.741419436,-0.00162581163,0.7414212185674312,-0.12564007746669978
1949844.6,9.73784192e-07,0.000310403332,0.00031040485945351245,89.82025469583837,-8.44845178e-07,-0.000267523229,0.00026752456301798016,-90.18094093101139,-0.741392072,0.00207380917,0.7413949724060225,179.8397336476173,0.741419182,-0.00166368086,0.741421048576012,-0.12856658427878007
1995262.31,1.01967675e-06,0.000317633407,0.0003176350436949647,89.81606791898675,-8.84661094e-07,-0.000273754517,0.0002737559464251955,-90.18515555869949,-0.741391765,0.00212211341,0.7413948020961169,179.83600059276824,0.741418917,-0.00170243211,0.7414208715436476,-0.13156125524434492
2041737.94,1.06773212e-06,0.000325031881,0.00032503363474920287,89.81178361986473,-9.26353437e-07,-0.000280130942,0.0002801324736557645,-90.18946835516195,-0.741391444,0.00217154273,0.7413946242280378,179.83218058602426,0.741418638,-0.00174208593,0.7414206846569379,-0.1346256791156538
2089296.13,1.11805222e-06,0.000332602677,0.00033260455617494623,89.80739952915465,-9.70010636e-07,-0.000286655883,0.0002866575241976803,-90.19388160749386,-0.741391108,0.00222212332,0.7413944381053293,179.8282716029762,0.741418347,-0.00178266335,0.7414204901112673,-0.1377614808636737
2137962.09,1.17074377e-06,0.000340349808,0.00034035182157087375,89.80291332396767,-1.01572529e-06,-0.000293332799,0.0002933345575738378,-90.19839765570777,-0.741390757,0.00227388202,0.7413942440459557,179.82427156919445,0.741418042,-0.00182418586,0.7414202861111676,-0.14097032173842736
2187761.62,1.22591854e-06,0.000348277379,0.00034827953657855975,89.79832262296013,-1.06359435e-06,-0.00030016523,0.0003001671143444836,-90.20301889173061,-0.741390388,0.00232684623,0.7413940393826812,179.82017836624115,0.741417723,-0.00186667548,0.7414200728708741,-0.14425390359763038
2238721.14,1.28369355e-06,0.000356389593,0.00035639190488538874,89.79362499362789,-1.11371936e-06,-0.000307156795,0.000307158814110038,-90.20774777014566,-0.741390003,0.00238104406,0.7413938264641511,179.81598982197872,0.741417388,-0.00191015473,0.7414198486146936,-0.14761396734140267
2290867.65,1.34419134e-06,0.00036469075,0.0003646932272279279,89.788817945407,-1.16620662e-06,-0.000314311203,0.0003143133665137195,-90.21258679329775,-0.741389599,0.00243650421,0.7413936026552604,179.81170371744494,0.741417038,-0.00195464666,0.7414196145775068,-0.15105229425827815
2344228.82,1.40754023e-06,0.00037318525,0.000373187904395442,89.78389892885058,-1.22116747e-06,-0.000321632244,0.0003216345622448951,-90.21753853107057,-0.741389176,0.00249325609,0.7413933683382185,179.80731777951345,0.741416671,-0.00200017485,0.7414193690052565,-0.1545707072069949
2398832.92,1.47387457e-06,0.000381877595,0.0003818804392335802,89.77886533749903,-1.27871846e-06,-0.000329123799,0.00032912628304207546,-90.22260560471483,-0.741388733,0.00255132977,0.7413931229131685,179.802829683781,0.741416287,-0.00204676342,0.7414191121554419,-0.1581710703943033
2454708.92,1.54333505e-06,0.000390772393,0.00039077544064849187,89.77371450346897,-1.33898166e-06,-0.000336789839,0.00033679250069669264,-90.22779070171717,-0.741388269,0.00261075605,0.7413928657992125,179.7982370493993,0.741415885,-0.00209443708,0.7414188432977781,-0.16185529384628122
2511886.43,1.616069e-06,0.000399874357,0.00039987762261118866,89.76844369396055,-1.40208489e-06,-0.000344634427,0.00034463727905677456,-90.23309657195995,-0.741387784,0.0026715664,0.7413925974350299,179.79353744398935,0.741415464,-0.00214322108,0.7414185617145912,-0.16562532934640573
2570395.78,1.69223069e-06,0.000409188312,0.00040919181116209734,89.76305011432252,-1.46816199e-06,-0.000352661721,0.00035266477703097985,-90.23852602847904,-0.741387275,0.00273379308,0.7413923152801962,179.78872837325932,0.741415023,-0.00219314129,0.7414182667016024,-0.16948317661891962
2630267.99,1.77198163e-06,0.000418719195,0.0004187229444159289,89.75753090876195,-1.53735309e-06,-0.000360875975,0.00036087924959288524,-90.24408194763464,-0.741386743,0.00279746904,0.7413920208156934,179.7838072906745,0.741414561,-0.00224422416,0.7414179575684036,-0.17343088023883624
2691534.8,1.85549099e-06,0.000428472056,0.000428476073567336,89.7518831470751,-1.60980495e-06,-0.000369281542,0.0003692850507858053,-90.2497672770799,-0.741386185,0.00286262805,0.7413917115453927,179.77877158515565,0.741414078,-0.00229649676,0.7414176346391815,-0.17747053248486552
2754228.7,1.94293587e-06,0.000438452065,0.0004384563698962066,89.74610383793859,-1.68567123e-06,-0.000377882878,0.00037788663772758436,-90.25558502945927,-0.741385601,0.00292930464,0.7413913879967888,179.77361858771613,0.741413571,-0.00234998679,0.7414172952534122,-0.18160427506527377
2818382.93,2.03450173e-06,0.00044866451,0.0004486691227740432,89.74018991700977,-1.76511284e-06,-0.000386684541,0.0003866885696160653,-90.261538290127,-0.74138499,0.00299753414,0.7413910497222235,179.7683455672233,0.741413041,-0.00240472261,0.7414169407665965,-0.18583429976720012
2884031.5,2.13038278e-06,0.000459114804,0.00045911974667046045,89.73413824835635,-1.84829825e-06,-0.000395691195,0.00039569551173465313,-90.26763021303591,-0.74138435,0.00306735271,0.7413906953001029,179.76294972804428,0.741412486,-0.00246073322,0.7414165695509376,-0.19016284859358715
2951209.23,2.23078236e-06,0.000469808485,0.0004698137811600815,89.72794562516629,-1.9354039e-06,-0.000404907613,0.0004049122384586738,-90.27386402988093,-0.74138368,0.00313879735,0.7413903243360725,179.75742820988924,0.741411905,-0.0025180483,0.7414161809961866,-0.1945922158926618
3019951.72,2.33591341e-06,0.00048075122,0.00048075689493022085,89.72160876374369,-2.02661452e-06,-0.00041433868,0.0004143436362616844,-90.28024304350343,-0.741382978,0.00321190592,0.7413899354643192,179.7517780856315,0.741411296,-0.00257669822,0.741415773510462,-0.1991247496399419
3090295.43,2.4459989e-06,0.000491948807,0.000491954887788852,89.7151243039438,-2.12212356e-06,-0.000423989393,0.00042399470372271434,-90.2867706369425,-0.741382243,0.00328671716,0.7413895283488976,179.7459963604071,0.741410659,-0.00263671406,0.7414153475211102,-0.20376285219189938
3162277.66,2.56127229e-06,0.00050340718,0.0005034136956731471,89.70848880991277,-2.22213357e-06,-0.000433864865,0.0004338705555336421,-90.29345027008982,-0.741381473,0.00336327073,0.741389101685244,179.74007996785943,0.741409992,-0.00269812762,0.7414149014756136,-0.2085089821224308
3235936.57,2.68197806e-06,0.000515132411,0.0005151393926589068,89.70169876350428,-2.32685666e-06,-0.000443970331,0.0004439764285073767,-90.30028548346512,-0.741380668,0.00344160717,0.741388656201347,179.7340257742648,0.741409293,-0.00276097145,0.741414433842576,-0.2133656560310361
3311311.21,2.80837221e-06,0.000527130713,0.000527138193970384,89.69475056453238,-2.43651492e-06,-0.000454311144,0.00045431767758644846,-90.30727990069019,-0.741379824,0.003521768,0.741388188659704,179.7278305686825,0.741408561,-0.00282527883,0.7414139441125707,-0.21833544670564392
3388441.56,2.94072278e-06,0.000539408443,0.0005394164589907812,89.68764053111842,-2.55134092e-06,-0.000464892784,0.0004648997848523494,-90.31443723003312,-0.74137894,0.0036037957,0.7413876988586815,179.72149106695994,0.741407795,-0.00289108385,0.7414134317994177,-0.22342098957489828
3467368.5,3.07931046e-06,0.000551972107,0.0005519806962738176,89.6803648940897,-2.67157817e-06,-0.000475720857,0.000475728358535344,-90.32176126481136,-0.741378015,0.00368773372,0.74138718663417,179.71500390993089,0.741406992,-0.00295842137,0.7414128944410737,-0.22862498023519287
3548133.89,3.22442916e-06,0.00056482836,0.0005648375635558399,89.67291979577527,-2.79748167e-06,-0.000486801101,0.00048680913902525105,-90.32925588756852,-0.741377046,0.00377362655,0.7413866498616124,179.7083656572182,0.741406152,-0.00302732705,0.74141233260077,-0.2339501752645769
3630780.55,3.37638664e-06,0.000577984015,0.0005779938767688313,89.66530129038821,-2.92931842e-06,-0.000498139385,0.0004981479978827415,-90.33692507112167,-0.741376032,0.00386151967,0.7413860884574426,179.7015727926154,0.741405272,-0.00309783742,0.7414117438684625,-0.23939939946418506
3715352.29,3.53550515e-06,0.000591446041,0.0005914566080544196,89.65750533991644,-3.06736801e-06,-0.000509741716,0.0005097509448516339,-90.34477288091763,-0.741374969,0.00395145967,0.7413854993815799,179.69462171284218,0.741404351,-0.00316998981,0.741411127861679,-0.244975538909294
3801893.96,3.70212214e-06,0.00060522157,0.0006052328927789734,89.64952781124522,-3.2119232e-06,-0.000521614242,0.0005216241308719118,-90.352803475784,-0.741373857,0.00404349419,0.7413848836389376,179.68750873498692,0.741403387,-0.00324382246,0.7414104832272226,-0.2506815503923434
3890451.45,3.87659095e-06,0.000619317899,0.0006193300315495509,89.6413644754679,-3.36329054e-06,-0.000533763251,0.0005337738470938281,-90.36102111298074,-0.741372692,0.00413767197,0.741384238281782,179.68023008938104,0.741402377,-0.00331937446,0.7414098076422079,-0.2565204568271642
3981071.71,4.05928155e-06,0.000633742496,0.0006337554962310088,89.63301100760535,-3.52179104e-06,-0.000546195179,0.0005462065328929813,-90.36943014945092,-0.741371472,0.00423404292,0.7413835624121262,179.67278191663812,0.741401319,-0.00339668585,0.7414090998158192,-0.2624953543124365
4073802.78,4.25058138e-06,0.000648503001,0.0006485169309648546,89.62446297750434,-3.6877608e-06,-0.000558916611,0.0005589287768861461,-90.37803504038013,-0.741370195,0.00433265808,0.7413828551837277,179.66516026993705,0.741400211,-0.00347579756,0.7414083584904627,-0.26860940782136494
4168693.83,4.45089609e-06,0.000663607233,0.0006636221591884348,89.61571585661206,-3.8615518e-06,-0.000571934285,0.0005719473209490235,-90.38684034937042,-0.741368858,0.00443356968,0.7413821148047285,179.65736110991992,0.741399052,-0.0035567515,0.7414075834436356,-0.2748658577895993
4265795.19,4.66065048e-06,0.000679063191,0.0006790791846566932,89.60676500657323,-4.04353255e-06,-0.000585255097,0.0005852690652340702,-90.3958507399686,-0.741367458,0.00453683117,0.7413813395402173,179.64938030278978,0.741397837,-0.00363959055,0.7414067704894866,-0.2812680211997489
4365158.32,4.88028934e-06,0.000694879062,0.0006948961994643819,89.5976056843069,-4.23408897e-06,-0.000598886101,0.0005989010681910561,-90.4050709906479,-0.741365991,0.00464249725,0.7413805267149444,179.64121361750284,0.741396566,-0.00372435857,0.7414059204803738,-0.28781928903872633
4466835.92,5.11027841e-06,0.000711063222,0.0007110815850705522,89.58823303595975,-4.43362513e-06,-0.000612834516,0.0006128505535876978,-90.41450598730951,-0.741364456,0.00475062386,0.7413796767158074,179.6328567284603,0.741395234,-0.00381110045,0.7414050293089162,-0.2945231339179826
4570881.9,5.35110538e-06,0.000727624241,0.0007276439173246857,89.57864209361132,-4.64256414e-06,-0.000627107729,0.0006271249135326482,-90.42416072982141,-0.741362848,0.00486126828,0.741378785995365,179.62430520439784,0.74139384,-0.00389986212,0.7414040969097087,-0.30138310741878455
4677351.41,5.60328092e-06,0.000744570889,0.000744591972494546,89.56882777385032,-4.86134905e-06,-0.000641713298,0.0006417317114999248,-90.43404033552625,-0.741361164,0.0049744891,0.741377853074423,179.61555451357918,0.74139238,-0.00399069059,0.7414031202614738,-0.3084028459160889
4786300.92,5.86733976e-06,0.000761912139,0.0007619347302961157,89.55878487435041,-5.09044379e-06,-0.000656658957,0.0006566786873550162,-90.4441500412866,-0.741359402,0.00509034626,0.7413768775453172,179.60660002028408,0.741390851,-0.00408363393,0.7414020973888451,-0.31558606747747103
4897788.19,6.14384179e-06,0.000779657173,0.0007796813799253465,89.5485080743092,-5.33033411e-06,-0.000671952618,0.0006719737593825953,-90.4544952039059,-0.741357556,0.00520890111,0.741375855075593,179.59743697751256,0.74138925,-0.00417874136,0.7414010263648926,-0.32293657921274704
5011872.34,6.4333733e-06,0.000797815387,0.0007978413250928888,89.53799192762547,-5.58152868e-06,-0.000687602379,0.0006876250323169346,-90.46508130660028,-0.741355623,0.00533021641,0.741374784411161,179.58806053061906,0.741387574,-0.00427606323,0.741399905313153,-0.33045827573482284
5128613.84,6.7365482e-06,0.000816396393,0.0008164241860608132,89.5272308600763,-5.84456011e-06,-0.000703616526,0.0007036407993736493,-90.47591395837135,-0.741353599,0.0054543564,0.7413736633803436,179.57846570980806,0.741385819,-0.00437565105,0.741398731410037,-0.3381551419407145
5248074.6,7.0540093e-06,0.000835410027,0.0008354398076817654,89.51621916950553,-6.11998611e-06,-0.000720003534,0.0007200295432844931,-90.48699890195705,-0.741351479,0.00558138678,0.7413724888973662,179.56864743160824,0.741383981,-0.00447755752,0.7413975018873163,-0.3460312549229771
5370317.96,7.38642969e-06,0.000854866354,0.000854898264441342,89.50495102134687,-6.40839063e-06,-0.000736772079,0.0007367999483336361,-90.49834200843641,-0.74134926,0.00571137481,0.7413712599668049,179.55860049285397,0.741382056,-0.0045818366,0.7413962140349896,-0.3540907893884982
5495408.74,7.73451418e-06,0.000874775671,0.0008748098635035506,89.49342044329563,-6.71038516e-06,-0.000753931034,0.0007539608963980191,-90.50994929117459,-0.741346936,0.00584438927,0.7413699726874075,179.54831957085767,0.741380041,-0.00468854346,0.7413948662035219,-0.36233801331525695
5623413.25,8.09900077e-06,0.000895148516,0.0008951851537589722,89.48162132581488,-7.02660998e-06,-0.000771489483,0.0007715214809889731,-90.52182689902763,-0.741344503,0.00598050056,0.7413686252568726,179.53779921858043,0.741377931,-0.00479773456,0.7413934548070605,-0.37077729558772166
5754399.37,8.48066219e-06,0.00091599567,0.0009160349278766229,89.4695474182518,-7.35773552e-06,-0.000789456715,0.0007894910012980347,-90.53398112725718,-0.741341955,0.00611978072,0.7413672139765036,179.52703386066486,0.741375721,-0.00490946768,0.7413919763264037,-0.37941310741541473
5888436.55,8.88030761e-06,0.000937328164,0.0009373702293602347,89.457192321614,-7.70446378e-06,-0.000807842239,0.0008078789772451505,-90.54641841407428,-0.741339287,0.00626230345,0.7413657362558429,179.51601779369088,0.741373407,-0.00502380194,0.7413904283120466,-0.38825002336751874
6025595.86,9.29878428e-06,0.000959157284,0.0009592023576072686,89.44454948944471,-8.06752984e-06,-0.000826655782,0.0008266951475312716,-90.55914535043475,-0.741336493,0.00640814415,0.7413641886178387,179.50474518180903,0.741370985,-0.00514079782,0.7413888083874051,-0.3972927234063374
6165950.02,9.73697935e-06,0.00098149458,0.0009815428769729005,89.43161222443865,-8.44770339e-06,-0.000845907297,0.0008459494776937993,-90.57216867961854,-0.741333567,0.00655737998,0.7413625677043222,179.4932100526976,0.741368448,-0.0052605172,0.7413871112523741,-0.4065459976339835
6309573.44,1.01958218e-05,0.00100435187,0.0010044036208390898,89.41837367076518,-8.84579035e-06,-0.000865606967,0.0008656521641663326,-90.585495301038,-0.741330504,0.00671008988,0.7413608712813833,179.48140629670107,0.741365791,-0.00538302341,0.7413853336869353,-0.4160147475529189
6456542.29,1.06762842e-05,0.00102774124,0.00102779669168618,89.40482681871936,-9.26263462e-06,-0.000885765213,0.0008858136423430375,-90.59913227503479,-0.741327296,0.00686635463,0.7413590942455462,179.4693276593956,0.74136301,-0.00550838122,0.7413834735546275,-0.42570398575630086
6606934.48,1.11793851e-05,0.00105167506,0.0010517344771743566,89.39096448759813,-9.69911981e-06,-0.000906392695,0.0009064445876469515,-90.61308682584473,-0.741323938,0.00702625687,0.7413572346294538,179.45696774417667,0.741360097,-0.00563665692,0.7413815248069534,-0.43561884499545855
6760829.75,1.17061909e-05,0.00107616598,0.0010762296462255383,89.37677933219476,-1.01561711e-05,-0.000927500321,0.0009275559246032097,-90.62736634266145,-0.741320421,0.00718988115,0.7413552866086329,179.44432000338077,0.741357047,-0.00576791833,0.741379484487143,-0.44576457502884176
6918309.71,1.22578184e-05,0.00110122697,0.001101295189114757,89.36226384234523,-1.06347574e-05,-0.000949099251,0.0009491588309201563,-90.64197839712669,-0.741316738,0.00735731401,0.7413532465083041,179.43137773634385,0.741353853,-0.00590223484,0.7413773477346419,-0.4561465486035253
7079457.84,1.28354366e-05,0.00112687126,0.001126944357564605,89.34741033004416,-1.11358931e-05,-0.000971200903,0.0009712647435705417,-90.65693072834638,-0.741312882,0.00752864394,0.741351110809663,179.41813409107397,0.741350509,-0.00603967744,0.7413751107894966,-0.4667702620430686
7244359.6,1.34402699e-05,0.00115311241,0.0011531907348530826,89.33221092364147,-1.16606403e-05,-0.000993816962,0.0009938853678825921,-90.67223125066681,-0.741308844,0.00770396151,0.7413488741581549,179.4045820525787,0.741347007,-0.00618031876,0.7413727679972022,-0.47764134021996746
7413102.41,1.40736002e-05,0.0011799643,0.0011800482259200593,89.31665757965936,-1.22101111e-05,-0.00101695938,0.0010170326776377731,-90.68788806469648,-0.741304615,0.0078833594,0.7413465313709425,179.3907144419834,0.741343341,-0.00632423312,0.741370315813628,-0.48876553795153116
7585775.75,1.47367697e-05,0.0012074411,0.0012075310274897292,89.30074205201751,-1.27854702e-05,-0.00104064038,0.0010407189191778822,-90.70390947670951,-0.741300188,0.00806693239,0.741344079444235,179.376523918958,0.741339501,-0.00647149655,0.7413677468102626,-0.5001487454657955
7762471.17,1.5431184e-05,0.00123555735,0.0012356537081960565,89.28445591738986,-1.33879369e-05,-0.00106487249,0.001064956645508745,-90.72030395786312,-0.741295552,0.00825477748,0.7413415115628079,179.36200296744678,0.741335481,-0.00662218683,0.7413650576793546,-0.5117969863039178
7943282.35,1.61583145e-05,0.00126432788,0.0012644311287186721,89.26779054714798,-1.40187878e-05,-0.00108966849,0.0010897586634251923,-90.7370801966762,-0.741290698,0.0084469939,0.7413388231080804,179.3471438997591,0.741331271,-0.00677638354,0.7413622412399734,-0.5237164265484026
8128305.16,1.69197021e-05,0.0012937679,0.0012938785319300892,89.25073712254935,-1.467936e-05,-0.00111504149,0.0011151381116397332,-90.75424708160438,-0.741285614,0.00864368318,0.741336006667876,179.33193884682098,0.741326863,-0.00693416811,0.741359292443818,-0.5359133746994006
8317637.71,1.77169603e-05,0.00132389296,0.0013240115030541968,89.2332866104167,-1.5371053e-05,-0.00114100488,0.0011411084109120148,-90.77181369520741,-0.741280292,0.00884494919,0.7413330590455136,179.31637976119535,0.741322247,-0.00709562383,0.7413562043813122,-0.5483942852738528
8511380.38,1.85517784e-05,0.00135471895,0.0013548459698323294,89.2154297630002,-1.60953325e-05,-0.00116757238,0.0011676833142025922,-90.78978933411226,-0.741274719,0.0090508982,0.7413299722706183,179.30045840433888,0.741317414,-0.00726083592,0.7413529712882417,-0.5611657621455592
8709635.9,1.94259251e-05,0.00138626216,0.0013863982626986578,89.1971571412203,-1.68537332e-05,-0.00119475801,0.001194876876829549,-90.80818352284565,-0.741268883,0.00926163892,0.7413267396091634,179.28416634873088,0.741312353,-0.00742989155,0.741349585552485,-0.5742345623637374
8912509.38,2.03412525e-05,0.00141853923,0.0014186850649817464,89.17845906482583,-1.76478619e-05,-0.00122257611,0.0012227034766337968,-90.82700600338335,-0.741262772,0.00947728257,0.7413233545748008,179.26749497153932,0.741307054,-0.00760287993,0.7413460407214629,-0.5876076009450462
9120108.39,2.12996998e-05,0.00145156719,0.001451723453105331,89.15932563468962,-1.84794009e-05,-0.00125104136,0.0012511778341579873,-90.84626673260989,-0.741256373,0.00969794294,0.7413198099406104,179.25043544892867,0.741301505,-0.00777989228,0.7413423285090049,-0.6012919509390907
9332543.01,2.23032974e-05,0.00148536346,0.0014855308968103238,89.13974672217313,-1.93501119e-05,-0.00128016878,0.0012803150128453667,-90.8659759087,-0.741249673,0.00992373644,0.7413160987510912,179.23297875306852,0.741295695,-0.00796102196,0.7413384418038637,-0.6152948512137979
9549925.86,2.33541713e-05,0.00151994587,0.0015201252793921843,89.1197119658156,-2.02618393e-05,-0.00130997373,0.0013101304192415088,-90.88614396204812,-0.741242657,0.0101547821,0.7413122123342621,179.2151156499664,0.741289611,-0.00814636445,0.7413343716773718,-0.6296237074101811
9772372.21,2.44545474e-05,0.00155533266,0.0015555248979528468,89.09921076788835,-2.12165143e-05,-0.00134047193,0.0013406398232176182,-90.90678156222927,-0.741235311,0.0103912019,0.7413081433184133,179.1968366769185,0.74128324,-0.00833601743,0.7413301093922268,-0.6442860966303134
10000000.0,2.56067564e-05,0.00159154247,0.0015917484536782278,89.0782322699308,-2.2216159e-05,-0.00137167945,0.0013718593482106743,-90.92789963660132,-0.741227619,0.0106331203,0.7413038826390453,179.17813217557116,0.741276569,-0.00853008083,0.7413256464114661,-0.659289771357204
10232929.9,2.68132386e-05,0.00162859439,0.0016288151021229184,89.05676537507506,-2.32628905e-05,-0.00140361273,0.0014038054914739678,-90.94950936093855,-0.741219564,0.0108806649,0.7412994205616352,179.1589922417352,0.741269584,-0.00872865688,0.7413209734079171,-0.6746426642858925
10471285.5,2.8076549e-05,0.00166650794,0.0016667444335250658,89.03479872660495,-2.43589256e-05,-0.0014362886,0.0014364951443518164,-90.97162216721668,-0.74121113,0.011133966,0.7412947486895926,179.13940676151213,0.74126227,-0.00893185012,0.7413160802735355,-0.690352889260283
10715193.1,2.93993627e-05,0.00170530309,0.001705556493139619,89.01232070723086,-2.55065853e-05,-0.00146972427,0.0014699455825712391,-90.994249754686,-0.741202299,0.0113931571,0.7412898569868541,179.11936536915013,0.741254612,-0.00913976753,0.7413109571305235,-0.7064287505395486
10964782.0,3.07844809e-05,0.00174500027,0.0017452717916027734,88.98931942097671,-2.67082995e-05,-0.00150393735,0.0015041744865497502,-91.01740408116356,-0.741193051,0.0116583747,0.7412847337908248,179.0988574621558,0.741246593,-0.00935251852,0.741305592341495,-0.7228787440458678
11220184.5,3.2234836e-05,0.00178562036,0.0017859112953051383,88.96578270218896,-2.79666128e-05,-0.00153894583,0.001539199921746975,-91.04109741504874,-0.741183369,0.0119297583,0.7412793708280885,179.07787220714962,0.741238196,-0.00957021499,0.7412999745206317,-0.7397115603046199
11481536.2,3.37534987e-05,0.00182718474,0.0018274964768128443,88.94169810138975,-2.92841889e-05,-0.00157476814,0.0015750403989988925,-91.0653422703451,-0.74117323,0.0122074508,0.7412737542390581,179.05639849783728,0.741229403,-0.00979297142,0.7412940915459729,-0.7569360925046572
11748975.5,3.53436838e-05,0.00186971528,0.0018700493052992032,88.91705288885898,-3.06638171e-05,-0.00161142312,0.001611714844924398,-91.09015147345836,-0.741162613,0.0124915982,0.7412678725903195,179.0344249876505,0.741220197,-0.0100209049,0.7412879325712335,-0.774561436931423
12022644.3,3.70087572e-05,0.00191323434,0.001913592247022527,88.89183403396086,-3.21084177e-05,-0.00164893004,0.0016492426223274725,-91.11553814467194,-0.741151497,0.0127823498,0.741261714896804,179.0119400718129,0.741210557,-0.0102541352,0.7412814830393043,-0.7925969036937289
12302687.7,3.8752243e-05,0.00195776478,0.001958148275832548,88.86602819731095,-3.3621048e-05,-0.00168730861,0.001687643540635507,-91.14151570006732,-0.741139857,0.0130798586,0.7412552666490649,178.98893185086823,0.741200463,-0.0104927848,0.7412747296949178,-0.8110520141586374
12589254.1,4.05778308e-05,0.00200332999,0.0020037409037063233,88.83962173804389,-3.52049093e-05,-0.00172657899,0.0017269378663832238,-91.16809787803126,-0.74112767,0.0133842807,0.7412485158227875,178.9653881846871,0.741189894,-0.0107369789,0.7412676585981816,-0.8299365039493963
12882495.5,4.24893838e-05,0.00204995392,0.002050394211330853,88.8126007076605,-3.68633529e-05,-0.0017667618,0.001767146333704787,-91.19529872127092,-0.741114908,0.0136957762,0.7412414459172996,178.94129661310737,0.741178827,-0.0109868458,0.7412602541440685,-0.8492603537001288
13182567.4,4.44909462e-05,0.00209766103,0.0020981327987223387,88.78495082757125,-3.85998879e-05,-0.00180787814,0.0018082901648894052,-91.22313260275925,-0.741101545,0.0140145083,0.7412340429609785,178.91664443477086,0.741167239,-0.0112425164,0.7412525010695663,-0.8690337484530065
13489628.8,4.65867525e-05,0.00214647634,0.002146981835900875,88.75665748091687,-4.04181879e-05,-0.00184994956,0.0018503910409579144,-91.25161423820911,-0.741087553,0.0143406445,0.7412262915575805,178.89141860858493,0.741155105,-0.0115041247,0.741244382476302,-0.8892671188333113
13803842.6,4.87812359e-05,0.00219642545,0.002196967083591294,88.72770572352809,-4.23220991e-05,-0.00189299813,0.0018934711722800872,-91.28075866611046,-0.741072902,0.0146743556,0.7412181748925055,178.86560583051727,0.7411424,-0.0117718079,0.7412358818480083,-0.9099711467380863
14125375.4,5.10790377e-05,0.00224753455,0.002248114903988686,88.69808027203423,-4.43156483e-05,-0.00193704641,0.0019375532692491675,-91.31058128046716,-0.741057562,0.0150158166,0.7412096767754375,178.83919246665803,0.741129097,-0.012045706,0.7412269810611819,-0.9311567370844717
14454397.7,5.34850172e-05,0.0022998304,0.002300452241588389,88.66776547298224,-4.64030513e-05,-0.00198211747,0.001982660562993361,-91.34109783104626,-0.741041499,0.0153652063,0.741200777660688,178.81216457754968,0.741115167,-0.0123259624,0.7412176604119225,-0.9528350646288428
14791083.9,5.60042614e-05,0.00235334037,0.0023540066640446657,88.63674532283405,-4.85887217e-05,-0.00202823489,0.0020288168061433623,-91.37232443786294,-0.741024681,0.0157227077,0.7411914606824417,178.78450789619043,0.741100582,-0.0126127237,0.7412079016307579,-0.9750175550332084
15135612.5,5.86420964e-05,0.00240809247,0.0024088063931210595,88.6050034510431,-5.08772801e-05,-0.00207542282,0.0020760463336368788,-91.40427756525192,-0.74100707,0.0160885077,0.741181703680007,178.75620783796825,0.74108531,-0.0129061396,0.7411976829005679,-0.9977158839007727
15488166.2,6.14040979e-05,0.00246411532,0.002464880275692435,88.57252310295397,-5.32735642e-05,-0.0021237059,0.0021243739836331503,-91.43697410380703,-0.74098863,0.0164627976,0.7411714872376671,178.7272494743895,0.74106932,-0.0132063635,0.7411869838860884,-1.0209420170742205
15848931.9,6.42961032e-05,0.00252143819,0.002522257824822273,88.539287138454,-5.57826381e-05,-0.00217310938,0.0021738252184012818,-91.47043128288664,-0.740969323,0.0168457731,0.7411607907184614,178.69761752620346,0.741052576,-0.0135135521,0.7411757797490384,-1.0447081882334124
16218101.0,6.73242231e-05,0.00258009101,0.0025809692309089697,88.50527802822424,-5.84098037e-05,-0.00222365904,0.00222442604537485,-91.50466676374003,-0.740949107,0.017237634,0.7411495902920108,178.6672963823523,0.741035045,-0.0138278654,0.7411640491683825,-1.069026888391329
16595869.1,7.0494855e-05,0.00264010438,0.0026410453729303206,88.47047783495063,-6.11606114e-05,-0.00227538125,0.00227620307820686,-91.53969860537312,-0.740927939,0.0176385848,0.7411378619828665,178.63627005803306,0.741016688,-0.0141494674,0.7411517653775055,-1.0939109330329269
16982436.5,7.38146964e-05,0.00270150959,0.0027025178397684247,88.43486820505281,-6.40408715e-05,-0.00232830298,0.002329183547919605,-91.57554527054394,-0.740905776,0.0180488346,0.741125582705509,178.60452220380566,0.740997468,-0.0144785253,0.7411389041720005,-1.1193733894692894
17378008.3,7.7290758e-05,0.00276433864,0.0027654189516001485,88.39843038153836,-6.70566667e-05,-0.0023824518,0.0023833953041558498,-91.61222565304602,-0.740882569,0.0184685971,0.7411127243050695,178.57203609373417,0.740977343,-0.0148152105,0.7411254369548376,-1.1454276648860198
17782794.1,8.09303794e-05,0.00282862422,0.002829781741456474,88.36114515127888,-7.02143646e-05,-0.00243785587,0.0024388668065086373,-91.64975909766785,-0.74085827,0.0188980907,0.741099260598402,178.53879462981152,0.740956272,-0.0151596979,0.7411113367481011,-1.1720874439298636
18197008.6,8.47412436e-05,0.00289439976,0.0028956400068128173,88.32299287264351,-7.35206311e-05,-0.00249454402,0.002495627205917403,-91.6881653674616,-0.740832828,0.0193375389,0.7410851634280547,178.50478030284194,0.740934209,-0.0155121663,0.7410965722291356,-1.1993667294776515
18620871.4,8.87313934e-05,0.00296169944,0.0029630283213413636,88.28395345431316,-7.69824439e-05,-0.00255254569,0.0025537062862056774,-91.72746469414884,-0.74080619,0.0197871699,0.7410704036965501,178.46997522436078,0.740911107,-0.0158727986,0.7410811117626475,-1.2272798527387505
19054607.2,9.29092479e-05,0.00303055819,0.0030319820367741986,88.24400634110181,-8.06071073e-05,-0.00261189098,0.0026131345157019057,-91.76767777013121,-0.740778298,0.0202472171,0.7410549484269512,178.43436108078535,0.74088692,-0.0162417816,0.7410649254259902,-1.2558414549745947
19498446.0,9.72836201e-05,0.00310101171,0.003102537304900118,88.20313050430786,-8.44022674e-05,-0.00267261066,0.002673943058983848,-91.80882576126545,-0.740749094,0.0207179192,0.7410387658130974,178.3979191348534,0.740861594,-0.0166193063,0.7410479760488614,-1.2850665264869718
19952623.1,0.000101863735,0.00317309651,0.003174731119682788,88.16130444906281,-8.83759279e-05,-0.00273473618,0.0027361637887438643,-91.85093031789015,-0.740718516,0.0211995198,0.7410218212610159,178.36063024722165,0.740835078,-0.017005568,0.7410302302458845,-1.3149703968352793
20417379.4,0.000106659249,0.00324684988,0.003248601289578833,88.11850617220068,-9.25364665e-05,-0.00279829968,0.0027998292977823506,-91.89401358379259,-0.740686501,0.0216922683,0.7410040804662428,178.3224748121959,0.740807314,-0.017400766,0.7410116484464204,-1.3455687296557466
20892961.3,0.00011168027,0.00332230994,0.003324186489974664,88.07471316982478,-9.68926525e-05,-0.002863334,0.0028649729111571865,-91.93809821485607,-0.74065298,0.0221964192,0.7409855044521335,178.28343279946824,0.740778244,-0.0178051042,0.7409921919421933,-1.3768775579674049
21379620.9,0.000116937378,0.00339951563,0.0034015262558133833,88.02990241699199,-0.000101453665,-0.00292987271,0.002931628718467718,-91.98320738003245,-0.740617883,0.0227122329,0.7409660546494052,178.2434837019856,0.740747808,-0.0182187908,0.7409718209183254,-1.4089132653149392
21877616.2,0.000122441646,0.00347850676,0.003480661034349781,87.98405039183494,-0.000106229111,-0.0029979501,0.0029998315662906577,-92.02936477184119,-0.740581135,0.0232399752,0.740945688944328,178.20260656400689,0.740715941,-0.0186420386,0.7409504915003967,-1.4416926157786558
22387211.4,0.000128204665,0.00355932399,0.0035616321682505735,87.93713300677835,-0.000111229046,-0.00306760122,0.0030696171008155982,-92.07659461616801,-0.740542661,0.0237799178,0.7409243667551606,178.1607799528313,0.740682576,-0.019075065,0.740928158794596,-1.475232749706526
22908676.5,0.000134238566,0.00364200889,0.0036444819587207133,87.88912565407206,-0.000116463997,-0.00313886185,0.0031410217407688602,-92.12492175496037,-0.740502377,0.0243323384,0.7409020401069646,178.11798192752013,0.740647643,-0.0195180921,0.7409047759332366,-1.509551194580329
23442288.2,0.000140556047,0.00372660388,0.0037292536090723733,87.84000311721634,-0.000121944977,-0.00321176859,0.0032140827701112678,-92.17437147424285,-0.740460201,0.0248975205,0.7408786646894403,178.0741900795864,0.740611068,-0.0199713466,0.7408802931169906,-1.5446658607502446
23988329.2,0.000147170395,0.00381315233,0.00381599132820672,87.78973967108033,-0.000127683517,-0.00328635878,0.0032888382616657478,-92.22496975273131,-0.740416043,0.0254757538,0.7408541899479655,178.0293814752716,0.740572774,-0.0204350602,0.7408546586716133,-1.5805950719095256
24547089.2,0.000154095519,0.00390169854,0.0039047403147986688,87.73830895971281,-0.000133691683,-0.0033626706,0.003365327180261636,-92.2767430934746,-0.74036981,0.0260673343,0.7408285641610641,177.98353265815123,0.740532681,-0.0209094695,0.7408278190941665,-1.6173575588834155
25118864.3,0.000161345973,0.00399228773,0.003995546751336026,87.68568405237755,-0.000139982101,-0.003440743,0.003443589316490771,-92.32971860211015,-0.740321405,0.0266725641,0.7408017335136593,177.9366196599477,0.740490704,-0.0213948162,0.7407997171102642,-1.6549724811444813
25703957.8,0.000168936989,0.0040849661,0.0040884578687326095,87.63183740669946,-0.000146567989,-0.00352061581,0.003523665400832131,-92.38392403837454,-0.740270726,0.027291752,0.7407736412020858,177.8886179490507,0.740446756,-0.021891347,0.7407702947232684,-1.693459414400026
26302679.9,0.000176884509,0.00417978083,0.004183521951222398,87.57674083524954,-0.000153463174,-0.00360232965,0.0036055970175607912,-92.43938773265526,-0.740217667,0.027925213,0.7407442285026717,177.8395024693995,0.740400743,-0.0223993137,0.7407394882745101,-1.7328383715018467
26915348.0,0.000185205213,0.00427678008,0.004280788341369751,87.52036554560365,-0.00016068213,-0.00368592604,0.0036894267195936303,-92.4961386967844,-0.740162117,0.028573269,0.7407134338887529,177.7892475809349,0.74035257,-0.0229189734,0.740707234504507,-1.7731298064496566
27542287.0,0.000193916557,0.00437601303,0.00438030748576039,87.4626820832621,-0.000168240002,-0.00377144733,0.003775197963185121,-92.55420660394681,-0.740103959,0.0292362486,0.740681192119575,177.73782706909978,0.740302136,-0.0234505887,0.7406734656220236,-1.8143546434820896
28183829.3,0.000203036807,0.00447752987,0.004482130930900945,87.40366032335598,-0.000176152636,-0.00385893678,0.0038629551930104648,-92.61362174859354,-0.740043071,0.0299144871,0.7406474353385469,177.685214144579,0.740249334,-0.0239944274,0.7406381093582058,-1.8565342567306828
28840315.0,0.000212585075,0.00458138185,0.0045863113794881154,87.3432694889645,-0.000184436614,-0.00394843853,0.003952743817877949,-92.67441513492142,-0.739979325,0.0306083269,0.7406120921933915,177.63138140601117,0.740194054,-0.0245507629,0.740601092043434,-1.899690496441622
29512092.3,0.00022258136,0.00468762126,0.004692902677344102,87.28147808605361,-0.000193109286,-0.00403999763,0.004044610246580632,-92.73661845641506,-0.739912589,0.0313181174,0.7405750899390035,177.5763008505847,0.740136181,-0.0251198741,0.7405623366740066,-1.9438456887320699
30199517.2,0.000233046586,0.00479630145,0.004801959840577424,87.21825392157497,-0.000202188807,-0.00413366005,0.004138601904344278,-92.8002641407805,-0.739842721,0.0320442151,0.7405363485596497,177.51994384314546,0.740075592,-0.0257020455,0.7405217599888841,-1.989022654317104
30902954.3,0.000244002645,0.00490747689,0.004913539123345928,87.15356410314112,-0.000211694169,-0.00422947269,0.004234767249406328,-92.86538530276832,-0.739769577,0.0327869837,0.7404957888839767,177.4622811303491,0.740012162,-0.0262975675,0.7404792785516224,-2.035244719229878
31622776.6,0.000255472439,0.0050212031,0.005027697956176188,87.08737499727083,-0.000221645243,-0.00432748341,0.004333155810442288,-92.93201580296683,-0.739693003,0.0335467944,0.7404533247286245,177.40328278681568,0.739945757,-0.0269067361,0.7404348018224549,-2.0825357136018923
32359365.7,0.000267479932,0.00513753674,0.005144495045081933,87.0196521873715,-0.000232062818,-0.00442774101,0.0044338181743429576,-93.0001902729333,-0.73961284,0.0343240257,0.7404088680135591,177.3429182425867,0.73987624,-0.0275298531,0.7403882382427782,-2.130919974524886
33113112.1,0.000280050188,0.0052565356,0.005263990370609182,86.9503605571899,-0.000242968641,-0.00453029526,0.0045368060244281826,-93.06994409876194,-0.739528919,0.0351190637,0.7403623239147661,177.28115623744154,0.739803464,-0.0281672264,0.7403394883359039,-2.1804223927514563
33884415.6,0.00029320943,0.00537825858,0.005386245178525068,86.87946415251409,-0.000254385462,-0.0046351969,0.004642172149441096,-93.14131346696051,-0.739441066,0.0359323019,0.7403135959895976,177.21796484870964,0.739727278,-0.0288191696,0.7402884507769407,-2.2310683690800643
34673685.0,0.000306985086,0.00550276575,0.005511322050325084,86.80692626026124,-0.000266337076,-0.00474249768,0.004749970492840731,-93.21433532155594,-0.739349098,0.0367641418,0.7402625823555478,177.15331142496626,0.739647524,-0.0294860025,0.7402350195058057,-2.2828838658380985
35481338.9,0.000321405845,0.00563011834,0.005639284904986139,86.73270935954392,-0.000278848375,-0.00485225033,0.00486025613329434,-93.28904746850407,-0.739252823,0.0376149922,0.7402091758088895,177.0871626336446,0.739564035,-0.0301680509,0.7401790818177628,-2.3358954025089123
36307805.5,0.000336501713,0.00576037873,0.005770199001411333,86.65677509852604,-0.000291945392,-0.00496450859,0.004973085325237625,-93.36548851601441,-0.739152041,0.0384852702,0.740153265031529,177.01948438096912,0.739476637,-0.0308656467,0.7401205204661191,-2.390130062744476
37153522.9,0.000352304076,0.0058936105,0.005904131001906755,86.57908426104345,-0.000305655355,-0.00507932721,0.005088515510665813,-93.44369793205163,-0.739046542,0.0393754005,0.7400947327245972,176.95024185121412,0.739385149,-0.031579128,0.740059213770758,-2.445615507360418
38018939.6,0.000368845752,0.0060298784,0.006041148955915174,86.49959682038032,-0.000320006739,-0.00519676197,0.00520660535145921,-93.523716037656,-0.738936107,0.0402858157,0.7400334567943059,176.8793994798802,0.739289381,-0.032308839,0.7399950337244777,-2.502379978856331
38904514.5,0.000386161065,0.0061692484,0.006181322365726001,86.41827184769677,-0.000335029322,-0.00531686967,0.005327414732716582,-93.60558404102744,-0.738820508,0.0412169565,0.7399693105423365,176.80692093053085,0.739189134,-0.0330551301,0.7399278461104148,-2.560452315671558
39810717.1,0.000404285903,0.00631178763,0.006324722142322581,86.33506753914706,-0.00035075424,-0.00543970814,0.005451004786758147,-93.68934402202098,-0.738699504,0.0421692717,0.7399021588599092,176.73276906911613,0.7390842,-0.0338183579,0.7398575106199116,-2.619861959009157
40738027.8,0.000423257794,0.00645756446,0.006471420703001532,86.2499411790608,-0.000367214053,-0.00556533624,0.005577437908661827,-93.77503901503398,-0.738572845,0.0431432178,0.7398318623941066,176.65690600255567,0.738974362,-0.0345988853,0.7397838809796478,-2.680638967708709
41686938.3,0.000443115974,0.00660664845,0.006621491939759602,86.16284913054004,-0.000384442799,-0.00569381389,0.005706777801847544,-93.86271291754518,-0.738440269,0.0441392599,0.7397582748069211,176.57929298651348,0.738859393,-0.0353970814,0.7397068040757545,-2.742814021677049
42657951.9,0.000463901461,0.00675911038,0.006775011268960494,86.07374684228014,-0.000402476067,-0.00582520203,0.005839089455970331,-93.9524106182562,-0.738301502,0.0451578706,0.7396812429233166,176.49989049969827,0.738739056,-0.0362133215,0.7396261200862456,-2.806418430111987
43651583.2,0.000485657137,0.00691502223,0.006932055632791273,85.98258878525529,-0.000421351061,-0.00595956263,0.005974439175144253,-94.04417796830404,-0.738156258,0.0461995311,0.739600607015991,176.4186581476101,0.738613101,-0.0370479871,0.7395416596223623,-2.871484151743164
44668359.2,0.000508427825,0.00707445719,0.007092703531544014,85.8893284778475,-0.000441106667,-0.00609695871,0.006112894617373729,-94.13806175247504,-0.738004238,0.0472647303,0.7395161999823211,176.3355547154829,0.738481271,-0.0379014658,0.7394532498593566,-2.9380437736033103
45708819.0,0.000532260375,0.00723748964,0.007257035027881736,85.79391844452677,-0.000461783534,-0.00623745433,0.006254524806179065,-94.23410978625117,-0.737845128,0.0483539653,0.7394278456168458,176.2505381067362,0.738343292,-0.0387741514,0.7393607047025069,-3.0061305674618866
46773514.1,0.000557203751,0.00740419519,0.007425131812415697,85.69631023024941,-0.00048342414,-0.00638111455,0.006399400112460264,-94.33237086224888,-0.737678603,0.0494677411,0.7393353628317586,176.16356537242987,0.738198882,-0.0396664437,0.7392638339198361,-3.0757784500239995
47863009.2,0.000583309122,0.00757465058,0.007597077131430399,85.59645433007495,-0.000506072881,-0.00652800547,0.00654759231910735,-94.43289482854033,-0.73750432,0.0506065707,0.7392385589352577,176.0745926536848,0.738047746,-0.0405787486,0.7391624383135432,-3.1470220213443216
48977881.9,0.000610629955,0.00774893378,0.007772955915787017,85.4943002471874,-0.000529776143,-0.00667819418,0.0066991745959840325,-94.53573254309507,-0.737321922,0.051770975,0.7391372338843611,175.98357519361028,0.737889572,-0.0415114776,0.7390563058650392,-3.219896555794745
50118723.4,0.000639222115,0.00792712387,0.007952854692664066,85.38979639927713,-0.000554582393,-0.00683174876,0.006854221527670896,-94.64093593695992,-0.737131037,0.0529614824,0.739031179536223,175.89046734688438,0.737724038,-0.0424650484,0.7389452189294141,-3.2944380321402003
51286138.4,0.000669143963,0.00810930111,0.00813686168838248,85.2828901786849,-0.000580542267,-0.0069887383,0.007012809162501171,-94.74855800449623,-0.736931275,0.0541786292,0.7389201769711777,175.79522251467623,0.737550805,-0.043439884,0.7388289473742089,-3.3706831077065638
52480746.0,0.000700456466,0.00829554686,0.008325066784549962,85.17352786769136,-0.000607708657,-0.00714923279,0.007175014933601457,-94.85865284584021,-0.736722228,0.055422959,0.7388039967498821,175.6977931712541,0.737369522,-0.044436413,0.7387072537716244,-3.4486691343800246
53703179.6,0.000733223299,0.00848594357,0.008517561545384968,85.06165468042428,-0.000636136807,-0.00731330322,0.007340917791726218,-94.97127561400444,-0.736503472,0.0566950228,0.7386824012241981,175.59813084750502,0.737179819,-0.0454550696,0.7385798866021288,-3.5284342061831913
54954087.4,0.000767510964,0.00868057476,0.008714439238632011,84.9472147090568,-0.000665884413,-0.00748102143,0.0075105980912038945,-95.08648263160637,-0.736274563,0.0579953788,0.7385551408547615,175.49618610187278,0.736981311,-0.0464962927,0.7384465843905859,-3.610017088685549
56234132.5,0.000803388903,0.00887952498,0.008915794838370135,84.8301509305864,-0.000697011723,-0.00765246019,0.0076841377070907746,-95.20433132156333,-0.736035037,0.0593245917,0.738421954489412,175.39190855067847,0.736773596,-0.0475605265,0.7383070739494025,-3.6934572926919613
57543993.7,0.000840929618,0.00908287977,0.00912172503086477,84.71040519450307,-0.000729581638,-0.00782769309,0.007861619965232389,-95.32488024667214,-0.73578441,0.0606832334,0.738282569762369,175.28524678913035,0.736556255,-0.0486482198,0.7381610705458086,-3.778795039195336
58884365.5,0.000880208798,0.00929072562,0.009332328223664286,84.58791819518403,-0.000763659826,-0.00800679452,0.008043129665456623,-95.44818915595488,-0.735522176,0.0620718817,0.7381367013538574,175.17614845289248,0.736328849,-0.0497598256,0.738008275098191,-3.866071264102179
60255958.6,0.000921305447,0.00950314992,0.009547704547621272,84.46262946251309,-0.000799314829,-0.00818983967,0.008228753126456342,-95.57431893496425,-0.735247809,0.0634911207,0.7379840533826204,175.06456017197422,0.736090921,-0.0508958012,0.7378483764015599,-3.9553276379736526
61659500.2,0.000964302014,0.00972024092,0.009767955871985033,84.33447737385195,-0.000836618177,-0.00837690442,0.008418578124357005,-95.70333165440684,-0.734960758,0.0649415399,0.7378243147284574,174.95042757795883,0.735841994,-0.0520566077,0.7376810493289955,-4.046606560760279
63095734.4,0.00100928453,0.00994208763,0.009993185763563906,84.2033991168108,-0.000875644513,-0.00856806532,0.008612693924721446,-95.83529060379887,-0.734660449,0.0664237344,0.7376571614351232,174.83369526917846,0.735581569,-0.0532427094,0.7375059530314007,-4.139951151287276
64565422.9,0.00105634276,0.0101687798,0.010223499530370822,84.06933064243663,-0.000916471709,-0.00876339954,0.008811191286714275,-95.97026025370346,-0.734346281,0.0679383037,0.7374822530259046,174.71430684173248,0.735309127,-0.0544545737,0.7373227331680143,-4.235405255177887
66069344.8,0.00110557031,0.0104004078,0.010459004164673342,83.93220684136139,-0.000959180992,-0.00896298479,0.009014162441468727,-96.10830627976802,-0.734017631,0.0694858521,0.7372992379359382,174.59220485726175,0.735024125,-0.0556926706,0.7371310181308176,-4.3330134566424485
67608297.5,0.00115706485,0.0106370626,0.010699808401248328,83.79196115855554,-0.00100385708,-0.00916689924,0.009221701074822296,-96.24949562112904,-0.733673847,0.0710669873,0.7371077468428059,174.46733086349093,0.734726,-0.0569574719,0.7369304232295198,-4.432821023376971
69183097.1,0.00121092817,0.0108788357,0.010946022712405364,83.64852612940462,-0.00105058829,-0.00937522148,0.00943390235025456,-96.39389631030647,-0.733314248,0.0726823203,0.7369073930990225,174.33962535914628,0.73441416,-0.058249451,0.7367205419630344,-4.534873975925048
70794578.4,0.00126726642,0.0111258187,0.011197758968853068,83.50183272709371,-0.00109946673,-0.00958803039,0.009650862855203179,-96.54157785381769,-0.732938126,0.0743324646,0.7366977751004152,174.20902782684843,0.734087993,-0.0595690822,0.7365009552070646,-4.639219013991168
72443596.0,0.00132619023,0.0113781039,0.011455131116025807,83.35181098789977,-0.00115058836,-0.00980540507,0.009872680596522364,-96.69261074549394,-0.732544742,0.0760180358,0.7364784727327314,174.07547668714108,0.733746856,-0.06091684,0.7362712204653054,-4.745903565324535
74131024.1,0.00138781488,0.0116357834,0.011718254369694531,83.19838952109438,-0.00120405321,-0.0100274247,0.010099454947999987,-96.84706694983385,-0.732133327,0.0777396501,0.7362490486932797,173.93890937237703,0.733390083,-0.0622931983,0.7360308800568016,-4.854975712859057
75857757.5,0.00145226046,0.0118989495,0.011987245707301978,83.04149584731852,-0.00125996546,-0.0102541686,0.01033128678517923,-97.0050194061847,-0.731703079,0.0794979242,0.7360090459839398,173.79926225762492,0.733016979,-0.06369863,0.7357794553846713,-4.966484241815099
77624711.7,0.00151965205,0.0121676944,0.012262223671294719,82.88105625725173,-0.00131843364,-0.0104857158,0.010568278152161463,-97.16654253712703,-0.731253164,0.0812934739,0.7357579892591998,173.65647072089774,0.73262682,-0.0651336057,0.7355164471137239,-5.080478582800004
79432823.5,0.00159011992,0.0124421099,0.012543308181004674,82.71699560810245,-0.00137957074,-0.0107221452,0.01081053250846355,-97.33171182283353,-0.73078271,0.0831269136,0.7354953793190042,173.51046907087584,0.73221885,-0.0665985932,0.7352413324287077,-5.197008840044299
81283051.6,0.00166379964,0.0127222874,0.012830620636986463,82.5492377297694,-0.00144349442,-0.0109635352,0.011058154467279348,-97.50060425635417,-0.730290814,0.0849988545,0.7352207003880499,173.36119068255547,0.731792287,-0.0680940563,0.7349535711975812,-5.316125705253021
83176377.1,0.00174083232,0.013008318,0.013124284146401302,82.3777053053325,-0.00151032708,-0.0112099639,0.011311250086877426,-97.67329764958872,-0.729776533,0.0869099042,0.7349334116541126,173.2085678829155,0.731346311,-0.0696204537,0.7346525942149137,-5.437880508383054
85113803.8,0.00182136478,0.0133002916,0.013424422755070513,82.2023195248251,-0.0015801961,-0.0114615084,0.011569926296987625,-97.84987142287935,-0.729238887,0.0888606648,0.7346329505689877,173.05253205179332,0.730880075,-0.0711782383,0.7343378143875591,-5.562325139814318
87096359.0,0.00190554969,0.0135982974,0.013731162070265788,82.02300068409491,-0.00165323395,-0.0117182451,0.011834291306077717,-98.03040601985498,-0.728676857,0.0908517322,0.7343187313225361,172.89301358230853,0.730392693,-0.0727678554,0.7340086149135495,-5.6895120561727754
89125093.8,0.00199354582,0.0139024232,0.014044628715930433,81.83966763620958,-0.00172957835,-0.0119802494,0.012104454426160195,-98.21498297924956,-0.728089383,0.0928836941,0.7339901431674564,172.729941936104,0.729883248,-0.0743897418,0.733664357452439,-5.819494212675516
91201083.9,0.00208551816,0.0142127557,0.01436495076857461,81.6522383869286,-0.00180937247,-0.0122475952,0.012380525712515479,-98.40368530970733,-0.727475362,0.0949571286,0.7336465488155641,172.56324564601212,0.729350782,-0.0760443245,0.7333043723398033,-5.952325104316107
93325430.1,0.00218163816,0.0145293795,0.014692256930648484,81.46062945146635,-0.00189276503,-0.0125203552,0.01266261638813077,-98.59659683783723,-0.726833652,0.0970726027,0.7332872887720128,172.39285238206102,0.728794305,-0.0777320186,0.7329279676175986,-6.088058601094119
95499258.6,0.00228208387,0.0148523775,0.015026677084180004,81.26475643979508,-0.00197991052,-0.0127986002,0.012950838302853089,-98.79380278405549,-0.726163062,0.0992306704,0.7329116717321735,172.2186889021398,0.728212785,-0.0794532267,0.7325344193077193,-6.226749053736892
97723722.1,0.00238704014,0.0151818304,0.015368341970568437,81.06453388522381,-0.00207096931,-0.013082399,0.013245303978322388,-98.99538941649324,-0.725462359,0.101431871,0.7325189818567199,172.04068115281316,0.727605152,-0.0812083361,0.7321229753730406,-6.368451121380315
100000000.0,0.00249669881,0.0155178161,0.01571738278026194,80.85987506698967,-0.00216610782,-0.0133718183,0.013546126669128708,-99.20144397793183,-0.724730263,0.103676726,0.7321084739450352,171.85875435151019,0.726970297,-0.082997718,0.731692854901205,-6.513219797656927
102329299.0,0.00261125884,0.01586041,0.01607393163160706,80.6506925740477,-0.0022654987,-0.0136669224,0.013853420236437047,-99.41205477607834,-0.723965444,0.105965739,0.7316793710006679,171.67283284705292,0.726307066,-0.0848217247,0.7312432420902165,-6.66111033115003
104712855.0,0.00273092656,0.0162096839,0.016438120695932146,80.43689762449347,-0.00236932093,-0.0139677724,0.014167298524684862,-99.62731127641307,-0.723166525,0.108299391,0.7312308670806688,171.48284039661635,0.725614265,-0.0866806882,0.7307732913006029,-6.812178163353236
107151931.0,0.00285591576,0.0165657063,0.016810082690042784,80.21840076926345,-0.00247776,-0.0142744265,0.014487875845737437,-99.84730379167166,-0.72233208,0.11067814,0.7307621257775927,171.2887000498278,0.724890658,-0.0885749179,0.730282125028858,-6.966478860624383
109647820.0,0.00298644788,0.0169285417,0.017189950407973706,79.99511164788251,-0.00259100802,-0.0145869396,0.014815266769577673,-100.07212336281492,-0.721460629,0.113102418,0.7302722753566112,171.09033418938338,0.724134961,-0.0905046978,0.7297688278258675,-7.124068052348451
112201845.0,0.00312275217,0.0172982501,0.017577856457412253,79.76693896316311,-0.00270926389,-0.0149053625,0.015149585541593676,-100.30186215648772,-0.720550642,0.115572626,0.7297604124417465,170.88766482466843,0.723345849,-0.0924702848,0.7292324532249809,-7.285001337172915
114815362.0,0.00326506581,0.0176748867,0.017973933197869295,79.53379068993904,-0.00283273338,-0.0152297419,0.015490946282999688,-100.53661298491068,-0.719600536,0.118089135,0.7292255996716897,170.680613332044,0.722521948,-0.0944719054,0.7286720155540635,-7.449334212186424
117489755.0,0.00341363404,0.0180585015,0.018378312593504035,79.2955741712202,-0.00296162925,-0.0155601198,0.015839462617298846,-100.7764694102531,-0.718608674,0.120652277,0.7286668637267122,170.46910098505597,0.721661838,-0.0965097536,0.7280864927777957,-7.617121996085542
120226443.0,0.0035687103,0.0184491387,0.01879112588370276,79.05219605042385,-0.00309617139,-0.0158965333,0.01619524770524562,-101.02152566235416,-0.717573363,0.123262351,0.7280831947388821,170.25304830006573,0.720764052,-0.0985839875,0.7274748251636335,-7.788419693982253
123026877.0,0.0037305563,0.0188468361,0.019212503254072148,78.80356239562369,-0.00323658684,-0.0162390139,0.016558413777208684,-101.2718764913102,-0.716492856,0.125919609,0.7274735463436108,170.03237597659205,0.719827076,-0.100694727,0.7268359150374412,-7.963281943027417
125892541.0,0.0038994421,0.0192516248,0.019642573816361936,78.5495789291901,-0.0033831099,-0.0165875871,0.01692907198861073,-101.52761717486875,-0.71536535,0.128624261,0.7268368348525126,169.80700430507395,0.718849346,-0.102842049,0.7261686231772523,-8.141762801100546
128824955.0,0.00407564621,0.0196635284,0.02008146511504312,78.29015087941724,-0.0035359822,-0.0169422721,0.01730733237761254,-101.78884334224831,-0.714188987,0.131376464,0.7261719386242004,169.57685384711272,0.717829251,-0.105025985,0.7254717714125348,-8.323915663486009
131825674.0,0.00425945557,0.0200825625,0.02052930291849215,78.0251833113151,-0.00369545269,-0.0173030809,0.017693303230769914,-102.05565098050515,-0.712961849,0.134176325,0.7254776938817653,169.34184493624028,0.716765129,-0.107246521,0.7247441385875363,-8.509793441784879
134896288.0,0.00445116564,0.0205087341,0.02098621094764892,77.75458104116869,-0.00386177769,-0.0176700183,0.018087091354038014,-102.32813607986107,-0.711681966,0.137023891,0.7247529009492857,169.10189836333885,0.715655269,-0.109503586,0.7239844607409206,-8.699447791482012
138038426.0,0.0046510803,0.020942041,0.02145231057957928,77.47824902731116,-0.00403522086,-0.0180430807,0.01848880116545396,-102.60639487996396,-0.710347307,0.139919149,0.7239963154733846,168.85693503389788,0.714497914,-0.111797054,0.723191434126145,-8.8929293839737
141253754.0,0.0048595119,0.0213824708,0.02192772020569157,77.19609206234932,-0.00421605315,-0.018422256,0.01889853487160211,-102.89052337428964,-0.708955788,0.142862018,0.7232066547852926,168.60687648467436,0.713291255,-0.114126741,0.7223637085781346,-9.090287901413463
144543977.0,0.00507678109,0.0218300007,0.022412555338420966,76.90801545132767,-0.00440455278,-0.0188075227,0.019316391881063634,-103.18061750600195,-0.707505268,0.145852346,0.7223825932852034,168.3516448278373,0.712033436,-0.116492396,0.7214998907191787,-9.291571436108924
147910839.0,0.00530321678,0.0222845963,0.02290692778330711,76.61392469743423,-0.00460100509,-0.0191988494,0.019742468592404704,-103.47677277234621,-0.705993551,0.148889905,0.7215227632337725,168.09116293055297,0.710722553,-0.1188937,0.7205985423538739,-9.496826591346718
151356125.0,0.00553915595,0.0227462111,0.02341094547522982,76.3137259045584,-0.00480570242,-0.019596194,0.020176857907891154,-103.77908420613504,-0.704418387,0.151974386,0.7206257544271916,167.825354572318,0.709356657,-0.121330261,0.7196581821007413,-9.706098222667963
154881662.0,0.00578494344,0.0232147855,0.023924711835568872,76.0073258476422,-0.00501894396,-0.0199995033,0.02061964914154291,-104.08764607757372,-0.702777475,0.155105394,0.7196901156854044,167.55414462869572,0.707933751,-0.123801607,0.7186772806348567,-9.919429104116146
158489319.0,0.00604093174,0.0236902463,0.024448325628598847,75.69463224542761,-0.0052410355,-0.020408712,0.02107092733154391,-104.40255181429228,-0.701068461,0.158282439,0.7187143504235165,167.27745947490357,0.706451795,-0.126307186,0.7176542648754765,-10.136860042202334
162181010.0,0.00630748065,0.0241725056,0.02498188021611175,75.3755538954921,-0.00547228922,-0.020823742,0.02153077286559617,-104.72389392570683,-0.699288942,0.161504938,0.7176969202956518,166.99522662650452,0.704908707,-0.128846357,0.7165875165788079,-10.35842933686903
165958691.0,0.00658495698,0.0246614599,0.02552546302866529,75.05000072804769,-0.00571302331,-0.0212445018,0.021999261171021325,-105.05176351249558,-0.69743647,0.164772201,0.716636245181923,166.70737562262593,0.703302364,-0.131418386,0.7154753716144487,-10.584172637475348
169824365.0,0.00687373407,0.0251569896,0.02607915538892291,74.71788438490343,-0.00596356169,-0.0216708858,0.022476462341460175,-105.38625022008465,-0.695508553,0.16808343,0.7155307028609735,166.4138378409443,0.701630606,-0.134022442,0.7143161220605138,-10.81412275673198
173780083.0,0.00717419136,0.0256589576,0.02664303148645995,74.37911804258914,-0.00622423355,-0.022102773,0.022962440148522424,-105.72744225031656,-0.693502656,0.171437712,0.7143786271822873,166.1145467704009,0.699891235,-0.136657589,0.7131080124785572,-11.048309242949376
177827941.0,0.00748671384,0.0261672087,0.027217158104243785,74.03361683710773,-0.00649537287,-0.0225400271,0.023457252404940065,-106.07542551423657,-0.691416211,0.174834013,0.7131783149642736,165.8094383743292,0.698082026,-0.139322785,0.7118492491001315,-11.286758320829929
181970086.0,0.0078116914,0.0266815688,0.027801594129797078,73.68129824354693,-0.00677731791,-0.0229824949,0.023960949686557348,-106.43028399427428,-0.689246614,0.178271173,0.711928020261361,165.49845112887525,0.696200721,-0.142016873,0.7105379906364035,-11.52949245623879
186208714.0,0.00814951818,0.0272018437,0.02839638968681371,73.32208208242831,-0.00707041061,-0.0234300058,0.024473575096050724,-106.79209928591203,-0.686991234,0.181747895,0.7106259585251399,165.181526756556,0.694245039,-0.144738576,0.709172355325995,-11.776529987987871
190546072.0,0.00850059177,0.0277278182,0.02900158551825129,72.95589085526593,-0.0073749959,-0.0238823712,0.02499516390543591,-107.16095015011925,-0.684647415,0.185262745,0.7092703064073085,164.85860996863397,0.692212681,-0.147486494,0.7077504232775984,-12.02788498296377
194984460.0,0.00886531235,0.0282592554,0.029617212543139364,72.58265015302038,-0.00769142094,-0.0243393835,0.025525742794997024,-107.53691233985698,-0.682212488,0.188814145,0.7078592092607338,164.52964896246544,0.690101331,-0.150259097,0.7062702338901359,-12.283566834716934
199526231.0,0.00924408175,0.0287958957,0.030243291100109485,72.20228888138926,-0.00802003434,-0.0248008151,0.026065329087490284,-107.9200585435522,-0.679683768,0.192400361,0.7063907724451164,164.19459600177606,0.687908663,-0.153054718,0.704729788878338,-12.543579753980481
204173794.0,0.00963730242,0.029337456,0.03087983035067508,71.81473960229854,-0.00836118524,-0.0252664181,0.02661393060450864,-108.31045771789226,-0.677058569,0.196019506,0.7048630736453796,163.8534072137727,0.685632349,-0.15587155,0.7031270568643055,-12.807922541592186
208929613.0,0.0100453763,0.0298836285,0.03152682726400825,71.41993865178641,-0.00871522231,-0.0257359235,0.0271715450114743,-108.70817477209395,-0.674334209,0.199669528,0.7032741612197895,163.50604335988757,0.683270065,-0.158707643,0.7014599758159548,-13.076588379172824
213796209.0,0.0104687035,0.0304340803,0.032184266290809865,71.01782686949491,-0.00908249272,-0.0262090398,0.027738158577072795,-109.11327077738365,-0.671508014,0.203348205,0.7016220530620073,163.15247004289526,0.680819496,-0.161560894,0.6997264526968902,-13.349564065184955
218776162.0,0.0109076811,0.0309884523,0.03285211839331936,70.60834952717595,-0.00946334093,-0.0266854535,0.028313746662320678,-109.52580171658764,-0.668577335,0.207053143,0.6999047484493021,162.79265799711618,0.678278343,-0.164429047,0.6979243670199184,-13.626829990735768
223872114.0,0.0113627018,0.031546359,0.03353034086245776,70.19145686742013,-0.00985810752,-0.0271648272,0.028898271932448493,-109.94581913013144,-0.66553955,0.210781769,0.6981202237129159,162.42658344430586,0.675644338,-0.167309683,0.6960515796239664,-13.908359138306741
229086765.0,0.0118341519,0.032107387,0.03421887565598909,69.76710477280764,-0.0102671278,-0.0276468,0.029491684650109987,-110.37336897488831,-0.662392078,0.214531325,0.696266439233871,162.05422867490742,0.672915244,-0.170200225,0.6941059300983029,-14.19411753389722
234422882.0,0.0123224105,0.032671095,0.03491764953472005,69.3352541344173,-0.0106907304,-0.0281309866,0.03009392170480384,-110.80849153362082,-0.659132391,0.21829887,0.6943413465354441,161.6755819921027,0.670088871,-0.173097926,0.6920852454889904,-14.484063003583445
239883292.0,0.0128278469,0.0332370134,0.03562657317005972,68.89587267614306,-0.0111292359,-0.0286169767,0.030704905913651513,-111.25122138284043,-0.655758023,0.222081267,0.6923428875067569,161.29063878695175,0.667163082,-0.17599987,0.6899873420750235,-14.77814512480494
245470892.0,0.0133508193,0.0338046432,0.03634553999957297,68.44893409030252,-0.0115829548,-0.0291043349,0.031324545517376644,-111.70158606420357,-0.652266581,0.22587519,0.6902690012936736,160.8994011301385,0.664135808,-0.178902967,0.6878100341440332,-15.076304473879816
251188643.0,0.0138916727,0.0343734565,0.03707442625532211,67.99441916256934,-0.0120521866,-0.0295926003,0.031952733754043325,-112.15960710242499,-0.648655763,0.229677115,0.6881176324058521,160.5018788485447,0.661005053,-0.181803956,0.685551134860692,-15.378472679590663
257039578.0,0.0144507368,0.0349428956,0.03781308962482931,67.53231585657895,-0.0125372171,-0.0300812864,0.03258934801574523,-112.62529795217576,-0.644923367,0.233483322,0.6858867333275752,160.09808955099876,0.657768913,-0.184699398,0.6832084678418177,-15.684571324704507
263026799.0,0.015028324,0.0355123734,0.038561369098490304,67.06261980666092,-0.0130383176,-0.0305698808,0.03323424947196308,-113.09866550383923,-0.641067307,0.237289895,0.6835742727555969,159.688059049773,0.654425581,-0.187585679,0.6807798675292026,-15.994511898758962
269153480.0,0.0156247274,0.0360812733,0.03931908428834023,66.5853343519695,-0.0135557419,-0.0310578457,0.03388728254057005,-113.57970760117139,-0.637085627,0.241092718,0.6811782401123884,159.27182210328647,0.650973367,-0.190459007,0.6782631921980897,-16.308194874095676
275422870.0,0.0162402179,0.0366489494,0.04008603459514599,66.10047176827544,-0.0140897254,-0.0315446178,0.03454827454440354,-114.06841457298015,-0.632976519,0.244887482,0.6786966571640511,158.8494224785934,0.647410705,-0.193315419,0.6756563269678917,-16.6255098178407
281838293.0,0.0168750426,0.0372147271,0.04086199916645402,65.6080527739219,-0.0146404821,-0.0320296086,0.035217034843802716,-114.56476734261678,-0.628738332,0.248669687,0.6761275792029342,158.4209132083636,0.643736169,-0.196150778,0.67295719253813,-16.946334421282142
288403150.0,0.0175294219,0.0377779034,0.0416467359759193,65.10810744061821,-0.0152082033,-0.032512205,0.035893354838690626,-115.06873817400384,-0.624369595,0.252434641,0.6734691077824304,157.98635758052853,0.639948489,-0.198960777,0.6701637556282993,-17.270534010863756
295120923.0,0.0182035473,0.0383377478,0.04243998162911646,64.60067533929045,-0.015793055,-0.0329917702,0.036577007629966574,-115.58028938953893,-0.619869029,0.25617747,0.6707193968039121,157.5458290166368,0.63604656,-0.201740946,0.6672740334980888,-17.597961398101553
301995172.0,0.0188975789,0.0388935033,0.04324145103056598,64.08580598266795,-0.0163951762,-0.0334676439,0.037267747327229934,-116.09937406327889,-0.615235566,0.259893124,0.6678766634445463,157.0994115694548,0.632029462,-0.204486654,0.6642861074116522,-17.928455961194338
309029543.0,0.0196116431,0.0394443876,0.04405083720226905,63.56355899541325,-0.0170146762,-0.0339391442,0.037965309365514725,-116.62593428107236,-0.610468362,0.263576382,0.6649391928223009,156.64720040283373,0.627896469,-0.207193119,0.6611981279038955,-18.261843566870315
316227766.0,0.0203458297,0.0399895944,0.04486781080527456,63.03400491637269,-0.0176516331,-0.034405568,0.038669409880416325,-117.15990224019323,-0.605566817,0.267221865,0.6619053519843979,156.1893019702185,0.623647067,-0.209855415,0.6580083277455725,-18.59793592131644
323593657.0,0.02110019,0.0405282951,0.04569202032903321,62.49722492919064,-0.0183060912,-0.0348661929,0.03937974583923477,-117.70119892220627,-0.600530588,0.270824043,0.6587735949402431,155.72583454155085,0.619280965,-0.212468478,0.6547150278976095,-18.93652992085276
331131121.0,0.0218747343,0.0410596409,0.04652309223958086,61.95331145479341,-0.0189780593,-0.0353202789,0.04009599526596268,-118.24973423057276,-0.595359607,0.274377253,0.6555424765879175,155.2569281397666,0.614798113,-0.215027122,0.651316653359918,-19.277407530810656
338844156.0,0.0226694292,0.0415827643,0.04736063034930139,61.40236850148248,-0.0196675084,-0.0357670696,0.04081781662993888,-118.80540675248625,-0.590054096,0.277875707,0.6522106597926218,154.7827252850688,0.61019871,-0.217526049,0.6478117378368614,-19.620335344618027
346736850.0,0.0234841961,0.042096782,0.048204216840633134,60.8445114537257,-0.0203743701,-0.036205795,0.04154484984391927,-119.36810340173953,-0.584614581,0.28131351,0.6487769256272341,154.3033810290862,0.605483221,-0.219959861,0.6441989377231805,-19.965063943003464
354813389.0,0.0243189085,0.0426007975,0.04905341229993464,60.27986795952051,-0.0210985346,-0.0366356732,0.04227671596853989,-119.93769933151934,-0.579041905,0.284684681,0.645240184227626,153.81906283139557,0.600652386,-0.222323075,0.6404770397796854,-20.311327620322984
363078055.0,0.0251733904,0.0430939033,0.04990775576862341,59.70857738117157,-0.0218398491,-0.0370559131,0.04301301784792044,-120.51405768946252,-0.573337243,0.287983165,0.6415994837390834,153.329951355168,0.595707232,-0.224610141,0.6366449730400309,-20.658844165983307
371535229.0,0.0260474145,0.0435751847,0.050766765937706966,59.13079141047022,-0.0225981162,-0.037465717,0.043753340513757254,-121.09702943167387,-0.567502114,0.291202859,0.6378540228643563,152.83624016660443,0.590649087,-0.226815458,0.6327018223157598,-21.007314297021647
380189396.0,0.0269407007,0.0440437226,0.051629941455251835,58.54667383549763,-0.0233730928,-0.0378642833,0.04449725178997093,-121.68645360863304,-0.561538386,0.294337629,0.6340031536174142,152.33813598923703,0.585479583,-0.228933395,0.6286468336483371,-21.356421746539247
389045145.0,0.0278529145,0.044498597,0.05249676162500616,57.95640085780325,-0.0241644885,-0.0382508097,0.04524430292503407,-122.28215669470322,-0.555448294,0.297381337,0.6300464005955576,151.83585881669487,0.580200666,-0.230958306,0.6244794247509146,-21.7058325217156
398107171.0,0.0287836662,0.0449388908,0.05336668760797645,57.36016089572505,-0.0249719651,-0.038624496,0.04599402931044023,-122.88395333623794,-0.549234437,0.300327865,0.6259834608695067,151.32964152163805,0.574814605,-0.232884557,0.6201991994596513,-22.05519509444122
407380278.0,0.0297325101,0.0453636935,0.05423916338595706,56.75815446117937,-0.0257951357,-0.038984548,0.04674595178778285,-123.49164578679162,-0.542899792,0.303171139,0.6218142195834706,150.81973029235417,0.569323992,-0.234706541,0.6158059501620625,-22.40413977525213
416869383.0,0.0306989439,0.0457721054,0.05511361709527017,56.15059427383966,-0.0266335644,-0.0393301803,0.04749957720948109,-124.10502459494253,-0.536447712,0.305905153,0.6175387520973792,150.30638450612886,0.563731748,-0.23641871,0.6112996729438023,-22.752279245586198
426579519.0,0.0316824085,0.0461632412,0.055989461923207036,55.537704824297656,-0.0274867659,-0.0396606205,0.04825439998680351,-124.72386808266268,-0.529881929,0.308524004,0.6131573368434509,149.7898760312164,0.558041124,-0.238015589,0.606680572197759,-23.09920762919753
436515832.0,0.0326822883,0.0465362347,0.05686609806007267,54.919722330536686,-0.0283542058,-0.0399751122,0.049009902896775294,-125.34794316523335,-0.523206555,0.311021911,0.6086704595403494,149.27048983481342,0.5522557,-0.239491806,0.6019490703735921,-23.444500930245727
446683592.0,0.0336979113,0.0468902427,0.05774291373361385,54.29689460295538,-0.0292353012,-0.0402729189,0.04976555870258766,-125.97700562459762,-0.516426073,0.31339325,0.6040788177214657,148.7485229174028,0.546379379,-0.240842115,0.5971058115226303,-23.787716994901174
457088190.0,0.0347285508,0.0472244496,0.05861928761671469,53.66948022582327,-0.0301294211,-0.0405533281,0.05052083170146128,-126.61079982789161,-0.509545336,0.315632579,0.5993833284014031,148.22428450037694,0.540416385,-0.24206142,0.59215166995364,-24.12839535535627
467735141.0,0.0357734257,0.0475380713,0.05949458974761743,53.03774873912567,-0.0310358878,-0.0408156544,0.05127517894297814,-127.2490598193567,-0.502569558,0.317734669,0.5945851331078292,147.6980954171587,0.534371258,-0.243144799,0.5870877572026629,-24.466057132109107
478630092.0,0.036831703,0.0478303595,0.06036818396953356,52.40197955190278,-0.0319539782,-0.0410592434,0.05202805196609343,-127.89150948587682,-0.495504301,0.319694528,0.5896855971978977,147.1702879110825,0.528248838,-0.24408753,0.5819154209589664,-24.800205524415222
489778819.0,0.0379024991,0.0481006061,0.0612394296610677,51.76246216219701,-0.0328829256,-0.0412834754,0.05277889859704862,-128.53786302068045,-0.488355462,0.321507433,0.5846863148214458,146.64120480428178,0.522054258,-0.244885114,0.5766362522030015,-25.13032567651251
501187234.0,0.0389848828,0.0483481468,0.06210768379133202,51.11949490928856,-0.0338219217,-0.0414877687,0.053527164497903595,-129.18782552521537,-0.48112926,0.323168954,0.5795891110585168,146.11119933790266,0.51579293,-0.245533296,0.5712520862829374,-25.45588463991376
512861384.0,0.0400778776,0.0485723655,0.06297230314341513,50.47338504544257,-0.0347701191,-0.041671583,0.05427229506805543,-129.84109365215744,-0.473832212,0.324674982,0.5743960385182972,145.58063408594643,0.509470527,-0.246028089,0.5657650028577674,-25.77633179918472
524807460.0,0.0411804653,0.0487726972,0.06383264614981422,49.824447315663406,-0.0357266342,-0.0418344225,0.05501373734958493,-130.49735644010167,-0.466471117,0.32602175,0.5691093782993654,145.04988083904496,0.503092965,-0.246365798,0.560177327153347,-26.09109935566517
537031796.0,0.042291589,0.0489486319,0.06468807513774558,49.173003886598934,-0.0366905497,-0.041975839,0.05575094166955471,-131.15629549375095,-0.459053029,0.327205859,0.5637316361514606,144.5193194208464,0.496666385,-0.24654303,0.5544916262943465,-26.39960158800824
549540874.0,0.0434101574,0.0490997176,0.06553795872540222,48.51938318616005,-0.0376609184,-0.0420954343,0.056483363600595485,-131.81758634593203,-0.451585235,0.328224296,0.558265539823748,143.98933736541684,0.490197128,-0.246556723,0.5487107088037804,-26.701236241772264
562341325.0,0.0445350485,0.0492255632,0.06638167380576168,47.863919445987115,-0.0386367667,-0.042192863,0.05721046608066567,-132.48089893962322,-0.444075224,0.329074455,0.5527140323025979,143.4603287263842,0.483691716,-0.246404154,0.5428376214260396,-26.9953838227499
575439937.0,0.0456651142,0.0493258406,0.06721860758596276,47.20695151191665,-0.039617098,-0.0422678342,0.057931720688240346,-133.14589845537526,-0.436530662,0.329754151,0.5470802673903429,142.93269369751707,0.477156819,-0.246082955,0.5368756379830723,-27.281408390775557
588843655.0,0.0467991847,0.0494002872,0.0680481598871505,46.54882235598001,-0.0406008973,-0.0423201136,0.058646610103927174,-133.81224642359268,-0.428959357,0.330261635,0.5413675992435515,142.40683739961574,0.470599237,-0.245591128,0.5308282622631302,-27.55865770441443
602559586.0,0.0479360735,0.0494487071,0.06886974500068221,45.88987778072431,-0.0415871345,-0.0423495249,0.059354629264926,-134.47960103020972,-0.421369231,0.330595607,0.5355795778418272,141.88316909211392,0.464025867,-0.24492705,0.5246992138995485,-27.826463287656008
616595002.0,0.0490745821,0.049470973,0.0696827939871556,45.23046603265045,-0.0425747697,-0.0423559508,0.06005528772040026,-135.14761880780867,-0.413768285,0.330755221,0.5297199353343237,141.3621014288476,0.457443675,-0.244089481,0.5184924209015547,-28.08414071487427
630957344.0,0.0502135052,0.0494670264,0.07048675624064937,44.57093642510314,-0.0435627567,-0.0423393337,0.06074811066579232,-135.8159549471313,-0.406164564,0.330740093,0.5237925755172164,140.84404923548544,0.450859671,-0.243077572,0.5122120156181847,-28.33098993031544
645654229.0,0.0513516359,0.0494368782,0.07128110153306978,43.911638489237994,-0.0445500479,-0.0422996762,0.06143264095346334,-136.4842644382445,-0.398566127,0.330550301,0.517801563422679,140.3294290706923,0.444280872,-0.241890862,0.5058623155999895,-28.566295324177723
660693448.0,0.0524877703,0.0493806087,0.07206532138725309,43.25292137802907,-0.0455355986,-0.0422370408,0.06210844029116483,-137.15220306258013,-0.39098101,0.330186389,0.5117511130046318,139.81865773065127,0.437714282,-0.24052928,0.49944782230388585,-28.78932561027295
676082975.0,0.0536207133,0.0492983671,0.0728389311668366,42.59513254988722,-0.0465183712,-0.0421515497,0.06277509061094663,-137.81942801823175,-0.383417192,0.329649357,0.5056455692396387,139.31215187198177,0.431166852,-0.238993142,0.4929732002722076,-28.999334505703718
691830971.0,0.054749283,0.0491903706,0.0736014711047234,41.93861722858327,-0.04749734,-0.0420433835,0.06343219532070188,-138.4855994369131,-0.375882562,0.328940663,0.49948939947766996,138.8103264039551,0.424645461,-0.237283144,0.48644327313102736,-29.195560102050283
707945784.0,0.0558723159,0.0490569025,0.07435250746897443,41.283717036132316,-0.0484714952,-0.0419127808,0.06407938078128152,-139.15038057855273,-0.368384888,0.328062204,0.49328717335859257,138.31359454357832,0.418156881,-0.235400354,0.4798630052327158,-29.377225238566556
724435960.0,0.0569886717,0.0488983111,0.07509163422487729,40.63076949020043,-0.0494398466,-0.0417600358,0.06471629641634952,-139.81343904468912,-0.360931782,0.327016313,0.4870435506459453,137.8223658938711,0.411707753,-0.233346201,0.4732374915425039,-29.543537195512283
741310241.0,0.0580972375,0.0487150072,0.07581847355115677,39.980107142288894,-0.0504014285,-0.0415854967,0.06534261649663504,-140.4744479935402,-0.353530674,0.325805738,0.48076326437511724,137.33704645271226,0.405304559,-0.231122463,0.46657194348714415,-29.693687745530177
758577575.0,0.0591969323,0.0485074613,0.07653267665188367,39.33205650822601,-0.0513553023,-0.0413895638,0.06595804019131145,-141.1330860931209,-0.34618878,0.324433628,0.4744511043038373,136.85803725236113,0.398953599,-0.228731251,0.45987167703510273,-29.826852727196442
776247117.0,0.0602867111,0.0482762013,0.07723392484661766,38.68693759352147,-0.0523005608,-0.0411726865,0.06656229243063808,-141.7890391026287,-0.338913076,0.322903514,0.4681119016189718,136.38573358362706,0.392660967,-0.226174992,0.45314209913842163,-29.942191791975088
794328235.0,0.0613655682,0.0480218086,0.07792192927362543,38.0450629402767,-0.0532363309,-0.0409353608,0.06715512408983004,-142.44200013735883,-0.331710276,0.321219285,0.46175051300448755,135.9205246997626,0.386432528,-0.22345641,0.44638869370377077,-30.03884810280257
812830516.0,0.0624325411,0.0477449151,0.07859643189171757,37.406736959168384,-0.054161777,-0.0406781261,0.06773631249784144,-143.09167074330006,-0.324586805,0.319385168,0.45537180360502805,135.46279244707605,0.380273903,-0.220578508,0.4396170145642222,-30.115947854421087
831763771.0,0.0634867133,0.0474461994,0.07925720537049585,36.77225533795471,-0.0550761031,-0.0404015622,0.06830566126524432,-143.73776112346303,-0.317548782,0.317405699,0.44898063065945515,135.01291124344598,0.374190446,-0.21754454,0.4328326660055714,-30.17259938722396
851138038.0,0.0645272167,0.0471263828,0.07990405278120064,36.141904497042255,-0.0559785557,-0.0401062858,0.06886300065295793,-144.37999111716556,-0.310602,0.315285703,0.4425818307615036,134.57124672048982,0.368187234,-0.214357996,0.426041300497624,-30.20789310613861
870963590.0,0.0655532345,0.0467862254,0.08053680798611028,35.51596086721722,-0.056868425,-0.0397929468,0.06940818667137369,-145.01809048059917,-0.303751914,0.313030262,0.43618020379936095,134.13815588892155,0.362269048,-0.211022572,0.4192486005132533,-30.22090048171301
891250938.0,0.0665640024,0.0464265219,0.08115533470597226,34.89469068128377,-0.0577450476,-0.0394622251,0.06994110187986272,-145.65179960815783,-0.297003624,0.31064469,0.42978049757327225,133.7139859710008,0.356440368,-0.207542148,0.41246027582838735,-30.210673178909744
912010839.0,0.0675588106,0.0460480972,0.08175952632829596,34.278349240728076,-0.0586078067,-0.0391148266,0.07046165387026217,-146.28086964824175,-0.290361868,0.308134502,0.4233873943697869,133.2990744644243,0.350705361,-0.203920764,0.40568205312101746,-30.17624258829597
933254301.0,0.068537005,0.0456518023,0.08234930544703038,33.66718062093317,-0.0594561341,-0.0387514795,0.07096977557774932,-146.90506335188266,-0.283831014,0.305505388,0.41700549949047283,132.89374846303295,0.345067874,-0.200162592,0.39891966723018096,-30.116618684807754
954992586.0,0.0694979876,0.0452385101,0.08292462286026725,33.06141753661069,-0.0602895099,-0.0383729309,0.07146542401636174,-147.52415474855272,-0.277415053,0.302763184,0.4106393274113071,132.4983241445307,0.339531431,-0.196271916,0.3921788592558487,-30.030789714135302
977237221.0,0.070441217,0.0448091109,0.08348545665018302,32.46128087743927,-0.0611074639,-0.0379799427,0.07194858019297592,-148.13793016896014,-0.271117597,0.299913843,0.4042932903550132,132.11310658055686,0.334099231,-0.1922531,0.38546536889116423,-29.91772045663146
1000000000.0,0.0713662087,0.0443645085,0.0840318115873895,31.866979556934556,-0.0619095746,-0.0375732882,0.07241924753346464,-148.7461878560147,-0.264941881,0.296963409,0.3979716906925912,131.73838954572275,0.328774147,-0.18811057,0.3787849340738126,-29.776352289157327
