indice,b_scipy_float64,b_cmsis_float32_equivalente
0,-1.28302734679175222e-04,-1.28302737721242011e-04
1,-1.22023050224459554e-04,-1.22023047879338264e-04
2,-1.03798917850999819e-04,-1.03798920463304967e-04
3,-7.54142624439320310e-05,-7.54142602090723813e-05
4,-3.96475887241025035e-05,-3.96475879824720323e-05
5,6.09837083845822491e-18,6.09837086807372037e-18
6,3.96475156597945089e-05,3.96475152228958905e-05
7,7.54139844510852306e-05,7.54139837226830423e-05
8,1.03798343777992087e-04,1.03798345662653446e-04
9,1.22022150107216714e-04,1.22022152936551720e-04
10,1.28301551123947982e-04,1.28301544464193285e-04
11,1.22021899757109601e-04,1.22021898278035223e-04
12,1.03797917800561864e-04,1.03797916381154209e-04
13,7.54135201125998576e-05,7.54135180613957345e-05
14,3.96471900697108401e-05,3.96471914427820593e-05
15,-4.71392701141859127e-18,-4.71392694864984348e-18
16,-3.96470999083242844e-05,-3.96471004933118820e-05
17,-7.54131770760456036e-05,-7.54131760913878679e-05
18,-1.03797209431271569e-04,-1.03797210613265634e-04
19,-1.22020789120838200e-04,-1.22020792332477868e-04
20,-1.28300090845016732e-04,-1.28300089272670448e-04
21,-1.22020482786282564e-04,-1.22020479466300458e-04
22,-1.03796688203967874e-04,-1.03796686744317412e-04
23,-7.54126089266717156e-05,-7.54126085666939616e-05
24,-3.96467015432773004e-05,-3.96467003156431019e-05
25,3.33040826665059250e-18,3.33040823074110715e-18
26,3.96465920651479660e-05,3.96465911762788892e-05
27,7.54121924024322998e-05,7.54121938371099532e-05
28,1.03795828105615417e-04,1.03795828181318939e-04
29,1.22019134307342901e-04,1.22019133414141834e-04
30,1.28298317931775766e-04,1.28298313939012587e-04
31,1.22018764957085044e-04,1.22018762340303510e-04
32,1.03795199666353240e-04,1.03795202448964119e-04
33,7.54115074060985967e-05,7.54115098970942199e-05
34,3.96461117875470938e-05,3.96461109630763531e-05
35,-1.94618037798650667e-18,-1.94618041225225974e-18
36,-3.96459806451177939e-05,-3.96459799958392978e-05
37,-7.54110084637093478e-05,-7.54110078560188413e-05
38,-1.03794169401940557e-04,-1.03794169262982905e-04
39,-1.22017149738132857e-04,-1.22017147077713162e-04
40,-1.28296194405857724e-04,-1.28296189359389246e-04
41,-1.22016709960372804e-04,-1.22016710520256311e-04
42,-1.03793421141293632e-04,-1.03793419839348644e-04
43,-7.54101928789857303e-05,-7.54101929487660527e-05
44,-3.96454088230540003e-05,-3.96454088331665844e-05
45,5.65004493961635020e-19,5.65004476633426724e-19
46,3.96452535500168424e-05,3.96452524000778794e-05
47,7.54096021362787541e-05,7.54096035961993039e-05
48,1.03792201341425139e-04,1.03792204754427075e-04
49,1.22014797642981803e-04,1.22014796943403780e-04
50,1.28293680369216125e-04,1.28293686429969966e-04
51,1.22014279677589858e-04,1.22014280350413173e-04
52,1.03791320057411912e-04,1.03791317087598145e-04
53,7.54086415760946534e-05,7.54086431697942317e-05
54,3.96445800991352269e-05,3.96445793739985675e-05
55,8.23781207485203565e-19,8.23781210428164439e-19
56,-3.96443981222754577e-05,-3.96443974750582129e-05
57,-7.54079492442603894e-05,-7.54079519538208842e-05
58,-1.03789890513352747e-04,-1.03789890999905765e-04
59,-1.22012038588145750e-04,-1.22012039355468005e-04
60,-1.28290734195927395e-04,-1.28290732391178608e-04
61,-1.22011434367548394e-04,-1.22011435450986028e-04
62,-1.03788862481016906e-04,-1.03788865089882165e-04
63,-7.54068287517560125e-05,-7.54068314563483000e-05
64,-3.96436125589571576e-05,-3.96436116716358811e-05
65,-2.19950326912988935e-18,-2.19950323407570563e-18
66,3.96434012129514589e-05,3.96434006688650697e-05
67,7.54060246916560170e-05,7.54060238250531256e-05
68,1.03787202260921391e-04,1.03787198895588517e-04
69,1.22008831699501764e-04,1.22008830658160150e-04
70,1.28287312771799630e-04,1.28287312691099942e-04
71,1.22008132899075318e-04,1.22008132166229188e-04
72,1.03786013318091407e-04,1.03786012914497405e-04
73,7.54047288336170734e-05,7.54047287045978010e-05
74,3.96424927198294798e-05,3.96424911741632968e-05
75,3.58475659739643899e-18,3.58475675652411880e-18
76,-3.96422492652721169e-05,-3.96422510675620288e-05
77,-7.54038026242763909e-05,-7.54038046579807997e-05
78,-1.03784100908526944e-04,-1.03784099337644875e-04
79,-1.22005134934767632e-04,-1.22005134471692145e-04
80,-1.28283371785989695e-04,-1.28283369122073054e-04
81,-1.22004333033525880e-04,-1.22004334116354585e-04
82,-1.03782736559045476e-04,-1.03782738733571023e-04
83,-7.54023156037110059e-05,-7.54023130866698921e-05
84,-3.96412067701188106e-05,-3.96412069676443934e-05
85,9.62595501254890333e-18,9.62595538220001155e-18
86,3.96409284149720509e-05,3.96409268432762474e-05
87,7.54012566241195293e-05,7.54012580728158355e-05
88,1.03780550033813295e-04,1.03780548670329154e-04
89,1.22000905408856461e-04,1.22000907140318304e-04
90,1.28278866078927577e-04,1.28278872580267489e-04
91,1.21999991761263170e-04,1.21999990369658917e-04
92,1.03778995569727604e-04,1.03778998891357332e-04
93,7.53995624133913585e-05,7.53995627746917307e-05
94,3.96397406840873578e-05,3.96397408621851355e-05
95,-8.23007844851704330e-18,-8.23007817234942671e-18
96,-3.96394246089798645e-05,-3.96394243580289185e-05
97,-7.53983599385265468e-05,-7.53983622416853905e-05
98,-1.03776512788151355e-04,-1.03776510513853282e-04
99,-1.21996099776531332e-04,-1.21996097732335329e-04
100,-1.28273750050931991e-04,-1.28273750306107104e-04
101,-1.21995065696278143e-04,-1.21995064546354115e-04
102,-1.03774753432252147e-04,-1.03774757008068264e-04
103,-7.53964424347086963e-05,-7.53964413888752460e-05
104,-3.96380803561034129e-05,-3.96380819438491017e-05
105,6.84897082575891218e-18,6.84897068592628246e-18
106,3.96377237435432050e-05,3.96377254219260067e-05
107,7.53950857468969611e-05,7.53950880607590079e-05
108,1.03771952269084950e-04,1.03771955764386803e-04
109,1.21990674676586032e-04,1.21990677143912762e-04
110,1.28267978135965097e-04,1.28267973195761442e-04
111,1.21989511533187052e-04,1.21989512990694493e-04
112,1.03769973339241402e-04,1.03769976703915745e-04
113,7.53929289509246733e-05,7.53929271013475955e-05
114,3.96362117553962967e-05,3.96362120227422565e-05
115,-5.45583702804180994e-18,-5.45583723416753602e-18
116,-3.96358118233845609e-05,-3.96358118450734764e-05
117,-7.53914074675269608e-05,-7.53914064262062311e-05
118,-1.03766831948382698e-04,-1.03766833490226418e-04
119,-1.21984587241822948e-04,-1.21984587167389691e-04
120,-1.28261505345021780e-04,-1.28261512145400047e-04
121,-1.21983286570883967e-04,-1.21983284770976752e-04
122,-1.03764619045176927e-04,-1.03764621599111706e-04
123,-7.53889956886339362e-05,-7.53889980842359364e-05
124,-3.96341211030266889e-05,-3.96341201849281788e-05
125,4.08713765374663135e-18,4.08713745693268718e-18
126,3.96336751431989679e-05,3.96336763515137136e-05
127,7.53872991072377047e-05,7.53872955101542175e-05
128,1.03761116159350474e-04,1.03761114587541670e-04
129,1.21977795679126795e-04,1.21977798698935658e-04
130,1.28254287883674211e-04,1.28254294395446777e-04
131,1.21976349307145992e-04,1.21976350783370435e-04
132,1.03758655378390248e-04,1.03758655313868076e-04
133,7.53846171943907238e-05,7.53846179577521980e-05
134,3.96317950722622394e-05,3.96317955164704472e-05
135,-2.67312808950770535e-18,-2.67312803446463370e-18
136,-3.96313004929066133e-05,-3.96313007513526827e-05
137,-7.53827356564531174e-05,-7.53827334847301245e-05
138,-1.03754770647066679e-04,-1.03754769952502102e-04
139,-1.21970259923938045e-04,-1.21970260806847364e-04
140,-1.28246283848297722e-04,-1.28246290842071176e-04
141,-1.21968660108520005e-04,-1.21968660096172243e-04
142,-1.03752048817524749e-04,-1.03752048744354397e-04
143,-7.53797692583192328e-05,-7.53797721699811518e-05
144,-3.96292210138393943e-05,-3.96292198274750262e-05
145,1.33338142266106057e-18,1.33338143982551908e-18
146,3.96286753880554534e-05,3.96286741306539625e-05
147,7.53776935323814874e-05,7.53776912461034954e-05
148,1.03747763185189709e-04,1.03747763205319643e-04
149,1.21961942373419337e-04,1.21961944387294352e-04
150,1.28237454005482798e-04,1.28237457829527557e-04
151,1.21960181959706855e-04,1.21960183605551720e-04
152,1.03744768135979250e-04,1.03744765510782599e-04
153,7.53744293874228079e-05,7.53744316170923412e-05
154,3.96263872074841442e-05,3.96263858419843018e-05
155,6.76885978793286077e-20,6.76885966531719956e-20
156,-3.96257883267597813e-05,-3.96257892134599388e-05
157,-7.53721510729319651e-05,-7.53721542423591018e-05
158,-1.03740064262965263e-04,-1.03740065242163837e-04
159,-1.21952808702535697e-04,-1.21952805784530938e-04
160,-1.28227762659095860e-04,-1.28227766253985465e-04
161,-1.21950881296769472e-04,-1.21950884931720793e-04
162,-1.03736785117985162e-04,-1.03736783785279840e-04
163,-7.53685773311900848e-05,-7.53685744712129235e-05
164,-3.96232831410641597e-05,-3.96232826460618526e-05
165,-1.41617163631968927e-18,-1.41617167258926710e-18
166,3.96226290745401276e-05,3.96226278098765761e-05
167,7.53660890839736333e-05,7.53660860937088728e-05
168,1.03731647845946932e-04,1.03731646959204227e-04
169,1.21942828767301103e-04,1.21942830446641892e-04
170,1.28217178609378883e-04,1.28217172459699214e-04
171,1.21940728928266842e-04,1.21940727694891393e-04
172,1.03728075349846514e-04,1.03728074464015663e-04
173,7.53621956620651102e-05,7.53621934563852847e-05
174,3.96198998187168464e-05,3.96198993257712573e-05
175,2.85008899952390928e-18,2.85008905765478743e-18
176,-3.96191889784063095e-05,-3.96191899199038744e-05
177,-7.53594914424081521e-05,-7.53594940761104226e-05
178,-1.03722492214051087e-04,-1.03722493804525584e-04
179,-1.21931977599194313e-04,-1.21931974717881531e-04
180,-1.28205676208382796e-04,-1.28205676446668804e-04
181,-1.21929701048412102e-04,-1.21929704619105905e-04
182,-1.03718619089798684e-04,-1.03718615719117224e-04
183,-7.53552704132834394e-05,-7.53552740206941962e-05
184,-3.96162300992668648e-05,-3.96162286051549017e-05
185,-4.22427346631136279e-18,-4.22427366273632226e-18
186,3.96154613114994229e-05,3.96154609916266054e-05
187,7.53523457577075191e-05,7.53523490857332945e-05
188,1.03712580880165921e-04,1.03712583950255066e-04
189,1.21920236494788865e-04,1.21920238598249853e-04
190,1.28193236515899934e-04,1.28193234559148550e-04
191,1.21917780346200992e-04,1.21917779324576259e-04
192,1.03708402219832626e-04,1.03708400274626911e-04
193,7.53477917764987037e-05,7.53477943362668157e-05
194,3.96122690662012038e-05,3.96122704842127860e-05
195,-8.93703488033653773e-18,-8.93703470031277224e-18
196,-3.96114416494720842e-05,-3.96114410250447690e-05
197,-7.53446440940661841e-05,-7.53446438466198742e-05
198,-1.03701903592718337e-04,-1.03701902844477445e-04
199,-1.21907594204399169e-04,-1.21907592983916402e-04
200,-1.28179848559908314e-04,-1.28179846797138453e-04
201,-1.21904957214307225e-04,-1.21904959087260067e-04
202,-1.03697417282701970e-04,-1.03697420854587108e-04
203,-7.53397548615253429e-05,-7.53397544031031430e-05
204,-3.96080144304068792e-05,-3.96080140490084887e-05
205,7.61374055831713642e-18,7.61374093485249048e-18
206,3.96071282800180256e-05,3.96071300201583654e-05
207,7.53363837556290792e-05,7.53363856347277761e-05
208,1.03690457425269502e-04,1.03690457763150334e-04
209,1.21894048223405164e-04,1.21894045150838792e-04
210,1.28165510705348525e-04,1.28165513160638511e-04
211,1.21891231061363865e-04,1.21891229355242103e-04
212,1.03685664607172296e-04,1.03685662907082587e-04
213,7.53311605203970649e-05,7.53311614971607924e-05
214,3.96034669669085345e-05,3.96034665754996240e-05
215,-6.24068981687838131e-18,-6.24068977400530644e-18
216,-3.96025226464187156e-05,-3.96025243389885873e-05
217,-7.53275681368817298e-05,-7.53275671740993857e-05
218,-1.03678247956104927e-04,-1.03678248706273735e-04
219,-1.21879606189703594e-04,-1.21879609650932252e-04
220,-1.28150232134842081e-04,-1.28150233649648726e-04
221,-1.21876611731033772e-04,-1.21876611956395209e-04
222,-1.03673153524383332e-04,-1.03673155535943806e-04
223,-7.53220162378880092e-05,-7.53220156184397638e-05
224,-3.95986309864835789e-05,-3.95986317016649991e-05
225,4.88727191105829103e-18,4.88727174499706851e-18
226,3.95976298263807334e-05,3.95976312574930489e-05
227,7.53182076402343924e-05,7.53182102926075459e-05
228,1.03665290540571871e-04,1.03665290225762874e-04
229,1.21864287390503618e-04,1.21864286484196782e-04
230,1.28134034444700391e-04,1.28134037367999554e-04
231,1.21861121031032260e-04,1.21861121442634612e-04
232,1.03659903678042070e-04,1.03659906017128378e-04
233,7.53123370902440779e-05,7.53123385948128998e-05
234,3.95935148434334346e-05,3.95935130654834211e-05
235,-3.43530702777047130e-18,-3.43530693332686622e-18
236,-3.95924590470685963e-05,-3.95924580516293645e-05
237,-7.53083206626541763e-05,-7.53083222662098706e-05
238,-1.03651611678698294e-04,-1.03651611425448209e-04
239,-1.21848124381411071e-04,-1.21848126582335681e-04
240,-1.28116953359298466e-04,-1.28116953419521451e-04
241,-1.21844794375015319e-04,-1.21844794193748385e-04
242,-1.03645946430756168e-04,-1.03645943454466760e-04
243,-7.53021467741076705e-05,-7.53021449781954288e-05
244,-3.95881314802149002e-05,-3.95881324948277324e-05
245,2.18250801805494312e-18,2.18250798121019113e-18
246,3.95870242372347157e-05,3.95870229112915695e-05
247,7.52979346530224385e-05,7.52979321987368166e-05
248,1.03637250480369923e-04,1.03637248685117811e-04
249,1.21831164720452874e-04,1.21831166325137019e-04
250,1.28099040566559261e-04,1.28099040011875331e-04
251,1.21827682539853965e-04,1.21827681141439825e-04
252,1.03631326368845291e-04,1.03631326055619866e-04
253,7.52914787070198466e-05,7.52914784243330359e-05
254,3.95824990098195715e-05,3.95824972656555474e-05
255,-6.31863359247296530e-19,-6.31863365895768284e-19
256,-3.95813446172352536e-05,-3.95813440263736993e-05
257,-7.52870872416900000e-05,-7.52870837459340692e-05
258,-1.03622260230068077e-04,-1.03622260212432593e-04
259,-1.21813472819359058e-04,-1.21813471196219325e-04
260,-1.28080365676952674e-04,-1.28080369904637337e-04
261,-1.21809853540627363e-04,-1.21809855045285076e-04
262,-1.03616102907386570e-04,-1.03616104752290994e-04
263,-7.52803772009103694e-05,-7.52803753130137920e-05
264,-3.95766413365869480e-05,-3.95766401197761297e-05
265,-7.03794404553062884e-19,-7.03794423276708440e-19
266,3.95754453275993135e-05,3.95754468627274036e-05
267,7.52758274434846476e-05,7.52758278395049274e-05
268,1.03606710052866869e-04,1.03606711491011083e-04
269,1.21795131914030760e-04,1.21795128507073969e-04
270,1.28061018308016025e-04,1.28061015857383609e-04
271,1.21791394625145116e-04,1.21791395940817893e-04
272,1.03600351997103243e-04,1.03600352304056287e-04
273,7.52688987096786823e-05,7.52689011278562248e-05
274,3.95705888160167055e-05,3.95705901610199362e-05
275,2.22133711052082638e-18,2.22133707993434908e-18
276,-3.95693580967018479e-05,-3.95693568862043321e-05
277,-7.52642169351917643e-05,-7.52642154111526906e-05
278,-1.03590686682998267e-04,-1.03590689832344651e-04
279,-1.21776246155812999e-04,-1.21776247397065163e-04
280,-1.28041110295992489e-04,-1.28041108837351203e-04
281,-1.21772414389494628e-04,-1.21772412967402488e-04
282,-1.03584167934307793e-04,-1.03584170574322343e-04
283,-7.52571131517179771e-05,-7.52571140765212476e-05
284,-3.95643789540223531e-05,-3.95643801311962306e-05
285,-3.39755763337669248e-18,-3.39755771889239624e-18
286,3.95631219479550982e-05,3.95631213905289769e-05
287,7.52523314081920443e-05,7.52523337723687291e-05
288,1.03574296336104535e-04,1.03574297099839896e-04
289,1.21756942824609960e-04,1.21756944281514734e-04
290,1.28020778035717461e-04,1.28020779811777174e-04
291,1.21753045015646346e-04,1.21753044368233532e-04
292,1.03567665274736904e-04,1.03567668702453375e-04
293,7.52451053079705300e-05,7.52451087464578450e-05
294,3.95580571459121645e-05,3.95580573240295053e-05
295,-9.78785968907541962e-18,-9.78785944349501566e-18
296,-3.95567839467050156e-05,-3.95567840314470232e-05
297,-7.52402619968941280e-05,-7.52402629586867988e-05
298,-1.03557666685616880e-04,-1.03557664260733873e-04
299,-1.21737374664568430e-04,-1.21737371955532581e-04
300,-1.28000184949404310e-04,-1.28000188851729035e-04
301,-1.21733444631680034e-04,-1.21733442938420922e-04
302,-1.03550980851722634e-04,-1.03550977655686438e-04
303,-7.52329762957991015e-05,-7.52329797251150012e-05
304,-3.95516774552392194e-05,-3.95516763092018664e-05
305,8.51346323929248281e-18,8.51346363276519357e-18
306,3.95503999871364969e-05,3.95503993786405772e-05
307,7.52281167829005348e-05,7.52281193854287267e-05
308,1.03540948943565966e-04,1.03540951386094093e-04
309,1.21717722342477527e-04,1.21717719594016671e-04
310,1.27979524084444939e-04,1.27979525132104754e-04
311,1.21713799794700105e-04,1.21713797852862626e-04
312,1.03534275898707026e-04,1.03534279332961887e-04
313,7.52208451186546923e-05,7.52208434278145432e-05
314,3.95453034324716148e-05,3.95453025703318417e-05
315,-6.92351769748306395e-18,-6.92351785709078642e-18
316,-3.95440356188534608e-05,-3.95440365537069738e-05
317,-7.52160223749212987e-05,-7.52160194679163396e-05
318,-1.03524320045524079e-04,-1.03524318546988070e-04
319,-1.21698197028520180e-04,-1.21698198199737817e-04
320,-1.27959020839801834e-04,-1.27959021483547986e-04
321,-1.21694328095968421e-04,-1.21694327390287071e-04
322,-1.03517738275660229e-04,-1.03517741081304848e-04
323,-7.52088502911683692e-05,-7.52088526496663690e-05
324,-3.95390089733655911e-05,-3.95390088669955730e-05
325,5.48801268924684259e-18,5.48801249204431741e-18
326,3.95377669130933583e-05,3.95377683162223548e-05
327,7.52041255638773366e-05,7.52041232772171497e-05
328,1.03507984938947821e-04,1.03507984022144228e-04
329,1.21679043098474074e-04,1.21679040603339672e-04
330,1.27938935819956894e-04,1.27938939840532839e-04
331,1.21675280887233533e-04,1.21675278933253139e-04
332,1.03501584798461931e-04,1.03501581179443747e-04
333,7.51971515390329685e-05,7.51971529098227620e-05
334,3.95328792164379496e-05,3.95328788727056235e-05
335,-4.03427079496398326e-18,-4.03427068962319808e-18
336,-3.95316813680687357e-05,-3.95316819776780903e-05
337,-7.51925950523435347e-05,-7.51925981603562832e-05
338,-1.03492178973705300e-04,-1.03492180642206222e-04
339,-1.21660540955848202e-04,-1.21660537843126804e-04
340,-1.27919567814787071e-04,-1.27919571241363883e-04
341,-1.21656946126616440e-04,-1.21656943520065397e-04
342,-1.03486063669877291e-04,-1.03486061561852694e-04
343,-7.51859315724153106e-05,-7.51859333831816912e-05
344,-3.95270114792322066e-05,-3.95270108128897846e-05
345,2.81573044509072011e-18,2.81573045655117232e-18
346,3.95258788528181487e-05,3.95258794014807791e-05
347,7.51816232571089380e-05,7.51816260162740946e-05
348,1.03477170393031863e-04,1.03477170341648161e-04
349,1.21643009971851592e-04,1.21643010061234236e-04
350,1.27901256903065452e-04,1.27901250380091369e-04
351,1.21639651341852909e-04,1.21639648568816483e-04
352,1.03471457010021473e-04,1.03471458714921027e-04
353,7.51753979316793319e-05,7.51753977965563536e-05
354,3.95215162323737869e-05,3.95215174648910761e-05
355,-1.09013935362557257e-18,-1.09013936472968036e-18
356,-3.95204725887374317e-05,-3.95204733649734408e-05
357,-7.51714281832198400e-05,-7.51714251236990094e-05
358,-1.03463262922631795e-04,-1.03463265986647457e-04
359,-1.21626811540427514e-04,-1.21626813779585063e-04
360,-1.27884387676627546e-04,-1.27884384710341692e-04
361,-1.21623766707919617e-04,-1.21623765153344721e-04
362,-1.03458083483986852e-04,-1.03458085504826158e-04
363,-7.51657849033608965e-05,-7.51657862565480173e-05
364,-3.95165181105049240e-05,-3.95165188820101321e-05
365,2.20146493475906742e-19,2.20146494459716342e-19
366,3.95155901677411982e-05,3.95155911974143237e-05
367,7.51622553674873522e-05,7.51622574171051383e-05
368,1.03450798455066950e-04,1.03450794995296746e-04
369,1.21612352244912330e-04,1.21612349175848067e-04
370,1.27869392581519476e-04,1.27869396237656474e-04
371,1.21609708235585203e-04,1.21609708003234118e-04
372,1.03446301023397369e-04,1.03446298453491181e-04
373,7.51573555041941968e-05,7.51573534216731787e-05
374,3.95121569588442208e-05,3.95121569454204291e-05
375,-6.04164765882348784e-18,-6.04164778474850905e-18
376,-3.95113746057968371e-05,-3.95113747799769044e-05
377,-7.51543798889855498e-05,-7.51543775550089777e-05
378,-1.03440159825950081e-04,-1.03440157545264810e-04
379,-1.21600087132250364e-04,-1.21600089187268168e-04
380,-1.27856755371732426e-04,-1.27856750623323023e-04
381,-1.21597941066546678e-04,-1.21597942779771984e-04
382,-1.03436509638275920e-04,-1.03436512290500104e-04
383,-7.51504035304419686e-05,-7.51504048821516335e-05
384,-3.95085889139355298e-05,-3.95085880882106721e-05
385,4.96349991252533410e-18,4.96349974716628022e-18
386,3.95079854302774101e-05,3.95079841837286949e-05
387,7.51481084436310750e-05,7.51481056795455515e-05
388,1.03431773678024769e-04,1.03431775642093271e-04
389,1.21590523089880947e-04,1.21590521303005517e-04
390,1.27847014670353607e-04,1.27847015392035246e-04
391,1.21588982870212575e-04,1.21588986075948924e-04
392,1.03429154314903034e-04,1.03429156297352165e-04
393,7.51452556693785987e-05,7.51452535041607916e-05
394,3.95059875168733774e-05,3.95059869333636016e-05
395,-3.07013737890023847e-18,-3.07013729856736896e-18
396,-3.95055997995199764e-05,-3.95056013076100498e-05
397,-7.51437814795610575e-05,-7.51437837607227266e-05
398,-1.03426113408254205e-04,-1.03426114947069436e-04
399,-1.21584222319721369e-04,-1.21584220323711634e-04
400,-1.27840767632224274e-04,-1.27840772620402277e-04
401,-1.21583407336397283e-04,-1.21583405416458845e-04
402,-1.03424727994757038e-04,-1.03424725239165127e-04
403,-7.51422736692801830e-05,-7.51422703615389764e-05
404,-3.95045448571331457e-05,-3.95045462937559932e-05
405,1.61642033307607694e-18,1.61642031156462621e-18
406,3.95044136524508544e-05,3.95044153265189379e-05
407,7.51417753894088127e-05,7.51417755964212120e-05
408,1.03423702192772504e-04,1.03423699329141527e-04
409,1.21581805903013283e-04,1.21581804705783725e-04
410,1.27838673701352102e-04,1.27838677144609392e-04
411,1.21581847757481904e-04,1.21581848361529410e-04
412,1.03423774628944311e-04,1.03423772088717669e-04
413,7.51418565638792242e-05,7.51418556319549680e-05
414,3.95044727447104637e-05,3.95044735341798514e-05
415,-2.52643056126523889e-20,-2.52643060305686303e-20
416,-3.95046428861819320e-05,-3.95046445191837847e-05
417,-7.51425047552268258e-05,-7.51425031921826303e-05
418,-1.03425116083713043e-04,-1.03425118140876293e-04
419,-1.21583957448841270e-04,-1.21583958389237523e-04
420,-1.27841458455580449e-04,-1.27841456560418010e-04
421,-1.21585000692766274e-04,-1.21584998851176351e-04
422,-1.03426892301950612e-04,-1.03426893474534154e-04
423,-7.51444429466060815e-05,-7.51444458728656173e-05
424,-3.95060039082939198e-05,-3.95060051232576370e-05
425,-9.05374323867246382e-19,-9.05374306050395088e-19
426,3.95065245589975073e-05,3.95065253542270511e-05
427,7.51464246413661936e-05,7.51464249333366752e-05
428,1.03430987171213687e-04,1.03430989838670939e-04
429,1.21591426818540575e-04,1.21591423521749675e-04
430,1.27849917530134175e-04,1.27849911223165691e-04
431,1.21593629707043670e-04,1.21593628136906773e-04
432,1.03434736417719691e-04,1.03434736956842244e-04
433,7.51505132897115671e-05,7.51505140215158463e-05
434,3.95093932166670357e-05,3.95093920815270394e-05
435,-4.15235772645510022e-18,-4.15235775310034948e-18
436,-3.95103181161259566e-05,-3.95103197661228478e-05
437,-7.51540329299339727e-05,-7.51540355850011110e-05
438,-1.03442006803393369e-04,-1.03442005638498813e-04
439,-1.21605033917297938e-04,-1.21605036838445812e-04
440,-1.27864920610890737e-04,-1.27864914247766137e-04
441,-1.21608569174517147e-04,-1.21608565677888691e-04
442,-1.03448022940629637e-04,-1.03448022855445743e-04
443,-7.51605923025980190e-05,-7.51605912228114903e-05
444,-3.95149189204635812e-05,-3.95149181713350117e-05
445,3.98471099924696610e-18,3.98471099040269598e-18
446,3.95163066351502401e-05,3.95163078792393208e-05
447,7.51658726931932528e-05,7.51658735680393875e-05
448,1.03458928856281615e-04,1.03458929515909404e-04
449,1.21625672543517935e-04,1.21625671454239637e-04
450,1.27887415487334998e-04,1.27887411508709192e-04
451,1.21630728138534736e-04,1.21630728244781494e-04
452,1.03467531683017238e-04,1.03467529697809368e-04
453,7.51752513234000094e-05,7.51752522774040699e-05
454,3.95228839110713833e-05,3.95228853449225426e-05
455,-2.28068411698079554e-18,-2.28068418695773174e-18
456,-3.95247980879319939e-05,-3.95247989217750728e-05
457,-7.51825345966238993e-05,-7.51825355109758675e-05
458,-1.03482573045086409e-04,-1.03482576378155500e-04
459,-1.21654314285717105e-04,-1.21654316899366677e-04
460,-1.27918432154365953e-04,-1.27918436191976070e-04
461,-1.21661094216671207e-04,-1.21661090815905482e-04
462,-1.03494109630401703e-04,-1.03494108770973980e-04
463,-7.51951107372686667e-05,-7.51951083657331765e-05
464,-3.95336169931674632e-05,-3.95336173824034631e-05
465,1.68053302172768499e-18,1.68053301289208001e-18
466,3.95361266154625017e-05,3.95361275877803564e-05
467,7.52046593259520234e-05,7.52046616980805993e-05
468,1.03513828267431647e-04,1.03513826616108418e-04
469,1.21692012455884834e-04,1.21692013635765761e-04
470,1.27959086951241941e-04,1.27959079691208899e-04
471,1.21700737539998560e-04,1.21700737508945167e-04
472,1.03528674294788248e-04,1.03528676845598966e-04
473,7.52208424142987881e-05,7.52208434278145432e-05
474,3.95474741672629821e-05,3.95474744436796755e-05
475,9.15763836984369741e-19,9.15763797941637685e-19
476,-3.95506538119352617e-05,-3.95506540371570736e-05
477,-7.52329400308574632e-05,-7.52329433453269303e-05
478,-1.03553655968650617e-04,-1.03553655208088458e-04
479,-1.21739906047487980e-04,-1.21739903988782316e-04
480,-1.28010586725153504e-04,-1.28010593471117318e-04
481,-1.21750814714536101e-04,-1.21750817925203592e-04
482,-1.03572217085760179e-04,-1.03572216175962240e-04
483,-7.52531721596607332e-05,-7.52531705074943602e-05
484,-3.95648399182230758e-05,-3.95648385165259242e-05
485,5.01725733934626512e-18,5.01725738799548894e-18
486,3.95687700139203674e-05,3.95687711716163903e-05
487,7.52681247777997852e-05,7.52681226003915071e-05
488,1.03603093518342515e-04,1.03603095340076834e-04
489,1.21799223705510676e-04,1.21799224871210754e-04
490,1.28074233006058479e-04,1.28074228996410966e-04
491,1.21812572792091798e-04,1.21812576253432781e-04
492,1.03625806688471554e-04,1.03625803603790700e-04
493,7.52928821678972270e-05,7.52928826841525733e-05
494,3.95861285055278708e-05,3.95861279685050249e-05
495,-3.02457332540358782e-18,-3.02457329529580426e-18
496,-3.95908955905186960e-05,-3.95908973587211221e-05
497,-7.53110190035978874e-05,-7.53110216464847326e-05
498,-1.03663257586980080e-04,-1.03663260233588517e-04
499,-1.21871287695096220e-04,-1.21871285955421627e-04
500,-1.28151426178632193e-04,-1.28151426906697452e-04
501,-1.21887353236969738e-04,-1.21887351269833744e-04
502,-1.03690592436917861e-04,-1.03690596006345004e-04
503,-7.53408134729090495e-05,-7.53408166929148138e-05
504,-3.96117852508702929e-05,-3.96117866330314428e-05
505,2.77696789537935946e-18,2.77696794586632489e-18
506,3.96174822297809385e-05,3.96174837078433484e-05
507,7.53624879612577593e-05,7.53624844946898520e-05
508,1.03735347510507751e-04,1.03735350421629846e-04
509,1.21957517854675264e-04,1.21957520605064929e-04
510,1.28243669636327588e-04,1.28243671497330070e-04
511,1.21976595874233215e-04,1.21976598165929317e-04
512,1.03767807670249201e-04,1.03767808468546718e-04
513,7.53978683847553356e-05,7.53978674765676260e-05
514,3.96422878182300147e-05,3.96422874473500997e-05
515,-1.83514868681962093e-18,-1.83514878580987939e-18
516,-3.96490142167729473e-05,-3.96490140701644123e-05
517,-7.54234591488402178e-05,-7.54234570194967091e-05
518,-1.03820648630357208e-04,-1.03820646472740918e-04
519,-1.22059435518660691e-04,-1.22059434943366796e-04
520,-1.28352573901866060e-04,-1.28352578030899167e-04
521,-1.22081842804439857e-04,-1.22081837616860867e-04
522,-1.03858773059293901e-04,-1.03858772490639240e-04
523,-7.54650129037686670e-05,-7.54650100134313107e-05
524,-3.96781474816344982e-05,-3.96781470044516027e-05
525,7.30901554208233341e-19,7.30901545540377433e-19
526,3.96860096982072158e-05,3.96860086766537279e-05
527,7.54949247118345492e-05,7.54949214751832187e-05
528,1.03920535595664981e-04,1.03920538094826043e-04
529,1.22178667394097853e-04,1.22178666060790420e-04
530,1.28479860697599781e-04,1.28479863633401692e-04
531,1.22204742269165048e-04,1.22204743092879653e-04
532,1.03964899889797657e-04,1.03964899608399719e-04
533,7.55432791023118237e-05,7.55432774894870818e-05
534,3.97199103752909980e-05,3.97199110011570156e-05
535,-5.75166442203391503e-18,-5.75166431817671296e-18
536,-3.97290219284101971e-05,-3.97290205000899732e-05
537,-7.55779438090799195e-05,-7.55779474275186658e-05
538,-1.04036475613845323e-04,-1.04036473203450441e-04
539,-1.22316949374953840e-04,-1.22316952911205590e-04
540,-1.28627366948587049e-04,-1.28627361846156418e-04
541,-1.22347052450803547e-04,-1.22347046271897852e-04
542,-1.04087693288356203e-04,-1.04087695945054293e-04
543,-7.56337674637870192e-05,-7.56337685743346810e-05
544,-3.97681587207515376e-05,-3.97681578760966659e-05
545,6.21449733025725686e-18,6.21449751349912109e-18
546,3.97786404912509761e-05,3.97786388930398971e-05
547,7.56736449317591393e-05,7.56736480980180204e-05
548,1.04170031635159418e-04,1.04170030681416392e-04
549,1.22476130277107405e-04,1.22476136311888695e-04
550,1.28797048700426958e-04,1.28797051729634404e-04
551,1.22510645189599952e-04,1.22510638902895153e-04
552,1.04228755376438841e-04,1.04228754935320467e-04
553,7.57376491683733367e-05,7.57376474211923778e-05
554,3.98235120254684260e-05,3.98235133616253734e-05
555,-2.13700477731580054e-18,-2.13700477571364908e-18
556,-3.98354924922599327e-05,-3.98354932258371264e-05
557,-7.57832281647179839e-05,-7.57832312956452370e-05
558,-1.04322865456393706e-04,-1.04322862171102315e-04
559,-1.22658175476409516e-04,-1.22658180771395564e-04
560,-1.28990984933334974e-04,-1.28990985103882849e-04
561,-1.22697509600174702e-04,-1.22697514598257840e-04
562,-1.04389788337417663e-04,-1.04389786429237574e-04
563,-7.58561683143742655e-05,-7.58561654947698116e-05
564,-3.98866282469150798e-05,-3.98866286559496075e-05
565,1.18087512143276619e-18,1.18087508086730649e-18
566,3.99002437151588067e-05,3.99002419726457447e-05
567,7.59079673789528797e-05,7.59079703129827976e-05
568,1.04496740728176682e-04,1.04496743006166071e-04
569,1.22865170431702412e-04,1.22865167213603854e-04
570,1.29211381253267190e-04,1.29211388411931694e-04
571,1.22909755569290034e-04,1.22909754281863570e-04
572,1.04572597380933851e-04,1.04572594864293933e-04
573,7.59906440639265363e-05,7.59906470193527639e-05
574,3.99582049163196026e-05,3.99582058889791369e-05
575,1.74028032656250449e-18,1.74028026853678520e-18
576,-3.99735997368004693e-05,-3.99735981773119420e-05
577,-7.60492123436943212e-05,-7.60492112021893263e-05
578,-1.04693525850161424e-04,-1.04693528555799276e-04
579,-1.23099324074024636e-04,-1.23099322081543505e-04
580,-1.29460573440383933e-04,-1.29460575408302248e-04
581,-1.23149617116004209e-04,-1.23149613500572741e-04
582,-1.04779093588661554e-04,-1.04779093817342073e-04
583,-7.61424727012155900e-05,-7.61424744268879294e-05
584,-4.00389802158360425e-05,-4.00389799324329942e-05
585,-5.76111121272391501e-19,-5.76111134115752795e-19
586,4.00563069942353958e-05,4.00563076254911721e-05
587,7.62083907464440981e-05,7.62083873269148171e-05
588,1.04915196737644291e-04,1.04915197880472988e-04
589,1.23362972042841661e-04,1.23362973681651056e-04
590,1.29741030834606708e-04,1.29741034470498562e-04
591,1.23419455594973957e-04,1.23419449664652348e-04
592,1.05011296624875475e-04,1.05011298728641123e-04
593,7.63131295914047046e-05,7.63131320127286017e-05
594,4.01297340028000226e-05,4.01297329517547041e-05
595,-5.68502289409091114e-18,-5.68502292571668457e-18
596,-4.01491537976392474e-05,-4.01491524826269597e-05
597,-7.63870101086476961e-05,-7.63870120863430202e-05
598,-1.05163839443102970e-04,-1.05163839180022478e-04
599,-1.23658579749631780e-04,-1.23658581287600100e-04
600,-1.30055359537575345e-04,-1.30055355839431286e-04
601,-1.23721762723120966e-04,-1.23721765703521669e-04
602,-1.05271337295195411e-04,-1.05271334177814424e-04
603,-7.65041710278930855e-05,-7.65041695558466017e-05
604,-4.02312887746815166e-05,-4.02312871301546693e-05
605,5.29378451457872823e-18,5.29378469395257864e-18
606,4.02529712826247771e-05,4.02529694838449359e-05
607,7.65866595848883230e-05,7.65866570873185992e-05
608,1.05441652615504019e-04,1.05441649793647230e-04
609,1.23988745248857559e-04,1.23988749692216516e-04
610,1.30406305409900967e-04,1.30406304378993809e-04
611,1.24059163409635337e-04,1.24059166410006583e-04
612,1.05561459936183799e-04,1.05561462987679988e-04
613,7.67172359555508108e-05,7.67172386986203492e-05
614,4.03445105681540786e-05,4.03445119445677847e-05
615,-1.77388984978653597e-18,-1.77388985759573354e-18
616,-4.03686342953230834e-05,-4.03686353820376098e-05
617,-7.68090116329070291e-05,-7.68090103520080447e-05
618,-1.05750949780217686e-04,-1.05750950751826167e-04
619,-1.24356201895910417e-04,-1.24356200103648007e-04
620,-1.30796756842361541e-04,-1.30796761368401349e-04
621,-1.24434418368852564e-04,-1.24434416648000479e-04
622,-1.05884024618626790e-04,-1.05884028016589582e-04
623,-7.69540475571955088e-05,-7.69540492910891771e-05
624,-4.04703097856024883e-05,-4.04703096137382090e-05
625,4.26852175716228061e-18,4.26852162165331509e-18
626,4.04970622035756054e-05,4.04970633098855615e-05
627,7.70558235418815536e-05,7.70558253861963749e-05
628,1.06094161421969261e-04,1.06094164948444813e-04
629,1.24763820771498819e-04,1.24763813801109791e-04
630,1.31229747279244438e-04,1.31229753606021404e-04
631,1.24850426495452913e-04,1.24850426800549030e-04
632,1.06241509146748418e-04,1.06241510366089642e-04
633,7.72164146906134056e-05,7.72164130466990173e-05
634,4.06096419423489655e-05,4.06096405640710145e-05
635,2.50354830125264791e-18,2.50354835747059691e-18
636,-4.06392196275448715e-05,-4.06392209697514772e-05
637,-7.73289388059864572e-05,-7.73289357312023640e-05
638,-1.06473836853203713e-04,-1.06473838968668133e-04
639,-1.25214612851627015e-04,-1.25214617582969368e-04
640,-1.31708457472091587e-04,-1.31708453409373760e-04
641,-1.25310226981050361e-04,-1.25310223666019738e-04
642,-1.06636510835761482e-04,-1.06636507553048432e-04
643,-7.75062331631716039e-05,-7.75062362663447857e-05
644,-4.07635083279032307e-05,-4.07635088777169585e-05
645,4.84561196816461930e-18,4.84561203421675410e-18
646,4.07961170828266971e-05,4.07961160817649215e-05
647,7.76302883305209584e-05,7.76302913436666131e-05
648,1.06892645850030011e-04,1.06892643088940531e-04
649,1.25711730902339360e-04,1.25711725559085608e-04
650,1.32236217441748512e-04,1.32236222270876169e-04
651,1.25817001151366591e-04,1.25816994113847613e-04
652,1.07071748049868609e-04,1.07071748061571270e-04
653,7.78254868311851545e-05,7.78254834585823119e-05
654,4.09329565742679304e-05,4.09329550166148692e-05
655,-8.21775329659304670e-20,-8.21775310367420418e-20
656,-4.09688115295247441e-05,-4.09688109357375652e-05
657,-7.79618914574154760e-05,-7.79618931119330227e-05
658,-1.07353380038014527e-04,-1.07353378552943468e-04
659,-1.26258471078206062e-04,-1.26258470118045807e-04
660,-1.32816508126793256e-04,-1.32816508994437754e-04
661,-1.26374074002951397e-04,-1.26374070532619953e-04
662,-1.07550061482987902e-04,-1.07550062239170074e-04
663,-7.81762485109427862e-05,-7.81762500992044806e-05
664,-4.11190811247251733e-05,-4.11190812883432955e-05
665,3.81993297973870166e-18,3.81993289006937637e-18
666,4.11584068201276761e-05,4.11584078392479569e-05
667,7.83258567974681448e-05,7.83258583396673203e-05
668,1.07858954009913097e-04,1.07858955743722618e-04
669,1.26858274203713267e-04,1.26858270959928632e-04
670,1.33452962696286020e-04,1.33452966110780835e-04
671,1.26984915418660216e-04,1.26984916278161108e-04
672,1.08074415164340917e-04,1.08074418676551431e-04
673,7.85606806886987862e-05,7.85606825957074761e-05
674,4.13230235960348726e-05,4.13230227422900498e-05
675,-2.41558778381779359e-18,-2.41558783228808619e-18
676,-4.13660540397630446e-05,-4.13660527556203306e-05
677,-7.87243828561606476e-05,-7.87243843660689890e-05
678,-1.08412406157814905e-04,-1.08412408735603094e-04
679,-1.27514726716685241e-04,-1.27514722407795489e-04
680,-1.34149367505079421e-04,-1.34149362565949559e-04
681,-1.27653141041029637e-04,-1.27653140225447714e-04
682,-1.08647897171385000e-04,-1.08647895103786141e-04
683,-7.89810360165853795e-05,-7.89810364949516952e-05
684,-4.15459730276399026e-05,-4.15459726355038583e-05
685,3.26696813276798227e-18,3.26696823404681211e-18
686,4.15929517318582511e-05,4.15929534938186407e-05
687,7.91597584405440982e-05,7.91597558418288827e-05
688,1.09016899201965981e-04,1.09016902570147067e-04
689,1.28231561253307446e-04,1.28231564303860068e-04
690,1.34909662669954343e-04,1.34909656480886042e-04
691,1.28382512783113787e-04,1.28382511320523918e-04
692,1.09273720032506392e-04,1.09273722046054900e-04
693,7.94396575820368602e-05,7.94396546552889049e-05
694,4.17891660109622360e-05,4.17891642428003252e-05
695,-4.75915222467589543e-18,-4.75915222146056771e-18
696,-4.18403460027569557e-05,-4.18403469666372985e-05
697,-7.96343628344387536e-05,-7.96343592810444534e-05
698,-1.09675720399180193e-04,-1.09675718704238534e-04
699,-1.29012656854219065e-04,-1.29012652905657887e-04
700,-1.35737942245485281e-04,-1.35737936943769455e-04
701,-1.29176938956438044e-04,-1.29176944028586149e-04
702,-1.09955220802431000e-04,-1.09955217340029776e-04
703,-7.99389789380805066e-05,-7.99389817984774709e-05
704,-4.20538866924491047e-05,-4.20538854086771607e-05
705,6.18201682809962762e-18,6.18201702597630763e-18
706,4.21095304986949601e-05,4.21095319325104356e-05
707,8.01506657297372435e-05,8.01506685093045235e-05
708,1.10392281413649365e-04,1.10392284113913774e-04
709,1.29862038772006775e-04,1.29862033645622432e-04
710,1.36638453978424638e-04,1.36638453113846481e-04
711,1.30040473996429124e-04,1.30040469230152667e-04
712,1.10695860793411021e-04,1.10695858893450350e-04
713,8.04815238823944600e-05,8.04815208539366722e-05
714,4.23414666438252723e-05,4.23414676333777606e-05
715,3.53233922639767285e-19,3.53233935508239913e-19
716,-4.24018462487933738e-05,-4.24018471676390618e-05
717,-8.07112269015357482e-05,-8.07112301117740571e-05
718,-1.11170117833824710e-04,-1.11170120362658054e-04
719,-1.30783877860459250e-04,-1.30783882923424244e-04
720,-1.37615598620580436e-04,-1.37615599669516087e-04
721,-1.30977317765687356e-04,-1.30977321532554924e-04
722,-1.11499224945884874e-04,-1.11499226477462798e-04
723,-8.10699059731735222e-05,-8.10699057183228433e-05
724,-4.26532845934614405e-05,-4.26532860728912055e-05
725,1.29971228804989677e-18,1.29971229376246691e-18
726,4.27186813678106229e-05,4.27186823799274862e-05
727,8.13186956155730604e-05,8.13186925370246172e-05
728,1.12012888318938547e-04,1.12012887257151306e-04
729,1.31782489526857519e-04,1.31782493554055691e-04
730,1.38673928780051612e-04,1.38673931360244751e-04
731,1.31991814416703351e-04,1.31991808302700520e-04
732,1.12369020822557607e-04,1.12369023554492742e-04
733,8.17068277704151400e-05,8.17068284959532320e-05
734,4.29907660126244116e-05,4.29907668149098754e-05
735,1.08576201235658847e-18,1.08576202832562631e-18
736,-4.30614706128277670e-05,-4.30614709330257028e-05
737,-8.19758097563933272e-05,-8.19758133729919791e-05
738,-1.12924373359923495e-04,-1.12924375571310520e-04
739,-1.32862332228876411e-04,-1.32862332975491881e-04
740,-1.39818147291991126e-04,-1.39818148454651237e-04
741,-1.33088450795561508e-04,-1.33088455186225474e-04
742,-1.13309077210811348e-04,-1.13309077278245240e-04
743,-8.23950797912896099e-05,-8.23950831545516849e-05
744,-4.33553825510714759e-05,-4.33553832408506423e-05
745,1.72921405542481707e-18,1.72921403950689765e-18
746,4.34316947878487323e-05,4.34316934843081981e-05
747,8.26853946656015085e-05,8.26853938633576035e-05
748,1.13908473639507546e-04,1.13908470666501671e-04
749,1.34028005498828157e-04,1.34027999592944980e-04
750,1.41053105090397545e-04,1.41053111292421818e-04
751,1.34271854369631346e-04,1.34271860588341951e-04
752,1.14323342318454517e-04,1.14323345769662410e-04
753,8.31375391693465804e-05,8.31375364214181900e-05
754,4.37486513161502934e-05,4.37486523878760636e-05
755,-1.24254585242761791e-19,-1.24254586747832131e-19
756,-4.38308799911554643e-05,-4.38308816228527576e-05
757,-8.34503616794846022e-05,-8.34503589430823922e-05
758,-1.14969207977490132e-04,-1.14969210699200630e-04
759,-1.35284247478432279e-04,-1.35284251882694662e-04
760,-1.42383798563701190e-04,-1.42383796628564596e-04
761,-1.35546790662507830e-04,-1.35546797537244856e-04
762,-1.15415881549240851e-04,-1.15415881737135351e-04
763,-8.39371680071231802e-05,-8.39371714391745627e-05
764,-4.41721339904424087e-05,-4.41721349488943815e-05
765,3.62522390065074783e-18,3.62522408645143802e-18
766,4.42605966998746846e-05,4.42605960415676236e-05
767,8.42737063565101457e-05,8.42737063067033887e-05
768,1.16110710847538070e-04,1.16110713861417025e-04
769,1.36635931948560175e-04,1.36635935632511973e-04
770,1.43815366377604814e-04,1.43815370392985642e-04
771,1.36918160180949375e-04,1.36918155476450920e-04
772,1.16590874844752813e-04,1.16590876132249832e-04
773,8.47970114130131887e-05,8.47970150061883032e-05
774,4.46274357827396989e-05,4.46274352725595236e-05
775,-3.09282228795284160e-19,-3.09282236497511775e-19
776,-4.47224586872117851e-05,-4.47224592790007591e-05
777,-8.51585063852423727e-05,-8.51585064083337784e-05
778,-1.17337229453174158e-04,-1.17337229312397540e-04
779,-1.38088064839129694e-04,-1.38088071253150702e-04
780,-1.45353085750018986e-04,-1.45353085827082396e-04
781,-1.38390994819174990e-04,-1.38390998472459614e-04
782,-1.17852613580691270e-04,-1.17852614494040608e-04
783,-8.57201952133906041e-05,-8.57201957842335105e-05
784,-4.51162042079775606e-05,-4.51162050012499094e-05
785,4.52658356212060517e-18,4.52658336120607728e-18
786,4.52181217675145825e-05,4.52181229775305837e-05
787,8.61079191644042785e-05,8.61079170135781169e-05
788,1.18653120351099980e-04,1.18653122626710683e-04
789,1.39645780205802588e-04,1.39645781018771231e-04
790,1.47002368163788436e-04,1.47002370795235038e-04
791,1.39970453727389539e-04,1.39970448799431324e-04
792,1.19205497006206679e-04,1.19205498776864260e-04
793,8.67099233320354899e-05,8.67099224706180394e-05
794,4.56401276917310869e-05,4.56401285191532224e-05
795,7.75200387600957583e-18,7.75200417424072905e-18
796,-4.57492823654040605e-05,-4.57492824352812022e-05
797,-8.71251790470066760e-05,-8.71251759235747159e-05
798,-1.20062845611560541e-04,-1.20062846690416336e-04
799,-1.41314335660986225e-04,-1.41314332722686231e-04
800,-1.48768754504639399e-04,-1.48768755025230348e-04
801,-1.41661818632282769e-04,-1.41661817906424403e-04
802,-1.20654028216231625e-04,-1.20654025522526354e-04
803,-8.77694748295216822e-05,-8.77694765222258866e-05
804,-4.62009339957824872e-05,-4.62009338662028313e-05
805,5.71194112522542756e-18,5.71194103721038519e-18
806,4.63176759048707933e-05,4.63176766061224043e-05
807,8.82135942420023025e-05,8.82135936990380287e-05
808,1.21570968505909548e-04,1.21570970804896206e-04
809,1.43099107248343446e-04,1.43099110573530197e-04
810,1.50657909612689808e-04,1.50657913764007390e-04
811,1.43470488599000242e-04,1.43470490002073348e-04
812,1.22202809647670949e-04,1.22202807688154280e-04
813,8.89022005961898157e-05,8.89021976036019623e-05
814,4.68003884609776853e-05,4.68003891000989825e-05
815,-3.48510658242928581e-19,-3.48510656662379698e-19
816,-4.69250750155529350e-05,-4.69250735477544367e-05
817,-8.93765433668942640e-05,-8.93765463843010366e-05
818,-1.23182148713498602e-04,-1.23182151583023369e-04
819,-1.45005583750945936e-04,-1.45005586091428995e-04
820,-1.52675616237837625e-04,-1.52675609569996595e-04
821,-1.45401974225078782e-04,-1.45401980262249708e-04
822,-1.23856538091873320e-04,-1.23856530990451574e-04
823,-9.01115196929338472e-05,-9.01115199667401612e-05
824,-4.74402920649913865e-05,-4.74402913823723793e-05
825,8.23525136816620743e-18,8.23525135990033335e-18
826,4.75732875528370647e-05,4.75732886116020381e-05
827,9.06174716465625883e-05,9.06174682313576341e-05
828,1.24901137040489785e-04,1.24901140225119889e-04
829,1.47039360425289209e-04,1.47039361763745546e-04
830,1.54827768390328809e-04,1.54827765072695911e-04
831,1.47461891258769061e-04,1.47461891174316406e-04
832,1.25619999216632550e-04,1.25620004837401211e-04
833,9.14009153354941400e-05,9.14009142434224486e-05
834,4.81224792920913172e-05,4.81224778923206031e-05
835,-2.16037788597151704e-18,-2.16037779789710056e-18
836,-4.82641544301058329e-05,-4.82641553389839828e-05
837,-9.19398867535845443e-05,-9.19398880796507001e-05
838,-1.26732769645264681e-04,-1.26732775242999196e-04
839,-1.49206132154335470e-04,-1.49206127389334142e-04
840,-1.57120364080233287e-04,-1.57120361109264195e-04
841,-1.49655953635232877e-04,-1.49655956192873418e-04
842,-1.27498061592860211e-04,-1.27498060464859009e-04
843,-9.27739305182573510e-05,-9.27739311009645462e-05
844,-4.88488158135629485e-05,-4.88488149130716920e-05
845,1.39622881104036911e-18,1.39622876161091987e-18
846,4.89995472608644426e-05,4.89995472889859229e-05
847,9.33473542873359451e-05,9.33473565964959562e-05
848,1.28681961765726071e-04,1.28681960632093251e-04
849,1.51511686015021977e-04,1.51511689182370901e-04
850,1.59559497440454017e-04,1.59559494932182133e-04
851,1.51989965926470073e-04,1.51989966980181634e-04
852,1.29495670221890471e-04,1.29495674627833068e-04
853,9.42341632753773554e-05,9.42341648624278605e-05
854,4.96211959770684745e-05,4.96211941936053336e-05
855,-1.18225081813239011e-18,-1.18225078562355874e-18
856,-4.97813658099641038e-05,-4.97813671245239675e-05
857,-9.48434928892770407e-05,-9.48434899328276515e-05
858,-1.30753700946148130e-04,-1.30753702251240611e-04
859,-1.53961893256684479e-04,-1.53961897012777627e-04
860,-1.62151350230605910e-04,-1.62151351105421782e-04
861,-1.54469815201815490e-04,-1.54469817061908543e-04
862,-1.31617839561555392e-04,-1.31617838633246720e-04
863,-9.57852615772694801e-05,-9.57852607825770974e-05
864,-5.04415401045531909e-05,-5.04415402247104794e-05
865,1.26957301215546834e-17,1.26957301688639291e-17
866,5.06115352530200346e-05,5.06115356984082609e-05
867,9.64319689937340868e-05,9.64319697231985629e-05
868,1.32953039761802004e-04,1.32953035063110292e-04
869,1.56562700689599695e-04,1.56562702613882720e-04
870,1.64902182720023574e-04,1.64902186952531338e-04
871,1.57101462298421047e-04,1.57101458171382546e-04
872,1.33869646050048692e-04,1.33869645651429892e-04
873,9.74309178625856536e-05,9.74309150478802621e-05
874,5.13117915982186801e-05,5.13117920490913093e-05
875,-4.17772091335541575e-18,-4.17772076504245041e-18
876,-5.14920032442163318e-05,-5.14920029672794044e-05
877,-9.81164912139519541e-05,-9.81164921540766954e-05
878,-1.35285088042135394e-04,-1.35285081341862679e-04
879,-1.59320121483632845e-04,-1.59320115926675498e-04
880,-1.67818323951290731e-04,-1.67818318004719913e-04
881,-1.59890932502204024e-04,-1.59890929353423417e-04
882,-1.36256220128904299e-04,-1.36256217956542969e-04
883,-9.91748632060468938e-05,-9.91748602245934308e-05
884,-5.22339138554069762e-05,-5.22339141753036529e-05
885,3.83969173170712936e-18,3.83969175336143055e-18
886,5.24247367928867573e-05,5.24247370776720345e-05
887,9.99008043650332142e-05,9.99008043436333537e-05
888,1.37755004594006936e-04,1.37755007017403841e-04
889,1.62240225380020140e-04,1.62240219651721418e-04
890,1.70906161386527616e-04,1.70906161656603217e-04
891,1.62844305642692865e-04,1.62844298756681383e-04
892,1.38782737767193448e-04,1.38782736030407250e-04
893,1.01020861124634278e-04,1.01020857982803136e-04
894,5.32098869932300567e-05,5.32098856638185680e-05
895,5.40239699210999404e-18,5.40239681710324139e-18
896,-5.34117189505192093e-05,-5.34117207280360162e-05
897,-1.01788683125928717e-04,-1.01788682513870299e-04
898,-1.40367988429044931e-04,-1.40367992571555078e-04
899,-1.65329128320293792e-04,-1.65329125593416393e-04
900,-1.74172129941896299e-04,-1.74172135302796960e-04
901,-1.65967705606111671e-04,-1.65967707289382815e-04
902,-1.41454411491931598e-04,-1.41454409458674490e-04
903,-1.02972701024786780e-04,-1.02972699096426368e-04
904,-5.42417043850540326e-05,-5.42417037650011480e-05
905,9.47324645867227148e-18,9.47324626059414690e-18
906,5.44549453096118357e-05,5.44549438927788287e-05
907,1.03783925344762680e-04,1.03783924714662135e-04
908,1.43129269500087046e-04,1.43129276693798602e-04
909,1.68592981499289952e-04,1.68592974659986794e-04
910,1.77622700416971358e-04,1.77622699993662536e-04
911,1.69267289274185623e-04,1.69267295859754086e-04
912,1.44276480930130639e-04,1.44276476930826902e-04
913,1.05034191295930916e-04,1.05034188891295344e-04
914,5.53313690108415122e-05,5.53313693671952933e-05
915,-4.87172495807085822e-18,-4.87172488538413435e-18
916,-5.55564203174400747e-05,-5.55564220121596009e-05
917,-1.05890344991994761e-04,-1.05890343547798693e-04
918,-1.46044098954392192e-04,-1.46044098073616624e-04
919,-1.72037959850525579e-04,-1.72037965967319906e-04
920,-1.81264367328663517e-04,-1.81264360435307026e-04
921,-1.72749234897273245e-04,-1.72749234479852021e-04
922,-1.47254202870996081e-04,-1.47254206240177155e-04
923,-1.07209152055482608e-04,-1.07209154521115124e-04
924,-5.64808896250817259e-05,-5.64808906347025186e-05
925,6.31874077585338147e-18,6.31874088224458502e-18
926,5.67181534076442891e-05,5.67181523365434259e-05
927,1.08111764768341898e-04,1.08111766166985035e-04
928,1.49117738912063496e-04,1.49117739056237042e-04
929,1.75670249975177009e-04,1.75670254975557327e-04
930,1.85103636160913112e-04,1.85103635885752738e-04
931,1.76419729913430268e-04,1.76419736817479134e-04
932,1.50392840857511121e-04,1.50392836076207459e-04
933,1.09501407553194637e-04,1.09501408587675542e-04
934,5.76922767456230229e-05,5.76922757318243384e-05
935,6.47993996568680802e-18,6.47993977206738767e-18
936,-5.79421549540730258e-05,-5.79421539441682398e-05
937,-1.10452008374711642e-04,-1.10452005174010992e-04
938,-1.52355451780990237e-04,-1.52355452883057296e-04
939,-1.79496037527106169e-04,-1.79496040800586343e-04
940,-1.89147010044469810e-04,-1.89147016499191523e-04
941,-1.80284958226453003e-04,-1.80284958332777023e-04
942,-1.53697654319336156e-04,-1.53697648784145713e-04
943,-1.11914778242679067e-04,-1.11914778244681656e-04
944,-5.89675384684802264e-05,-5.89675400988198817e-05
945,1.38982475147997606e-17,1.38982472930853433e-17
946,5.92304320510553197e-05,5.92304313613567501e-05
947,1.12914892453867260e-04,1.12914894998539239e-04
948,1.55762489120631764e-04,1.55762492795474827e-04
949,1.83521494069583118e-04,1.83521493454463780e-04
950,1.93400975882386089e-04,1.93400977877900004e-04
951,1.84351086958952433e-04,1.84351083589717746e-04
952,1.57173887260211246e-04,1.57173883053474128e-04
953,1.14453072530800400e-04,1.14453076093923301e-04
954,6.03086761132886392e-05,6.03086773480754346e-05
955,5.54897066339305829e-19,5.54897053331064709e-19
956,-6.05849841261073017e-05,-6.05849854764528573e-05
957,-1.15504218213526158e-04,-1.15504219138529152e-04
958,-1.59344080069709338e-04,-1.59344082931056619e-04
959,-1.87752763420607208e-04,-1.87752768397331238e-04
960,-1.97871989940265574e-04,-1.97871995624154806e-04
961,-1.88624252697771293e-04,-1.88624253496527672e-04
962,-1.60826756515573989e-04,-1.60826763021759689e-04
963,-1.17120078215514364e-04,-1.17120078357402235e-04
964,-6.17176797061989911e-05,-6.17176774539984763e-05
965,1.08712241114990042e-17,1.08712245092006164e-17
966,6.20077983905834539e-05,6.20077989879064262e-05
967,1.18223762743520589e-04,1.18223761091940105e-04
968,1.63105419353713434e-04,1.63105418323539197e-04
969,1.92195947507053271e-04,1.92195948329754174e-04
970,2.02566462921610900e-04,2.02566458028741181e-04
971,1.93110547252268972e-04,1.93110550753772259e-04
972,1.64661439597210848e-04,1.64661440066993237e-04
973,1.19919553625477224e-04,1.19919553981162608e-04
974,6.31965233061214816e-05,6.31965231150388718e-05
975,6.49079294622965962e-18,6.49079279529438967e-18
976,-6.35008451360167777e-05,-6.35008473182097077e-05
977,-1.21077270039476707e-04,-1.21077267976943403e-04
978,-1.67051654891230746e-04,-1.67051650350913405e-04
979,-1.96857091748787701e-04,-1.96857086848467588e-04
980,-2.07490744552112842e-04,-2.07490738830529153e-04
981,-1.97816002947340171e-04,-1.97815999854356050e-04
982,-1.68683062144532261e-04,-1.68683065567165613e-04
983,-1.22855218474890470e-04,-1.22855213703587651e-04
984,-6.47471601825626032e-05,-6.47471606498584151e-05
985,1.14392366239647175e-18,1.14392368213364391e-18
986,6.50660728827273362e-05,6.50660731480456889e-05
987,1.24068441748483651e-04,1.24068435980007052e-04
988,1.71187875018763419e-04,1.71187872183509171e-04
989,2.01742169997501435e-04,2.01742164790630341e-04
990,2.12651107697721517e-04,2.12651109904982150e-04
991,2.02746577476279049e-04,2.02746581635437906e-04
992,1.72896685003059313e-04,1.72896689036861062e-04
993,1.25930744449551763e-04,1.25930746435187757e-04
994,6.63715178525278325e-05,6.63715181872248650e-05
995,-1.46567140293709194e-18,-1.46567140121535910e-18
996,-6.67054033899859713e-05,-6.67054046061821282e-05
997,-1.27200927651808452e-04,-1.27200924907810986e-04
998,-1.75519095356988430e-04,-1.75519089680165052e-04
999,-2.06857069055909606e-04,-2.06857075681909919e-04
1000,-2.18053732045048150e-04,-2.18053726712241769e-04
1001,-2.07908138339489551e-04,-2.07908131415024400e-04
1002,-1.77307290953702918e-04,-1.77307287231087685e-04
1003,-1.29149745540295765e-04,-1.29149746499024332e-04
1004,-6.80714929859950230e-05,-6.80714947520755231e-05
1005,1.19149267794354296e-17,1.19149270917149121e-17
1006,6.84207265360164876e-05,6.84207261656410992e-05
1007,1.30478315902817123e-04,1.30478321807458997e-04
1008,1.80050245341640462e-04,1.80050250492058694e-04
1009,2.12207572806615518e-04,2.12207567528821528e-04
1010,2.23704687373622239e-04,2.23704686504788697e-04
1011,2.13306446898699030e-04,2.13306440855376422e-04
1012,1.81919771116826213e-04,1.81919764145277441e-04
1013,1.32515768142828330e-04,1.32515764562413096e-04
1014,6.98489461890224365e-05,6.98489457136020064e-05
1015,6.65960803272337046e-18,6.65960795060727433e-18
1016,-7.02138950781531026e-05,-7.02138931956142187e-05
1017,-1.33904123038157473e-04,-1.33904119138605893e-04
1018,-1.84786154445716161e-04,-1.84786156751215458e-04
1019,-2.17799345980343353e-04,-2.17799344682134688e-04
1020,-2.29609916453317670e-04,-2.29609911912120879e-04
1021,-2.18947142077044238e-04,-2.18947141547687352e-04
1022,-1.86738911058499137e-04,-1.86738907359540462e-04
1023,-1.36032280942440550e-04,-1.36032278533093631e-04
1024,-7.17056966754811310e-05,-7.17056973371654749e-05
1025,2.83576243165880904e-18,2.83576249624052213e-18
1026,7.20867193032194458e-05,7.20867174095474184e-05
1027,1.37481783782652394e-04,1.37481780257076025e-04
1028,1.89731538120046573e-04,1.89731537830084562e-04
1029,2.23637917597238210e-04,2.23637922317720950e-04
1030,2.35775217600618024e-04,2.35775223700329661e-04
1031,2.24835723739107406e-04,2.24835719563998282e-04
1032,1.91769376626588613e-04,1.91769373486749828e-04
1033,1.39702664605263440e-04,1.39702664455398917e-04
1034,7.36435168375452001e-05,7.36435176804661751e-05
1035,-5.10613754913756831e-19,-5.10613732442885235e-19
1036,-7.40409615796225432e-05,-7.40409595891833305e-05
1037,-1.41214640668877806e-04,-1.41214637551456690e-04
1038,-1.94890983482225454e-04,-1.94890977581962943e-04
1039,-2.29728664115309383e-04,-2.29728670092299581e-04
1040,-2.42206226931587445e-04,-2.42206224356777966e-04
1041,-2.30977535785138554e-04,-2.30977530009113252e-04
1042,-1.97015699547814678e-04,-1.97015702724456787e-04
1043,-1.43530201297282936e-04,-1.43530196510255337e-04
1044,-7.56641267275056045e-05,-7.56641238695010543e-05
1045,1.31166921811562444e-17,1.31166923087595156e-17
1046,7.60783308223173069e-05,7.60783295845612884e-05
1047,1.45105933494323915e-04,1.45105936098843813e-04
1048,2.00268934784736055e-04,2.00268928892910480e-04
1049,2.36076792323539482e-04,2.36076797591522336e-04
1050,2.48908400349520567e-04,2.48908414505422115e-04
1051,2.37377748997752045e-04,2.37377753364853561e-04
1052,2.02482262816512914e-04,2.02482260647229850e-04
1053,1.47518064055432175e-04,1.47518061567097902e-04
1054,7.77691884622120841e-05,7.77691893745213747e-05
1055,2.13683571534267612e-17,2.13683565863741261e-17
1056,-7.82004768839670656e-05,-7.82004790380597115e-05
1057,-1.49158788639253874e-04,-1.49158790009096265e-04
1058,-2.05869678695511619e-04,-2.05869684577919543e-04
1059,-2.42687322017978339e-04,-2.42687325226143003e-04
1060,-2.55886995309526674e-04,-2.55886989179998636e-04
1061,-2.44041343679261499e-04,-2.44041337282396853e-04
1062,-2.08173285909747023e-04,-2.08173281862400472e-04
1063,-1.51669306033952819e-04,-1.51669300976209342e-04
1064,-7.99603005642980869e-05,-7.99603003542870283e-05
1065,-2.95098891659943716e-18,-2.95098896236431202e-18
1066,8.04089848843893279e-05,8.04089868324808776e-05
1067,1.53376208271112965e-04,1.53376211528666317e-04
1068,2.11697329424778257e-04,2.11697333725169301e-04
1069,2.49565068502028906e-04,2.49565055128186941e-04
1070,2.63147052401605170e-04,2.63147056102752686e-04
1071,2.50973092122018277e-04,2.50973098445683718e-04
1072,2.14092809862680725e-04,2.14092811802402139e-04
1073,1.55986849652908489e-04,1.55986854224465787e-04
1074,8.22389922523456446e-05,8.22389920358546078e-05
1075,1.78021889290387174e-18,1.78021882325752989e-18
1076,-8.27053694929554396e-05,-8.27053663670085371e-05
1077,-1.57761059460581745e-04,-1.57761052832938731e-04
1078,-2.17755813734986706e-04,-2.17755819903686643e-04
1079,-2.56714624952689217e-04,-2.56714614806696773e-04
1080,-2.70693376798467500e-04,-2.70693388301879168e-04
1081,-2.58177540953061484e-04,-2.58177547948434949e-04
1082,-2.20244682242243006e-04,-2.20244677620939910e-04
1083,-1.60473475674285070e-04,-1.60473471623845398e-04
1084,-8.46067176953275480e-05,-8.46067196107469499e-05
1085,2.12571399569857349e-17,2.12571404986551464e-17
1086,8.50910691768530096e-05,8.50910655572079122e-05
1087,1.62316063237324227e-04,1.62316064233891666e-04
1088,2.24048855870519279e-04,2.24048853851854801e-04
1089,2.64140344697852837e-04,2.64140340732410550e-04
1090,2.78530519613520429e-04,2.78530525974929333e-04
1091,2.65658993399093451e-04,2.65659007709473372e-04
1092,2.26632542055456288e-04,2.26632546400651336e-04
1093,1.65131812234830665e-04,1.65131816174834967e-04
1094,8.70648502447632453e-05,8.70648509589955211e-05
1095,2.36225959540636694e-17,2.36225958091485375e-17
1096,-8.75674404313790677e-05,-8.75674377311952412e-05
1097,-1.67043783612386642e-04,-1.67043777764774859e-04
1098,-2.30579962446781440e-04,-2.30579957133159041e-04
1099,-2.71846323449623814e-04,-2.71846336545422673e-04
1100,-2.86662759218364420e-04,-2.86662747384980321e-04
1101,-2.73421491516593251e-04,-2.73421494057402015e-04
1102,-2.33259804633301215e-04,-2.33259808737784624e-04
1103,-1.69964323862734253e-04,-1.69964318047277629e-04
1104,-8.96146766610973929e-05,-8.96146739250980318e-05
1105,2.93030389695588598e-18,2.93030386358135160e-18
1106,9.01357520061520415e-05,9.01357489055953920e-05
1107,1.71946616597640266e-04,1.71946623595431447e-04
1108,2.37352407337666419e-04,2.37352403928525746e-04
1109,2.79836381541718191e-04,2.79836385743692517e-04
1110,2.95094082568819055e-04,2.95094068860635161e-04
1111,2.81468798435654177e-04,2.81468790490180254e-04
1112,2.40129646529413940e-04,2.40129651501774788e-04
1113,1.74973300509113639e-04,1.74973305547609925e-04
1114,9.22573913482988543e-05,9.22573890420608222e-05
1115,8.19506089593591088e-18,8.19506113547821939e-18
1116,-9.27971791442175261e-05,-9.27971777855418622e-05
1117,-1.77026779250834319e-04,-1.77026784513145685e-04
1118,-2.44369216604058018e-04,-2.44369206484407187e-04
1119,-2.88114046218545064e-04,-2.88114038994535804e-04
1120,-3.03828166591575731e-04,-3.03828157484531403e-04
1121,-2.89804380665710276e-04,-2.89804389467462897e-04
1122,-2.47244990476316992e-04,-2.47244985075667500e-04
1123,-1.80160846623585673e-04,-1.80160845047794282e-04
1124,-9.49940906142235819e-05,-9.49940877035260201e-05
1125,3.14427058662607684e-17,3.14427067263044327e-17
1126,9.55527978485541738e-05,9.55528012127615511e-05
1127,1.82286298778326118e-04,1.82286297786049545e-04
1128,2.51633153504318761e-04,2.51633144216611981e-04
1129,2.96682534027130720e-04,2.96682526823133230e-04
1130,3.12868359682965703e-04,3.12868360197171569e-04
1131,2.98431390513914977e-04,2.98431375995278358e-04
1132,2.54608490441228291e-04,2.54608487011864781e-04
1133,1.85528870305873067e-04,1.85528871952556074e-04
1134,9.78257669718369990e-05,9.78257667156867683e-05
1135,-1.81581553096754879e-17,-1.81581546558395312e-17
1136,-9.84035791942811317e-05,-9.84035796136595309e-05
1137,-1.87727001725160813e-04,-1.87726996955461800e-04
1138,-2.59146703631416453e-04,-2.59146705502644181e-04
1139,-3.05544733361662779e-04,-3.05544730508700013e-04
1140,-3.22217663374879193e-04,-3.22217674693092704e-04
1141,-3.07352648666446885e-04,-3.07352660456672311e-04
1142,-2.62222516825677792e-04,-2.62222514720633626e-04
1143,-1.91079072564646977e-04,-1.91079074284061790e-04
1144,-1.00753303499044800e-04,-1.00753306469414383e-04
1145,4.90673664087860396e-18,4.90673654558136008e-18
1146,1.01350383701668431e-04,1.01350386103149503e-04
1147,1.93350503286455653e-04,1.93350497283972800e-04
1148,2.66912060219181755e-04,2.66912073129788041e-04
1149,3.14703187213820942e-04,3.14703182084485888e-04
1150,3.31878714221336447e-04,3.31878720317035913e-04
1151,3.16570626986080526e-04,3.16570629365742207e-04
1152,2.70089141852491391e-04,2.70089134573936462e-04
1153,1.96812936716455987e-04,1.96812936337664723e-04
1154,1.03777468273427446e-04,1.03777470940258354e-04
1155,1.32197312500409603e-17,1.32197308889427960e-17
1156,-1.04393955788357559e-04,-1.04393955552950501e-04
1157,-1.99158196770836312e-04,-1.99158195755444467e-04
1158,-2.74931109664384521e-04,-2.74931109743192792e-04
1159,-3.24160076180141012e-04,-3.24160064337775111e-04
1160,-3.41853765962486344e-04,-3.41853767167776823e-04
1161,-3.26087431577787258e-04,-3.26087436405941844e-04
1162,-2.78210125186350416e-04,-2.78210121905431151e-04
1163,-2.02731717956635896e-04,-2.02731724129989743e-04
1164,-1.06898908899796441e-04,-1.06898907688446343e-04
1165,2.44067990547050793e-17,2.44067994257957601e-17
1166,1.07534918317124807e-04,1.07534920971374959e-04
1167,2.05151243250232960e-04,2.05151241971179843e-04
1168,2.83205417308372669e-04,2.83205416053533554e-04
1169,3.33917201781683195e-04,3.33917210809886456e-04
1170,3.52144672020746649e-04,3.52144677890464664e-04
1171,3.35904786177064355e-04,3.35904798703268170e-04
1172,2.86586899832438782e-04,2.86586902802810073e-04
1173,2.08836433136606149e-04,2.08836427191272378e-04
1174,1.10118147147104944e-04,1.10118147858884186e-04
1175,-1.67742461801881293e-17,-1.67742467494525887e-17
1176,-1.10773767257256011e-04,-1.10773769847583026e-04
1177,-2.11330561428453042e-04,-2.11330567253753543e-04
1178,-2.91736213525378761e-04,-2.91736214421689510e-04
1179,-3.43975970148164601e-04,-3.43975960277020931e-04
1180,-3.62752868387686452e-04,-3.62752878572791815e-04
1181,-3.46024015913551190e-04,-3.46024025930091739e-04
1182,-2.95220558360253875e-04,-2.95220554107800126e-04
1183,-2.15127850779827246e-04,-2.15127845876850188e-04
1184,-1.13435573713426363e-04,-1.13435577077325433e-04
1185,6.66337466839396245e-18,6.66337451752653454e-18
1186,1.14110866476757901e-04,1.14110865979455411e-04
1187,2.17696817762478770e-04,2.17696811887435615e-04
1188,3.00524380162824653e-04,3.00524377962574363e-04
1189,3.54337376122636325e-04,3.54337389580905437e-04
1190,3.73679356957008627e-04,3.73679358744993806e-04
1191,3.56446031506020024e-04,3.56446020305156708e-04
1192,3.04111839497401692e-04,3.04111832519993186e-04
1193,2.21606481371131140e-04,2.21606474951840937e-04
1194,1.16851443135720687e-04,1.16851442726328969e-04
1195,1.70348499487429537e-17,1.70348500014374200e-17
1196,-1.17546442683720602e-04,-1.17546442197635770e-04
1197,-2.24250416869750283e-04,-2.24250412429682910e-04
1198,-3.09570437380326624e-04,-3.09570430545136333e-04
1199,-3.65001987838983678e-04,-3.65001993486657739e-04
1200,-3.84924689362605549e-04,-3.84924700483679771e-04
1201,-3.67171313941532234e-04,-3.67171305697411299e-04
1202,-3.13261115141428247e-04,-3.13261116389185190e-04
1203,-2.28272567951630969e-04,-2.28272561798803508e-04
1204,-1.20365868862905713e-04,-1.20365868497174233e-04
1205,3.75558513169873519e-17,3.75558526944795752e-17
1206,1.21080580533573917e-04,1.21080578537657857e-04
1207,2.30991492255913438e-04,2.30991485295817256e-04
1208,3.18874530933468546e-04,3.18874517688527703e-04
1209,3.75969931829172937e-04,3.75969917513430119e-04
1210,3.96488951376818108e-04,3.96488961996510625e-04
1211,3.78199899694849670e-04,3.78199911210685968e-04
1212,3.22668377834306290e-04,3.22668376611545682e-04
1213,2.35126077054588863e-04,2.35126077313907444e-04
1214,1.23978818508768993e-04,1.23978825286030769e-04
1215,-1.37475587560134301e-17,-1.37475589737159457e-17
1216,-1.24713217920841810e-04,-1.24713216791860759e-04
1217,-2.37919897395424501e-04,-2.37919899518601596e-04
1218,-3.28436419949179419e-04,-3.28436406562104821e-04
1219,-3.87240878712201051e-04,-3.87240870622918010e-04
1220,-4.08371747928382405e-04,-4.08371735829859972e-04
1221,-3.89531366540193361e-04,-3.89531371183693409e-04
1222,-3.32333228747328511e-04,-3.32333234837278724e-04
1223,-2.42166690014042335e-04,-2.42166686803102493e-04
1224,-1.27690109303808455e-04,-1.27690102090127766e-04
1225,1.26773508622523606e-17,1.26773510428336134e-17
1226,1.28444141471945045e-04,1.28444138681516051e-04
1227,2.45035197199441131e-04,2.45035189436748624e-04
1228,3.38255465237489300e-04,3.38255456881597638e-04
1229,3.98814029520525937e-04,3.98814037907868624e-04
1230,4.20572188794334845e-04,4.20572177972644567e-04
1231,4.01164820011631592e-04,4.01164812501519918e-04
1232,3.42254866219982522e-04,3.42254876159131527e-04
1233,2.49393794680983116e-04,2.49393808189779520e-04
1234,1.31499403761859595e-04,1.31499400595203042e-04
1235,2.17587187972259602e-17,2.17587180066889258e-17
1236,-1.32272982257913418e-04,-1.32272980408743024e-04
1237,-2.52336659902962655e-04,-2.52336671110242605e-04
1238,-3.48330618186163277e-04,-3.48330620909109712e-04
1239,-4.10688102715813809e-04,-4.10688109695911407e-04
1240,-4.33088875023827197e-04,-4.33088862337172031e-04
1241,-4.13098880562928761e-04,-4.13098867284134030e-04
1242,-3.52432074900538316e-04,-3.52432078216224909e-04
1243,-2.56806477577816263e-04,-2.56806466495618224e-04
1244,-1.35406205580441665e-04,-1.35406211484223604e-04
1245,5.38746597397418080e-17,5.38746604161053673e-17
1246,1.36199211742285450e-04,1.36199218104593456e-04
1247,2.59823249405427635e-04,2.59823253145441413e-04
1248,3.58660410281963743e-04,3.58660414349287748e-04
1249,4.22861321947661092e-04,4.22861310653388500e-04
1250,4.45919886147536396e-04,4.45919897174462676e-04
1251,4.25331671481230520e-04,4.25331672886386514e-04
1252,3.62863215530472266e-04,3.62863211194053292e-04
1253,2.64403516525887352e-04,2.64403526671230793e-04
1254,1.39409855789453252e-04,1.39409850817173719e-04
1255,-9.84175839675247083e-18,-9.84175853220897094e-18
1256,-1.40222137982911704e-04,-1.40222138725221157e-04
1257,-2.67493618094729419e-04,-2.67493625869974494e-04
1258,-3.69242943304068795e-04,-3.69242945453152061e-04
1259,-4.35331404605980078e-04,-4.35331399785354733e-04
1260,-4.59062768227925654e-04,-4.59062779555097222e-04
1261,-4.37860807604522739e-04,-4.37860813690349460e-04
1262,-3.73546215418362826e-04,-3.73546208720654249e-04
1263,-2.72183373775319729e-04,-2.72183388005942106e-04
1264,-1.43509529167611772e-04,-1.43509532790631056e-04
1265,1.65873049540645804e-17,1.65873055853768295e-17
1266,1.44340902102354341e-04,1.44340898259542882e-04
1267,2.75346100188028815e-04,2.75346101261675358e-04
1268,3.80075880230840808e-04,3.80075885914266109e-04
1269,4.48095551219013656e-04,4.48095554020255804e-04
1270,4.72514522802437947e-04,4.72514511784538627e-04
1271,4.50683384894159846e-04,4.50683379312977195e-04
1272,3.84478559644393870e-04,3.84478567866608500e-04
1273,2.80144189670109174e-04,2.80144187854602933e-04
1274,1.47704230940232318e-04,1.47704224218614399e-04
1275,2.81262805798120983e-17,2.81262815702282282e-17
1276,-1.48554475045343599e-04,-1.48554478073492646e-04
1277,-2.83378705618068895e-04,-2.83378700260072947e-04
1278,-3.91156436903678092e-04,-3.91156441764906049e-04
1279,-4.61150435744369638e-04,-4.61150426417589188e-04
1280,-4.86271596772636333e-04,-4.86271601403132081e-04
1281,-4.63795970910546758e-04,-4.63795964606106281e-04
1282,-3.95657283038055229e-04,-3.95657290937379003e-04
1283,-2.88283776877004531e-04,-2.88283772533759475e-04
1284,-1.51992793776207949e-04,-1.51992790051735938e-04
1285,-2.32151544923800514e-17,-2.32151547635457429e-17
1286,1.52861654636244964e-04,1.52861655806191266e-04
1287,2.91589114497005277e-04,2.91589123662561178e-04
1288,4.02481374487054483e-04,4.02481382479891181e-04
1289,4.74492196802482754e-04,4.74492204375565052e-04
1290,5.00329873287474656e-04,5.00329886563122272e-04
1291,4.77194596240717401e-04,4.77194582344964147e-04
1292,4.07078962968258960e-04,4.07078972784802318e-04
1293,2.96599615208219096e-04,2.96599610010161996e-04
1294,1.56373875097958685e-04,1.56373876961879432e-04
1295,-8.47698987310630066e-18,-8.47698993083528037e-18
1296,-1.57261062954180264e-04,-1.57261063577607274e-04
1297,-2.99974672183678888e-04,-2.99974664812907577e-04
1298,-4.14046992766188917e-04,-4.14046982768923044e-04
1299,-4.88116429896945272e-04,-4.88116435008123517e-04
1300,-5.14684663670610283e-04,-5.14684652443975210e-04
1301,-4.90874746921728870e-04,-4.90874750539660454e-04
1302,-4.18739712986025041e-04,-4.18739713495597243e-04
1303,-3.05088847065259152e-04,-3.05088848108425736e-04
1304,-1.60845954719756820e-04,-1.60845956997945905e-04
1305,2.57202180175568392e-17,2.57202183091033838e-17
1306,1.61751144037896482e-04,1.61751144332811236e-04
1307,3.08532384984491748e-04,3.08532384224236012e-04
1308,4.25849124317464100e-04,4.25849109888076782e-04
1309,5.02018180668041092e-04,5.02018199767917395e-04
1310,5.29330700436379635e-04,5.29330689460039139e-04
1311,5.04831357905225929e-04,5.04831376019865274e-04
1312,4.30635177354972193e-04,4.30635176599025726e-04
1313,3.13748273531886572e-04,3.13748285407200456e-04
1314,1.65407332827979516e-04,1.65407327585853636e-04
1315,4.60236475401857606e-17,4.60236476856257161e-17
1316,-1.66330161937363463e-04,-1.66330166393890977e-04
1317,-3.17258916511598498e-04,-3.17258905852213502e-04
1318,-4.37883129590166528e-04,-4.37883136328309774e-04
1319,-5.16191939218931190e-04,-5.16191939823329449e-04
1320,-5.44262131440694918e-04,-5.44262118637561798e-04
1321,-5.19058807603411747e-04,-5.19058783538639545e-04
1322,-4.42760526506491179e-04,-4.42760530859231949e-04
1323,-3.22574351140001033e-04,-3.22574342135339975e-04
1324,-1.70056128317672486e-04,-1.70056126080453396e-04
1325,-8.63223931542278701e-18,-8.63223932410229537e-18
1326,1.70996199121570605e-04,1.70996194356121123e-04
1327,3.26150584726584087e-04,3.26150591718032956e-04
1328,4.50143892931089329e-04,4.50143881607800722e-04
1329,5.30631635556907174e-04,5.30631630681455135e-04
1330,5.59472515205862333e-04,5.59472537133842707e-04
1331,5.33550913557897773e-04,5.33550919499248266e-04
1332,4.55110453451458997e-04,4.55110450275242329e-04
1333,3.31563189334138696e-04,3.31563176587224007e-04
1334,1.74790277496369306e-04,1.74790271557867527e-04
1335,-1.45563137388234163e-17,-1.45563141381243547e-17
1336,-1.75747155258498898e-04,-1.75747161847539246e-04
1337,-3.35203359689267258e-04,-3.35203367285430431e-04
1338,-4.62625819587399179e-04,-4.62625815998762846e-04
1339,-5.45330636184771650e-04,-5.45330636668950319e-04
1340,-5.74954817461020341e-04,-5.74954843614250422e-04
1341,-5.48300929265787521e-04,-5.48300915397703648e-04
1342,-4.67679171181853664e-04,-4.67679172288626432e-04
1343,-3.40710548655472002e-04,-3.40710539603605866e-04
1344,-1.79607533168452073e-04,-1.79607537575066090e-04
1345,4.60166156482557112e-17,4.60166166504190154e-17
1346,1.80580746375942532e-04,1.80580740561708808e-04
1347,3.44412862037176174e-04,3.44412866979837418e-04
1348,4.75322833713788409e-04,4.75322827696800232e-04
1349,5.60281741880380951e-04,5.60281740035861731e-04
1350,5.90701408932109320e-04,5.90701412875205278e-04
1351,5.63301542199873100e-04,5.63301553484052420e-04
1352,4.80460411088605042e-04,4.80460410472005606e-04
1353,3.50011839668645656e-04,3.50011832779273391e-04
1354,1.84505464109465658e-04,1.84505464858375490e-04
1355,-1.01352951012700107e-17,-1.01352951531019886e-17
1356,-1.85494504416156681e-04,-1.85494500328786671e-04
1357,-3.53774362212967036e-04,-3.53774375980719924e-04
1358,-4.88228377415255137e-04,-4.88228368340060115e-04
1359,-5.75477186692800345e-04,-5.75477199163287878e-04
1360,-6.06704064418483904e-04,-6.06704037636518478e-04
1361,-5.78544873052382297e-04,-5.78544859308749437e-04
1362,-4.93447422424810674e-04,-4.93447412736713886e-04
1363,-3.59462122647658477e-04,-3.59462108463048935e-04
1364,-1.89481454942852431e-04,-1.89481448614969850e-04
1365,3.60100073374911626e-17,3.60100076395731265e-17
1366,1.90485777192685212e-04,1.90485778148286045e-04
1367,3.63282780460483657e-04,3.63282772013917565e-04
1368,5.01335410847356783e-04,5.01335423905402422e-04
1369,5.90908638187655840e-04,5.90908632148057222e-04
1370,6.22953963181754064e-04,6.22953986749053001e-04
1371,5.94022476233469041e-04,5.94022450968623161e-04
1372,5.06632972836352190e-04,5.06632961332798004e-04
1373,3.69056108040762194e-04,3.69056098861619830e-04
1374,1.94532706424392046e-04,1.94532709429040551e-04
1375,2.33646391204176842e-18,2.33646387079432633e-18
1376,-1.95551728759127126e-04,-1.95551721844822168e-04
1377,-3.72932687604702912e-04,-3.72932699974626303e-04
1378,-5.14636413399824312e-04,-5.14636398293077946e-04
1379,-6.06567198965807393e-04,-6.06567191425710917e-04
1380,-6.39441690679277475e-04,-6.39441714156419039e-04
1381,-6.09725341647007974e-04,-6.09725364483892918e-04
1382,-5.20009349983934074e-04,-5.20009372849017382e-04
1383,-3.78788157727790755e-04,-3.78788157831877470e-04
1384,-1.99656236146528968e-04,-1.99656235054135323e-04
1385,4.64292346779698817e-17,4.64292341922951669e-17
1386,2.00689340196512253e-04,2.00689333723857999e-04
1387,3.82718306631075014e-04,3.82718309992924333e-04
1388,5.28123385980377785e-04,5.28123404365032911e-04
1389,6.22443409479782740e-04,6.22443389147520065e-04
1390,6.56157241662292377e-04,6.56157266348600388e-04
1391,6.25643897769352837e-04,6.25643879175186157e-04
1392,5.33568364272126025e-04,5.33568381797522306e-04
1393,3.88652287085594248e-04,3.88652289984747767e-04
1394,2.04848879665804406e-04,2.04848882276564837e-04
1395,5.14839404992960605e-18,5.14839405281627690e-18
1396,-2.05895410827899145e-04,-2.05895412364043295e-04
1397,-3.92633515075780509e-04,-3.92633519368246198e-04
1398,-5.41787854418323699e-04,-5.41787827387452126e-04
1399,-6.38527252166551807e-04,-6.38527271803468466e-04
1400,-6.73090024661540274e-04,-6.73090049531310797e-04
1401,-6.41768016047510352e-04,-6.41768041532486677e-04
1402,-5.47301352705173373e-04,-5.47301373444497585e-04
1403,-3.98642167870088811e-04,-3.98642179789021611e-04
1404,-2.10107292062676736e-04,-2.10107289603911340e-04
1405,5.80019122734900977e-17,5.80019111696632010e-17
1406,2.11166559863308780e-04,2.11166552617214620e-04
1407,4.02671848239309529e-04,4.02671837946400046e-04
1408,5.55620874000114303e-04,5.55620878003537655e-04
1409,6.54808156914370599e-04,6.54808129183948040e-04
1410,6.90228867875687093e-04,6.90228887833654881e-04
1411,6.58087016634144924e-04,6.58087024930864573e-04
1412,5.61199183878489114e-04,5.61199209187179804e-04
1413,4.08751131927669314e-04,4.08751133363693953e-04
1414,2.15427949934922142e-04,2.15427950024604797e-04
1415,4.40551444473846321e-18,4.40551431162067221e-18
1416,-2.16499228482474872e-04,-2.16499232919886708e-04
1417,-4.12826503229169796e-04,-4.12826513638719916e-04
1418,-5.69613035150143602e-04,-5.69613010156899691e-04
1419,-6.71275007874856948e-04,-6.71275018248707056e-04
1420,-7.07562026476968309e-04,-7.07562023308128119e-04
1421,-6.74589675470295001e-04,-6.74589653499424458e-04
1422,-5.75252264119833481e-04,-5.75252284761518240e-04
1423,-4.18972175738988560e-04,-4.18972165789455175e-04
1424,-2.20807153832152720e-04,-2.20807152800261974e-04
1425,5.88609656459771625e-17,5.88609680143015721e-17
1426,2.21889682355571179e-04,2.21889684326015413e-04
1427,4.23090343840864299e-04,4.23090357799082994e-04
1428,5.83754470262496826e-04,5.83754444960504770e-04
1429,6.87916151631364696e-04,6.87916122842580080e-04
1430,7.25077191341818119e-04,7.25077174138277769e-04
1431,6.91264232725391612e-04,6.91264227498322725e-04
1432,5.89450544783598376e-04,5.89450530242174864e-04
1433,4.29297965804018120e-04,4.29297972004860640e-04
1434,2.26241031129518686e-04,2.26241027121432126e-04
1435,1.23614802260778386e-17,1.23614805454016641e-17
1436,-2.27334014607341584e-04,-2.27334021474234760e-04
1437,-4.33455906277618451e-04,-4.33455919846892357e-04
1438,-5.98034861691276710e-04,-5.98034879658371210e-04
1439,-7.04719406726909557e-04,-7.04719393979758024e-04
1440,-7.42761499213490410e-04,-7.42761476431041956e-04
1441,-7.08098402597815433e-04,-7.08098406903445721e-04
1442,-6.03783530704331164e-04,-6.03783526457846165e-04
1443,-4.39720844867194541e-04,-4.39720839494839311e-04
1444,-2.31725539345920581e-04,-2.31725542107596993e-04
1445,-1.31748840796516777e-17,-1.31748844648526211e-17
1446,2.32828149222051519e-04,2.32828155276365578e-04
1447,4.43915405713862538e-04,4.43915399955585599e-04
1448,6.12443450898248701e-04,6.12443429417908192e-04
1449,7.21672074555694543e-04,7.21672084182500839e-04
1450,7.60601544295954625e-04,7.60601542424410582e-04
1451,7.25079384478546766e-04,7.25079386029392481e-04
1452,6.18240289808059213e-04,6.18240272160619497e-04
1453,4.50232838985221149e-04,4.50232852017506957e-04
1454,2.37256469903277347e-04,2.37256463151425123e-04
1455,2.15555244833317205e-17,2.15555243979377248e-17
1456,-2.38367844892533774e-04,-2.38367851125076413e-04
1457,-4.54460743697811839e-04,-4.54460736364126205e-04
1458,-6.26969048759423806e-04,-6.26969034783542156e-04
1459,-7.38760951613186560e-04,-7.38760980311781168e-04
1460,-7.78583391278587556e-04,-7.78583402279764414e-04
1461,-7.42193875472837387e-04,-7.42193893529474735e-04
1462,-6.32809463880142542e-04,-6.32809475064277649e-04
1463,-4.60825665433445915e-04,-4.60825656773522496e-04
1464,-2.42829452327624753e-04,-2.42829453782178462e-04
1465,-4.53766556947556697e-18,-4.53766551346275647e-18
1466,2.43948699308199363e-04,2.43948699790053070e-04
1467,4.65083516393762257e-04,4.65083518065512180e-04
1468,6.41600047022074368e-04,6.41600054223090410e-04
1469,7.55972343101655423e-04,7.55972345359623432e-04
1470,7.96692589782030066e-04,7.96692562289535999e-04
1471,7.59428084275182245e-04,7.59428075980395079e-04
1472,6.47479280481515142e-04,6.47479260805994272e-04
1473,4.71490741447446382e-04,4.71490755444392562e-04
1474,2.48439958888034172e-04,2.48439959250390530e-04
1475,2.60646621753028703e-17,2.60646629336153650e-17
1476,-2.49566153881897136e-04,-2.49566161073744297e-04
1477,-4.75775023653959004e-04,-4.75775013910606503e-04
1478,-6.56324430907727374e-04,-6.56324438750743866e-04
1479,-7.73292077877421710e-04,-7.73292093072086573e-04
1480,-8.14914190217085380e-04,-8.14914179500192404e-04
1481,-7.76767746383973763e-04,-7.76767730712890625e-04
1482,-6.62237566005673952e-04,-6.62237580399960279e-04
1483,-4.82219193790908002e-04,-4.82219184050336480e-04
1484,-2.54083309670559974e-04,-2.54083308391273022e-04
1485,-4.69256657631417917e-18,-4.69256666369188664e-18
1486,2.55215498909582581e-04,2.55215505603700876e-04
1487,4.86526278916495081e-04,4.86526289023458958e-04
1488,6.71129792845100788e-04,6.71129790134727955e-04
1489,7.90705524729611270e-04,7.90705496910959482e-04
1490,8.33232761037813762e-04,8.33232770673930645e-04
1491,7.94198140643732962e-04,7.94198131188750267e-04
1492,6.77071759860957152e-04,6.77071744576096535e-04
1493,4.93001869141963442e-04,4.93001891300082207e-04
1494,2.59754678080560729e-04,2.59754684520885348e-04
1495,3.73346370494707128e-17,3.73346381289032939e-17
1496,-2.60891879158377249e-04,-2.60891887592151761e-04
1497,-4.97328019913650379e-04,-4.97328001074492931e-04
1498,-6.86003347322485034e-04,-6.86003360897302628e-04
1499,-8.08197609967621199e-04,-8.08197597507387400e-04
1500,-8.51632407373204025e-04,-8.51632386911660433e-04
1501,-8.11704107092626006e-04,-8.11704085208475590e-04
1502,-6.91968929764277016e-04,-6.91968947649002075e-04
1503,-5.03829345283323435e-04,-5.03829331137239933e-04
1504,-2.65449096768546585e-04,-2.65449110884219408e-04
1505,2.03378012449355841e-18,2.03378007989254420e-18
1506,2.66590299875182392e-04,2.66590301180258393e-04
1507,5.08170720181403833e-04,5.08170691318809986e-04
1508,7.00931946836272812e-04,7.00931937899440527e-04
1509,8.25752836299951725e-04,8.25752853415906429e-04
1510,8.70096791009016424e-04,8.70096788275986910e-04
1511,8.29270066095805810e-04,8.29270051326602697e-04
1512,7.06915788123049587e-04,7.06915801856666803e-04
1513,5.14691943084241840e-04,5.14691928401589394e-04
1514,2.71161463969463233e-04,2.71161465207114816e-04
1515,3.95217974853403844e-17,3.95217963127221050e-17
1516,-2.72305633208850401e-04,-2.72305624093860388e-04
1517,-5.19044601351698769e-04,-5.19044580869376659e-04
1518,-7.15902098917405873e-04,-7.15902075171470642e-04
1519,-8.43355302973316525e-04,-8.43355315737426281e-04
1520,-8.88609151696758402e-04,-8.88609152752906084e-04
1521,-8.46880038733305784e-04,-8.46880022436380386e-04
1522,-7.21898709485804639e-04,-7.21898686606436968e-04
1523,-5.25579739253926822e-04,-5.25579729583114386e-04
1524,-2.76886550248833210e-04,-2.76886537903919816e-04
1525,1.35915018254431494e-17,1.35915014249904664e-17
1526,2.78032625035014248e-04,2.78032617643475533e-04
1527,5.29939646210941524e-04,5.29939658008515835e-04
1528,7.30899984207888822e-04,7.30899977497756481e-04
1529,8.60988727145467676e-04,8.60988744534552097e-04
1530,9.07152329752042449e-04,9.07152309082448483e-04
1531,8.64517668416124401e-04,8.64517642185091972e-04
1532,7.36903749030291800e-04,7.36903748475015163e-04
1533,5.36482579850141661e-04,5.36482606548815966e-04
1534,2.82619005642345761e-04,2.82619002973660827e-04
1535,5.34650979416793608e-17,5.34650968250507616e-17
1536,-2.83765902174640825e-04,-2.83765897620469332e-04
1537,-5.40845612502429828e-04,-5.40845619980245829e-04
1538,-7.45911475560032144e-04,-7.45911500416696072e-04
1539,-8.78636466455207056e-04,-8.78636492416262627e-04
1540,-9.25708789911657915e-04,-9.25708794966340065e-04
1541,-8.82166243690186503e-04,-8.82166263181716204e-04
1542,-7.51916662063702190e-04,-7.51916668377816677e-04
1543,-5.47390094516982920e-04,-5.47390081919729710e-04
1544,-2.88353367180311853e-04,-2.88353359792381525e-04
1545,1.50288661820555321e-17,1.50288658784636484e-17
1546,2.89499979992074389e-04,2.89499992504715919e-04
1547,5.51752047451555244e-04,5.51752047613263130e-04
1548,7.60922158124877372e-04,7.60922150220721960e-04
1549,8.96281542752709712e-04,8.96281562745571136e-04
1550,9.44260646403208563e-04,9.44260624237358570e-04
1551,8.99808722194847315e-04,8.99808714166283607e-04
1552,7.66922924496379150e-04,7.66922952607274055e-04
1553,5.58291711431658307e-04,5.58291736524552107e-04
1554,2.94084066780339354e-04,2.94084078632295132e-04
1555,7.27869396726795758e-17,7.27869374384360176e-17
1556,-2.95229270361872364e-04,-2.95229256153106689e-04
1557,-5.62648302985935614e-04,-5.62648288905620575e-04
1558,-7.75917350396159019e-04,-7.75917374994605780e-04
1559,-9.13906666946925233e-04,-9.13906667847186327e-04
1560,-9.62789689187298838e-04,-9.62789694312959909e-04
1561,-9.17427755727781525e-04,-9.17427765671163797e-04
1562,-7.81907754257879658e-04,-7.81907758209854364e-04
1563,-5.69176672928418622e-04,-5.69176685530692339e-04
1564,-2.99805439498233698e-04,-2.99805426038801670e-04
1565,1.69379785676649009e-17,1.69379788799013350e-17
1566,3.00948089986906482e-04,3.00948100630193949e-04
1567,5.73523551625418240e-04,5.73523575440049171e-04
1568,7.90882126169040840e-04,7.90882098954170942e-04
1569,9.31494264925873498e-04,9.31494287215173244e-04
1570,9.81277411320731182e-04,9.81277436949312687e-04
1571,9.35005716373951841e-04,9.35005722567439079e-04
1572,7.96856133610047155e-04,7.96856125816702843e-04
1573,5.80034051775915800e-04,5.80034044105559587e-04
1574,3.05511732116606877e-04,3.05511726764962077e-04
1575,6.58244345369591150e-17,6.58244324911240756e-17
1576,-3.06650669055649533e-04,-3.06650676066055894e-04
1577,-5.84366803008584115e-04,-5.84366789553314447e-04
1578,-8.05801337374389905e-04,-8.05801362730562687e-04
1579,-9.49026504498473437e-04,-9.49026492889970541e-04
1580,-9.99705037390324382e-04,-9.99705051071941853e-04
1581,-9.52524723645969810e-04,-9.52524715103209019e-04
1582,-8.11752832318442686e-04,-8.11752805020660162e-04
1583,-5.90852768071068878e-04,-5.90852752793580294e-04
1584,-3.11197112060211895e-04,-3.11197101837024093e-04
1585,4.06158657848716232e-17,4.06158650955541420e-17
1586,3.12331160217355552e-04,3.12331161694601178e-04
1587,5.95166921027217113e-04,5.95166929997503757e-04
1588,8.20659637740868203e-04,8.20659624878317118e-04
1589,9.66485323307044440e-04,9.66485298704355955e-04
1590,1.01805355295943008e-03,1.01805350277572870e-03
1591,9.69966672583546748e-04,9.69966698903590441e-04
1592,8.26582431633599924e-04,8.26582428999245167e-04
1593,6.01621606720250421e-04,6.01621635723859072e-04
1594,3.16855676614651244e-04,3.16855672281235456e-04
1595,7.80596424077994985e-17,7.80596447432001326e-17
1596,-3.17983647862347572e-04,-3.17983649438247085e-04
1597,-6.05912641530011631e-04,-6.05912646278738976e-04
1598,-8.35441507240537251e-04,-8.35441518574953079e-04
1599,-9.83852457651759492e-04,-9.83852427452802658e-04
1600,-1.03630373496975750e-03,-1.03630369994789362e-03
1601,-9.87313262753738985e-04,-9.87313222140073776e-04
1602,-8.41329349034598351e-04,-8.41329339891672134e-04
1603,-6.12329235469448083e-04,-6.12329225987195969e-04
1604,-3.22481462433843826e-04,-3.22481471812352538e-04
1605,3.80149647797165519e-17,3.80149644042261073e-17
1606,3.23602157682486029e-04,3.23602143907919526e-04
1607,6.16592590563761096e-04,6.16592587903141975e-04
1608,8.50131277263548773e-04,8.50131269544363022e-04
1609,1.00110947216987311e-03,1.00110948551446199e-03
1610,1.05443618303245851e-03,1.05443620122969151e-03
1611,1.00454602809317475e-03,1.00454606581479311e-03
1612,8.55977863682150708e-04,8.55977879837155342e-04
1613,6.22964223446911629e-04,6.22964231297373772e-04
1614,3.28068455314073598e-04,3.28068446833640337e-04
1615,-4.55411741655060004e-17,-4.55411730866582364e-17
1616,-3.29180666497997352e-04,-3.29180678818374872e-04
1617,-6.27195303108225789e-04,-6.27195287961512804e-04
1618,-8.64713156473096009e-04,-8.64713161718100309e-04
1619,-1.01823779030374580e-03,-1.01823778823018074e-03
1620,-1.07243135154541517e-03,-1.07243133243173361e-03
1621,-1.02164636752667811e-03,-1.02164631243795156e-03
1622,-8.70512142528538386e-04,-8.70512158144265413e-04
1623,-6.33515060177925653e-04,-6.33515068329870701e-04
1624,-3.33610600214544271e-04,-3.33610601956024766e-04
1625,4.95621595364995095e-17,4.95621609100050579e-17
1626,3.34713112322823506e-04,3.34713113261386752e-04
1627,6.37709242270319992e-04,6.37709221336990595e-04
1628,8.79171257279822435e-04,8.79171246197074652e-04
1629,1.03521872549566167e-03,1.03521870914846659e-03
1630,1.09026958256342268e-03,1.09026953577995300e-03
1631,1.03859557629848573e-03,1.03859556838870049e-03
1632,8.84916267025481285e-04,8.84916284121572971e-04
1633,6.43970175031245793e-04,6.43970153760164976e-04
1634,3.39101811501990190e-04,3.39101825375109911e-04
1635,-3.45435746016575430e-17,-3.45435752321942186e-17
1636,-3.40193404652933042e-04,-3.40193393640220165e-04
1637,-6.48122818888884978e-04,-6.48122804705053568e-04
1638,-8.93489622883220829e-04,-8.93489632289856672e-04
1639,-1.05203351303598106e-03,-1.05203350540250540e-03
1640,-1.10793113935279226e-03,-1.10793113708496094e-03
1641,-1.05537487794351041e-03,-1.05537485796958208e-03
1642,-8.99174260373392423e-04,-8.99174250662326813e-04
1643,-6.54317957052572355e-04,-6.54317962471395731e-04
1644,-3.44535983397468255e-04,-3.44535976182669401e-04
1645,6.05330543950456945e-17,6.05330573742958640e-17
1646,3.45615434949790611e-04,3.45615437254309654e-04
1647,6.58424411512715407e-04,6.58424396533519030e-04
1648,9.07652254812960991e-04,9.07652254682034254e-04
1649,1.06866334249890909e-03,1.06866331771016121e-03
1650,1.12539624055057476e-03,1.12539622932672501e-03
1651,1.07196545683079349e-03,1.07196543831378222e-03
1652,9.13270115247631197e-04,9.13270108867436647e-04
1653,6.64546775142475180e-04,6.64546794723719358e-04
1654,3.49907000600414029e-04,3.49907000781968236e-04
1655,-2.71557683528422066e-17,-2.71557687554932370e-17
1656,-3.50973087297633886e-04,-3.50973074091598392e-04
1657,-6.68602386701736191e-04,-6.68602413497865200e-04
1658,-9.21643140914983876e-04,-9.21643164474517107e-04
1659,-1.08508939068557419e-03,-1.08508940320461988e-03
1660,-1.14264509485578259e-03,-1.14264513831585646e-03
1661,-1.08834849120017780e-03,-1.08834845013916492e-03
1662,-9.27187821942040036e-04,-9.27187793422490358e-04
1663,-6.74644998529770439e-04,-6.74645008984953165e-04
1664,-3.55208749067461465e-04,-3.55208758264780045e-04
1665,7.53200843401703058e-17,7.53200821114286087e-17
1666,3.56260249209361380e-04,3.56260250555351377e-04
1667,6.78645119606846418e-04,6.78645097650587559e-04
1668,9.35446283709885813e-04,9.35446296352893114e-04
1669,1.10129285500571838e-03,1.10129290260374546e-03
1670,1.15965793616628937e-03,1.15965795703232288e-03
1671,1.10450518662112500e-03,1.10450515057891607e-03
1672,9.40911396860171574e-04,9.40911413636058569e-04
1673,6.84601017496396435e-04,6.84601021930575371e-04
1674,3.60435126918540931e-04,3.60435136826708913e-04
1675,6.53344978171665780e-17,6.53344967230313676e-17
1676,-3.61470822556352153e-04,-3.61470825737342238e-04
1677,-6.88541014779849958e-04,-6.88541040290147066e-04
1678,-9.49045729064979101e-04,-9.49045701418071985e-04
1679,-1.11725498721188649e-03,-1.11725495662540197e-03
1680,-1.17641505908622473e-03,-1.17641501128673553e-03
1681,-1.12041680978926706e-03,-1.12041679676622152e-03
1682,-9.54424911292418095e-04,-9.54424904193729162e-04
1683,-6.94403264300872216e-04,-6.94403250236064196e-04
1684,-3.65580055447667189e-04,-3.65580053767189384e-04
1685,-1.42089080527363506e-17,-1.42089082070194337e-17
1686,3.66598734595199925e-04,3.66598746040835977e-04
1687,6.98278527165172502e-04,6.98278541676700115e-04
1688,9.62425595106319192e-04,9.62425605393946171e-04
1689,1.13295712741453918e-03,1.13295717164874077e-03
1690,1.19289685471171279e-03,1.19289685972034931e-03
1691,1.13606472258650755e-03,1.13606476224958897e-03
1692,9.67712520404892594e-04,9.67712549027055502e-04
1693,7.04040234254865792e-04,7.04040226992219687e-04
1694,3.70637490208505023e-04,3.70637484593316913e-04
1695,-1.04383375305323239e-17,-1.04383377335944656e-17
1696,-3.71637949067576555e-04,-3.71637957869097590e-04
1697,-7.07846183220313201e-04,-7.07846193108707666e-04
1698,-9.75570101305339482e-04,-9.75570117589086294e-04
1699,-1.14838073828877761e-03,-1.14838068839162588e-03
1700,-1.20908384661755938e-03,-1.20908382814377546e-03
1701,-1.15143041631752597e-03,-1.15143042057752609e-03
1702,-9.80758492376388553e-04,-9.80758457444608212e-04
1703,-7.13500506898543481e-04,-7.13500485289841890e-04
1704,-3.75601432151850205e-04,-3.75601433916017413e-04
1705,1.15445618683016435e-17,1.15445619355279693e-17
1706,3.76582477341943405e-04,3.76582465833052993e-04
1707,7.17232602119547845e-04,7.17232585884630680e-04
1708,9.88463597666347374e-04,9.88463638350367546e-04
1709,1.16350743939678831e-03,1.16350746247917414e-03
1710,1.22495672694966033e-03,1.22495670802891254e-03
1711,1.16649554604415524e-03,1.16649549454450607e-03
1712,9.93547237607247035e-04,9.93547262623906136e-04
1713,7.22772767225831367e-04,7.22772791050374508e-04
1714,3.80465938784764251e-04,3.80465935450047255e-04
1715,-8.12385247817842145e-18,-8.12385246526597945e-18
1716,-3.81426389576196908e-04,-3.81426390958949924e-04
1717,-7.26426516981546291e-04,-7.26426544133573771e-04
1718,-1.00109059394853060e-03,-1.00109062623232603e-03
1719,-1.17831904153562666e-03,-1.17831898387521505e-03
1720,-1.24049639254182826e-03,-1.24049640726298094e-03
1721,-1.18124196492926212e-03,-1.18124193977564573e-03
1722,-1.00606333793296153e-03,-1.00606330670416355e-03
1723,-7.31845826905482629e-04,-7.31845851987600327e-04
1724,-3.85225135326032930e-04,-3.85225139325484633e-04
1725,1.44392723828124556e-17,1.44392730445317766e-17
1726,3.86163825867601488e-04,3.86163825169205666e-04
1727,7.35416796076833706e-04,7.35416775569319725e-04
1728,1.01343578884364387e-03,1.01343577262014151e-03
1729,1.19279758103250249e-03,1.19279755745083094e-03
1730,1.25568398096145752e-03,1.25568395014852285e-03
1731,1.19565175850995151e-03,1.19565171189606190e-03
1732,1.01829157576631088e-03,1.01829157210886478e-03
1733,7.40708645447481998e-04,7.40708666853606701e-04
1734,3.89873225828852416e-04,3.89873224776238203e-04
1735,5.78063642403975353e-18,5.78063631913138276e-18
1736,-3.90789007366367229e-04,-3.90789005905389786e-04
1737,-7.44192463955423958e-04,-7.44192453566938639e-04
1738,-1.02548409904425078e-03,-1.02548405993729830e-03
1739,-1.20692535389432158e-03,-1.20692537166178226e-03
1740,-1.27050090640081804e-03,-1.27050094306468964e-03
1741,-1.20970727880922199e-03,-1.20970723219215870e-03
1742,-1.03021696309945699e-03,-1.03021692484617233e-03
1743,-7.49350351259384399e-04,-7.49350350815802813e-04
1744,-3.94404504244470181e-04,-3.94404516555368900e-04
1745,2.08318235941004815e-17,2.08318240800150809e-17
1746,3.95296247323466724e-04,3.95296257920563221e-04
1747,7.52742722445859359e-04,7.52742751501500607e-04
1748,1.03722068812338200e-03,1.03722070343792439e-03
1749,1.22068494973455086e-03,1.22068496420979500e-03
1750,1.28492889531639748e-03,1.28492887597531080e-03
1751,1.22339117820645361e-03,1.22339115478098392e-03
1752,1.04182477028820736e-03,1.04182481300085783e-03
1753,7.57760262542849341e-04,7.57760251872241497e-04
1754,3.98813365396881892e-04,3.98813368519768119e-04
1755,2.85150940771020569e-17,2.85150928540751035e-17
1756,-3.99679962045154592e-04,-3.99679964175447822e-04
1757,-7.61056971471312654e-04,-7.61056959163397551e-04
1758,-1.04863099515611425e-03,-1.04863103479146957e-03
1759,-1.23405928538269818e-03,-1.23405933845788240e-03
1760,-1.29895002173478899e-03,-1.29895005375146866e-03
1761,-1.23668644297396510e-03,-1.23668648302555084e-03
1762,-1.05310055455127747e-03,-1.05310056824237108e-03
1763,-7.65927907973131482e-04,-7.65927892643958330e-04
1764,-4.03094315843522560e-04,-4.03094309149309993e-04
1765,4.51157192267721305e-17,4.51157177016752619e-17
1766,4.03934681726084599e-04,4.03934682253748178e-04
1767,7.69124829629700053e-04,7.69124832004308701e-04
1768,1.05970076300962099e-03,1.05970073491334915e-03
1769,1.24703163809820167e-03,1.24703161418437958e-03
1770,1.31254674212516204e-03,1.31254678126424551e-03
1771,1.24957642640240673e-03,1.24957645311951637e-03
1772,1.06403018810491564e-03,1.06403022073209286e-03
1773,7.73843047114123011e-04,7.73843028582632542e-04
1774,4.07241984590379523e-04,4.07241983339190483e-04
1775,4.80494906468000896e-17,4.80494891063844358e-17
1776,-4.08055061134053165e-04,-4.08055057050660253e-04
1777,-7.76936154485236333e-04,-7.76936125475913286e-04
1778,-1.07041606622834164e-03,-1.07041606679558754e-03
1779,-1.25958567829961691e-03,-1.25958572607487440e-03
1780,-1.32570192975925644e-03,-1.32570194546133280e-03
1781,-1.26204488142026006e-03,-1.26204488333314657e-03
1782,-1.07459988586887031e-03,-1.07459991704672575e-03
1783,-7.81495690509817400e-04,-7.81495706178247929e-04
1784,-4.11251133639005634e-04,-4.11251123296096921e-04
1785,6.65506364321365697e-17,6.65506375119415301e-17
1786,4.12035890117307818e-04,4.12035878980532289e-04
1787,7.84481062519791603e-04,7.84481060691177845e-04
1788,1.08076333844332783e-03,1.08076329343020916e-03
1789,1.27170550172500045e-03,1.27170549239963293e-03
1790,1.33839890846169018e-03,1.33839889895170927e-03
1791,1.27407599263333008e-03,1.27407594118267298e-03
1792,1.08479623266266958e-03,1.08479626942425966e-03
1793,7.88876119408263104e-04,7.88876146543771029e-04
1794,4.15116668331826609e-04,4.15116664953529835e-04
1795,6.60565308124330218e-17,6.60565327535615548e-17
1796,-4.15872103909875677e-04,-4.15872113080695271e-04
1797,-7.91749948690566871e-04,-7.91749975178390741e-04
1798,-1.09072939923441758e-03,-1.09072937630116940e-03
1799,-1.28337566094158771e-03,-1.28337566275149584e-03
1800,-1.35062148566731082e-03,-1.35062146000564098e-03
1801,-1.28565440769276432e-03,-1.28565437626093626e-03
1802,-1.09460620983111356e-03,-1.09460623934864998e-03
1803,-7.95974905057332972e-04,-7.95974920038133860e-04
1804,-4.18833647476466071e-04,-4.18833660660311580e-04
1805,9.08301044270055883e-17,9.08301024086021023e-17
1806,4.19558793204083901e-04,4.19558782596141100e-04
1807,7.98733505546166058e-04,7.98733497504144907e-04
1808,1.10030148037448231e-03,1.10030150972306728e-03
1809,1.29458119612122381e-03,1.29458121955394745e-03
1810,1.36235398469923357e-03,1.36235402897000313e-03
1811,1.29676526791377197e-03,1.29676528740674257e-03
1812,1.10401722122187773e-03,1.10401725396513939e-03
1813,8.02782927532443686e-04,8.02782946266233921e-04
1814,4.22397293213623169e-04,4.22397279180586338e-04
1815,9.96173530915790453e-17,9.96173545523162225e-17
1816,-4.23091213969275571e-04,-4.23091201810166240e-04
1817,-8.05422741846781678e-04,-8.05422721896320581e-04
1818,-1.10946725138876706e-03,-1.10946723725646734e-03
1819,-1.30530766500094224e-03,-1.30530761089175940e-03
1820,-1.37358127618093795e-03,-1.37358123902231455e-03
1821,-1.30739423806487047e-03,-1.30739423912018538e-03
1822,-1.11301711845029883e-03,-1.11301708966493607e-03
1823,-8.09291394035889381e-04,-8.09291377663612366e-04
1824,-4.25803000612970655e-04,-4.25803009420633316e-04
1825,1.17884822463004518e-16,1.17884817817382186e-16
1826,4.26464796984019838e-04,4.26464801421388984e-04
1827,8.11809000644659814e-04,8.11808975413441658e-04
1828,1.11821484435903036e-03,1.11821480095386505e-03
1829,1.31554117195099092e-03,1.31554121617227793e-03
1830,1.38428880850106017e-03,1.38428877107799053e-03
1831,1.31752753524652807e-03,1.31752749439328909e-03
1832,1.12159422538572859e-03,1.12159422133117914e-03
1833,8.15491856628225062e-04,8.15491832327097654e-04
1834,4.29046346959864957e-04,4.29046340286731720e-04
1835,1.30662291071457721e-16,1.30662296591823506e-16
1836,-4.29675157065084810e-04,-4.29675157647579908e-04
1837,-8.17883976770794391e-04,-8.17883992567658424e-04
1838,-1.12653287791106087e-03,-1.12653290852904320e-03
1839,-1.32526839607087390e-03,-1.32526841480284929e-03
1840,-1.39446263725035162e-03,-1.39446265529841185e-03
1841,-1.32715195678547847e-03,-1.32715201471000910e-03
1842,-1.12973736179110989e-03,-1.12973735667765141e-03
1843,-8.21376229340610811e-04,-8.21376219391822815e-04
1844,-4.32123100720668320e-04,-4.32123109931126237e-04
1845,4.52442697306353193e-17,4.52442681863109028e-17
1846,4.32718101958598370e-04,4.32718108640983701e-04
1847,8.23639733688930390e-04,8.23639740701764822e-04
1848,1.13441048031635958e-03,1.13441050052642822e-03
1849,1.33447661824246853e-03,1.33447663392871618e-03
1850,1.40408945355074868e-03,1.40408950392156839e-03
1851,1.33625490706879295e-03,1.33625487796962261e-03
1852,1.13743586605668102e-03,1.13743590191006660e-03
1853,8.26936804622273119e-04,8.26936797238886356e-04
1854,4.35029230151949228e-04,4.35029243817552924e-04
1855,5.56751150042275095e-17,5.56751182810005384e-17
1856,-4.35589640880876315e-04,-4.35589638072997332e-04
1857,-8.29068719663409023e-04,-8.29068711027503014e-04
1858,-1.14183731165317629e-03,-1.14183733239769936e-03
1859,-1.34315374706295157e-03,-1.34315376635640860e-03
1860,-1.41315661120426173e-03,-1.41315662767738104e-03
1861,-1.34482442324607935e-03,-1.34482444263994694e-03
1862,-1.14467961696399726e-03,-1.14467961248010397e-03
1863,-8.32166269080473792e-04,-8.32166289910674095e-04
1864,-4.37760911538327821e-04,-4.37760900240391493e-04
1865,8.28766935306346875e-17,8.28766946444557369e-17
1866,4.38285992675192489e-04,4.38285991549491882e-04
1867,8.34163783205752276e-04,8.34163802210241556e-04
1868,1.14880358495975739e-03,1.14880362525582314e-03
1869,1.35128834359455317e-03,1.35128828696906567e-03
1870,1.42165215258409404e-03,1.42165215220302343e-03
1871,1.35284919973276238e-03,1.35284918360412121e-03
1872,1.15145905442372342e-03,1.15145905874669552e-03
1873,8.37057718471056946e-04,8.37057712487876415e-04
1874,4.40314537031391334e-04,4.40314528532326221e-04
1875,1.00151455646865271e-16,1.00151455147674362e-16
1876,-4.40803593571653229e-04,-4.40803589299321175e-04
1877,-8.38918187752328679e-04,-8.38918203953653574e-04
1878,-1.15530008633053858e-03,-1.15530006587505341e-03
1879,-1.35886964485729686e-03,-1.35886960197240114e-03
1880,-1.42956483320468919e-03,-1.42956478521227837e-03
1881,-1.36031861144503274e-03,-1.36031862348318100e-03
1882,-1.15776519913125299e-03,-1.15776516031473875e-03
1883,-8.41604671897561922e-04,-8.41604662127792835e-04
1884,-4.42686722072943562e-04,-4.42686723545193672e-04
1885,-2.46170151303505267e-17,-2.46170157979475363e-17
1886,4.43139104522095244e-04,4.43139113485813141e-04
1887,8.43325625537638093e-04,8.43325629830360413e-04
1888,1.16131819389546495e-03,1.16131815593689680e-03
1889,1.36588758600813620e-03,1.36588758323341608e-03
1890,1.43688414489688923e-03,1.43688416574150324e-03
1891,1.36722273570887422e-03,1.36722275055944920e-03
1892,1.16358967108547888e-03,1.16358965169638395e-03
1893,8.45801085182380655e-04,8.45801085233688354e-04
1894,4.44874312379647265e-04,4.44874312961474061e-04
1895,-1.78182330375747243e-17,-1.78182330549169900e-17
1896,-4.45289418096952267e-04,-4.45289420895278454e-04
1897,-8.47380230622163952e-04,-8.47380259074270725e-04
1898,-1.16684989563461982e-03,-1.16684986278414726e-03
1899,-1.37233282114187236e-03,-1.37233280111104250e-03
1900,-1.44360033753399117e-03,-1.44360028207302094e-03
1901,-1.37355237277721198e-03,-1.37355236802250147e-03
1902,-1.16892470692419865e-03,-1.16892473306506872e-03
1903,-8.49641363371863895e-04,-8.49641335662454367e-04
1904,-4.46874390471210532e-04,-4.46874386398121715e-04
1905,5.07618921143324925e-18,5.07618904355621684e-18
1906,4.47251664918196692e-04,4.47251659352332354e-04
1907,8.51076591044297578e-04,8.51076561957597733e-04
1908,1.17188780597707732e-03,1.17188785225152969e-03
1909,1.37819674266008766e-03,1.37819675728678703e-03
1910,1.44970443924165976e-03,1.44970440305769444e-03
1911,1.37929906490739354e-03,1.37929909396916628e-03
1912,1.17376317602323503e-03,1.17376318667083979e-03
1913,8.53120372344549037e-04,8.53120349347591400e-04
1914,4.48684281724025323e-04,4.48684295406565070e-04
1915,2.40893420867376921e-17,2.40893423959489340e-17
1916,-4.49023219617250601e-04,-4.49023209512233734e-04
1917,-8.54409760056505999e-04,-8.54409765452146530e-04
1918,-1.17642518114299171e-03,-1.17642513941973448e-03
1919,-1.38347149915341852e-03,-1.38347153551876545e-03
1920,-1.45518827504290322e-03,-1.45518826320767403e-03
1921,-1.38445511394015455e-03,-1.38445512857288122e-03
1922,-1.17809859532430963e-03,-1.17809860967099667e-03
1923,-8.56233449485660253e-04,-8.56233469676226377e-04
1924,-4.50301559935250791e-04,-4.50301566161215305e-04
1925,5.53397351691762391e-17,5.53397362472796882e-17
1926,4.50601706298367304e-04,4.50601713964715600e-04
1927,8.57375266423580310e-04,8.57375271152704954e-04
1928,1.18045593318062280e-03,1.18045590352267027e-03
1929,1.38815001175153106e-03,1.38815003447234631e-03
1930,1.46004448388368136e-03,1.46004452835768461e-03
1931,1.38901359733589920e-03,1.38901360332965851e-03
1932,1.18192514283969115e-03,1.18192518129944801e-03
1933,8.58976413406408509e-04,8.58976389281451702e-04
1934,4.51724052378491871e-04,4.51724044978618622e-04
1935,8.97023381300632113e-17,8.97023375963371052e-17
1936,-4.51985003492514617e-04,-4.51984989922493696e-04
1937,-8.59969123746560558e-04,-8.59969120938330889e-04
1938,-1.18397464266899112e-03,-1.18397467304021120e-03
1939,-1.39222598889148690e-03,-1.39222596772015095e-03
1940,-1.46426653399552497e-03,-1.46426656283438206e-03
1941,-1.39296838262411345e-03,-1.39296834822744131e-03
1942,-1.18523766980902336e-03,-1.18523766286671162e-03
1943,-8.61345572672643479e-04,-8.61345557495951653e-04
1944,-4.52949844343219273e-04,-4.52949840109795332e-04
1945,-1.95360091603620901e-17,-1.95360092545038107e-17
1946,4.53171248589415480e-04,4.53171262051910162e-04
1947,8.62187838793390259e-04,8.62187822349369526e-04
1948,1.18697657004134764e-03,1.18697655852884054e-03
1949,1.39569393946980245e-03,1.39569398015737534e-03
1950,1.46784873654876610e-03,1.46784877870231867e-03
1951,1.39631414022632519e-03,1.39631412457674742e-03
1952,1.18803171146544188e-03,1.18803174700587988e-03
1953,8.63337733527683952e-04,8.63337714690715075e-04
1954,4.53977283138511762e-04,4.53977292636409402e-04
1955,1.37615406005295739e-17,1.37615408076099296e-17
1956,-4.54158841736058646e-04,-4.54158842330798507e-04
1957,-8.64028418808879153e-04,-8.64028406795114279e-04
1958,-1.18945766550728783e-03,-1.18945771828293800e-03
1959,-1.39854918433683596e-03,-1.39854918234050274e-03
1960,-1.47078625756578638e-03,-1.47078628651797771e-03
1961,-1.39904635461495690e-03,-1.39904639218002558e-03
1962,-1.19030349638686128e-03,-1.19030347559601068e-03
1963,-8.64950206580511450e-04,-8.64950183313339949e-04
1964,-4.54804981556774287e-04,-4.54804976470768452e-04
1965,7.27723496647550749e-17,7.27723525898754827e-17
1966,4.54946449187254684e-04,4.54946450190618634e-04
1967,8.65488377787701382e-04,8.65488371346145868e-04
1968,1.19141457754085543e-03,1.19141454342752695e-03
1969,1.40078786610705556e-03,1.40078784897923470e-03
1970,1.47307512805387362e-03,1.47307512816041708e-03
1971,1.40116133378385640e-03,1.40116130933165550e-03
1972,1.19204995440392366e-03,1.19204993825405836e-03
1973,8.66180812447171745e-04,8.66180809680372477e-04
1974,4.55431820781877154e-04,4.55431814771145582e-04
1975,-8.70487418300105382e-18,-8.70487405369057673e-18
1976,-4.55533006106119507e-04,-4.55533008789643645e-04
1977,-8.66565741689388422e-04,-8.66565736941993237e-04
1978,-1.19284465991334855e-03,-1.19284470565617085e-03
1979,-1.40240695725209934e-03,-1.40240695327520370e-03
1980,-1.47471225233693388e-03,-1.47471227683126926e-03
1981,-1.40265621699542441e-03,-1.40265619847923517e-03
1982,-1.19326872304649978e-03,-1.19326869025826454e-03
1983,-8.67027886325590319e-04,-8.67027905769646168e-04
1984,-4.55856952739485159e-04,-4.55856963526457548e-04
1985,1.14486570566267544e-16,1.14486574572557136e-16
1986,4.55917718798358202e-04,4.55917732324451208e-04
1987,8.67259052585321729e-04,8.67259048391133547e-04
1988,1.19374597725044264e-03,1.19374599307775497e-03
1989,1.40340426646209243e-03,1.40340428333729506e-03
1990,1.47569541455649651e-03,1.47569540422409773e-03
1991,1.40352898079244186e-03,1.40352896414697170e-03
1992,1.19395815250531714e-03,1.19395810179412365e-03
1993,8.67490281494131339e-04,8.67490307427942753e-04
1994,4.56079801878468813e-04,4.56079811556264758e-04
1995,4.16290934343199240e-17,4.16290918627601464e-17
1996,-4.56100066381380780e-04,-4.56100067822262645e-04
1997,-8.67567371721688989e-04,-8.67567374370992184e-04
1998,-1.19411730910183112e-03,-1.19411735795438290e-03
1999,-1.40377844324981191e-03,-1.40377844218164682e-03
2000,9.98652281603513603e-01,9.98652279376983643e-01
2001,-1.40377844324981191e-03,-1.40377844218164682e-03
2002,-1.19411730910183112e-03,-1.19411735795438290e-03
2003,-8.67567371721688989e-04,-8.67567374370992184e-04
2004,-4.56100066381380780e-04,-4.56100067822262645e-04
2005,4.16290934343199240e-17,4.16290918627601464e-17
2006,4.56079801878468813e-04,4.56079811556264758e-04
2007,8.67490281494131339e-04,8.67490307427942753e-04
2008,1.19395815250531714e-03,1.19395810179412365e-03
2009,1.40352898079244186e-03,1.40352896414697170e-03
2010,1.47569541455649651e-03,1.47569540422409773e-03
2011,1.40340426646209243e-03,1.40340428333729506e-03
2012,1.19374597725044264e-03,1.19374599307775497e-03
2013,8.67259052585321729e-04,8.67259048391133547e-04
2014,4.55917718798358202e-04,4.55917732324451208e-04
2015,1.14486570566267544e-16,1.14486574572557136e-16
2016,-4.55856952739485159e-04,-4.55856963526457548e-04
2017,-8.67027886325590319e-04,-8.67027905769646168e-04
2018,-1.19326872304649978e-03,-1.19326869025826454e-03
2019,-1.40265621699542441e-03,-1.40265619847923517e-03
2020,-1.47471225233693388e-03,-1.47471227683126926e-03
2021,-1.40240695725209934e-03,-1.40240695327520370e-03
2022,-1.19284465991334855e-03,-1.19284470565617085e-03
2023,-8.66565741689388422e-04,-8.66565736941993237e-04
2024,-4.55533006106119507e-04,-4.55533008789643645e-04
2025,-8.70487418300105382e-18,-8.70487405369057673e-18
2026,4.55431820781877154e-04,4.55431814771145582e-04
2027,8.66180812447171745e-04,8.66180809680372477e-04
2028,1.19204995440392366e-03,1.19204993825405836e-03
2029,1.40116133378385640e-03,1.40116130933165550e-03
2030,1.47307512805387362e-03,1.47307512816041708e-03
2031,1.40078786610705556e-03,1.40078784897923470e-03
2032,1.19141457754085543e-03,1.19141454342752695e-03
2033,8.65488377787701382e-04,8.65488371346145868e-04
2034,4.54946449187254684e-04,4.54946450190618634e-04
2035,7.27723496647550749e-17,7.27723525898754827e-17
2036,-4.54804981556774287e-04,-4.54804976470768452e-04
2037,-8.64950206580511450e-04,-8.64950183313339949e-04
2038,-1.19030349638686128e-03,-1.19030347559601068e-03
2039,-1.39904635461495690e-03,-1.39904639218002558e-03
2040,-1.47078625756578638e-03,-1.47078628651797771e-03
2041,-1.39854918433683596e-03,-1.39854918234050274e-03
2042,-1.18945766550728783e-03,-1.18945771828293800e-03
2043,-8.64028418808879153e-04,-8.64028406795114279e-04
2044,-4.54158841736058646e-04,-4.54158842330798507e-04
2045,1.37615406005295739e-17,1.37615408076099296e-17
2046,4.53977283138511762e-04,4.53977292636409402e-04
2047,8.63337733527683952e-04,8.63337714690715075e-04
2048,1.18803171146544188e-03,1.18803174700587988e-03
2049,1.39631414022632519e-03,1.39631412457674742e-03
2050,1.46784873654876610e-03,1.46784877870231867e-03
2051,1.39569393946980245e-03,1.39569398015737534e-03
2052,1.18697657004134764e-03,1.18697655852884054e-03
2053,8.62187838793390259e-04,8.62187822349369526e-04
2054,4.53171248589415480e-04,4.53171262051910162e-04
2055,-1.95360091603620901e-17,-1.95360092545038107e-17
2056,-4.52949844343219273e-04,-4.52949840109795332e-04
2057,-8.61345572672643479e-04,-8.61345557495951653e-04
2058,-1.18523766980902336e-03,-1.18523766286671162e-03
2059,-1.39296838262411345e-03,-1.39296834822744131e-03
2060,-1.46426653399552497e-03,-1.46426656283438206e-03
2061,-1.39222598889148690e-03,-1.39222596772015095e-03
2062,-1.18397464266899112e-03,-1.18397467304021120e-03
2063,-8.59969123746560558e-04,-8.59969120938330889e-04
2064,-4.51985003492514617e-04,-4.51984989922493696e-04
2065,8.97023381300632113e-17,8.97023375963371052e-17
2066,4.51724052378491871e-04,4.51724044978618622e-04
2067,8.58976413406408509e-04,8.58976389281451702e-04
2068,1.18192514283969115e-03,1.18192518129944801e-03
2069,1.38901359733589920e-03,1.38901360332965851e-03
2070,1.46004448388368136e-03,1.46004452835768461e-03
2071,1.38815001175153106e-03,1.38815003447234631e-03
2072,1.18045593318062280e-03,1.18045590352267027e-03
2073,8.57375266423580310e-04,8.57375271152704954e-04
2074,4.50601706298367304e-04,4.50601713964715600e-04
2075,5.53397351691762391e-17,5.53397362472796882e-17
2076,-4.50301559935250791e-04,-4.50301566161215305e-04
2077,-8.56233449485660253e-04,-8.56233469676226377e-04
2078,-1.17809859532430963e-03,-1.17809860967099667e-03
2079,-1.38445511394015455e-03,-1.38445512857288122e-03
2080,-1.45518827504290322e-03,-1.45518826320767403e-03
2081,-1.38347149915341852e-03,-1.38347153551876545e-03
2082,-1.17642518114299171e-03,-1.17642513941973448e-03
2083,-8.54409760056505999e-04,-8.54409765452146530e-04
2084,-4.49023219617250601e-04,-4.49023209512233734e-04
2085,2.40893420867376921e-17,2.40893423959489340e-17
2086,4.48684281724025323e-04,4.48684295406565070e-04
2087,8.53120372344549037e-04,8.53120349347591400e-04
2088,1.17376317602323503e-03,1.17376318667083979e-03
2089,1.37929906490739354e-03,1.37929909396916628e-03
2090,1.44970443924165976e-03,1.44970440305769444e-03
2091,1.37819674266008766e-03,1.37819675728678703e-03
2092,1.17188780597707732e-03,1.17188785225152969e-03
2093,8.51076591044297578e-04,8.51076561957597733e-04
2094,4.47251664918196692e-04,4.47251659352332354e-04
2095,5.07618921143324925e-18,5.07618904355621684e-18
2096,-4.46874390471210532e-04,-4.46874386398121715e-04
2097,-8.49641363371863895e-04,-8.49641335662454367e-04
2098,-1.16892470692419865e-03,-1.16892473306506872e-03
2099,-1.37355237277721198e-03,-1.37355236802250147e-03
2100,-1.44360033753399117e-03,-1.44360028207302094e-03
2101,-1.37233282114187236e-03,-1.37233280111104250e-03
2102,-1.16684989563461982e-03,-1.16684986278414726e-03
2103,-8.47380230622163952e-04,-8.47380259074270725e-04
2104,-4.45289418096952267e-04,-4.45289420895278454e-04
2105,-1.78182330375747243e-17,-1.78182330549169900e-17
2106,4.44874312379647265e-04,4.44874312961474061e-04
2107,8.45801085182380655e-04,8.45801085233688354e-04
2108,1.16358967108547888e-03,1.16358965169638395e-03
2109,1.36722273570887422e-03,1.36722275055944920e-03
2110,1.43688414489688923e-03,1.43688416574150324e-03
2111,1.36588758600813620e-03,1.36588758323341608e-03
2112,1.16131819389546495e-03,1.16131815593689680e-03
2113,8.43325625537638093e-04,8.43325629830360413e-04
2114,4.43139104522095244e-04,4.43139113485813141e-04
2115,-2.46170151303505267e-17,-2.46170157979475363e-17
2116,-4.42686722072943562e-04,-4.42686723545193672e-04
2117,-8.41604671897561922e-04,-8.41604662127792835e-04
2118,-1.15776519913125299e-03,-1.15776516031473875e-03
2119,-1.36031861144503274e-03,-1.36031862348318100e-03
2120,-1.42956483320468919e-03,-1.42956478521227837e-03
2121,-1.35886964485729686e-03,-1.35886960197240114e-03
2122,-1.15530008633053858e-03,-1.15530006587505341e-03
2123,-8.38918187752328679e-04,-8.38918203953653574e-04
2124,-4.40803593571653229e-04,-4.40803589299321175e-04
2125,1.00151455646865271e-16,1.00151455147674362e-16
2126,4.40314537031391334e-04,4.40314528532326221e-04
2127,8.37057718471056946e-04,8.37057712487876415e-04
2128,1.15145905442372342e-03,1.15145905874669552e-03
2129,1.35284919973276238e-03,1.35284918360412121e-03
2130,1.42165215258409404e-03,1.42165215220302343e-03
2131,1.35128834359455317e-03,1.35128828696906567e-03
2132,1.14880358495975739e-03,1.14880362525582314e-03
2133,8.34163783205752276e-04,8.34163802210241556e-04
2134,4.38285992675192489e-04,4.38285991549491882e-04
2135,8.28766935306346875e-17,8.28766946444557369e-17
2136,-4.37760911538327821e-04,-4.37760900240391493e-04
2137,-8.32166269080473792e-04,-8.32166289910674095e-04
2138,-1.14467961696399726e-03,-1.14467961248010397e-03
2139,-1.34482442324607935e-03,-1.34482444263994694e-03
2140,-1.41315661120426173e-03,-1.41315662767738104e-03
2141,-1.34315374706295157e-03,-1.34315376635640860e-03
2142,-1.14183731165317629e-03,-1.14183733239769936e-03
2143,-8.29068719663409023e-04,-8.29068711027503014e-04
2144,-4.35589640880876315e-04,-4.35589638072997332e-04
2145,5.56751150042275095e-17,5.56751182810005384e-17
2146,4.35029230151949228e-04,4.35029243817552924e-04
2147,8.26936804622273119e-04,8.26936797238886356e-04
2148,1.13743586605668102e-03,1.13743590191006660e-03
2149,1.33625490706879295e-03,1.33625487796962261e-03
2150,1.40408945355074868e-03,1.40408950392156839e-03
2151,1.33447661824246853e-03,1.33447663392871618e-03
2152,1.13441048031635958e-03,1.13441050052642822e-03
2153,8.23639733688930390e-04,8.23639740701764822e-04
2154,4.32718101958598370e-04,4.32718108640983701e-04
2155,4.52442697306353193e-17,4.52442681863109028e-17
2156,-4.32123100720668320e-04,-4.32123109931126237e-04
2157,-8.21376229340610811e-04,-8.21376219391822815e-04
2158,-1.12973736179110989e-03,-1.12973735667765141e-03
2159,-1.32715195678547847e-03,-1.32715201471000910e-03
2160,-1.39446263725035162e-03,-1.39446265529841185e-03
2161,-1.32526839607087390e-03,-1.32526841480284929e-03
2162,-1.12653287791106087e-03,-1.12653290852904320e-03
2163,-8.17883976770794391e-04,-8.17883992567658424e-04
2164,-4.29675157065084810e-04,-4.29675157647579908e-04
2165,1.30662291071457721e-16,1.30662296591823506e-16
2166,4.29046346959864957e-04,4.29046340286731720e-04
2167,8.15491856628225062e-04,8.15491832327097654e-04
2168,1.12159422538572859e-03,1.12159422133117914e-03
2169,1.31752753524652807e-03,1.31752749439328909e-03
2170,1.38428880850106017e-03,1.38428877107799053e-03
2171,1.31554117195099092e-03,1.31554121617227793e-03
2172,1.11821484435903036e-03,1.11821480095386505e-03
2173,8.11809000644659814e-04,8.11808975413441658e-04
2174,4.26464796984019838e-04,4.26464801421388984e-04
2175,1.17884822463004518e-16,1.17884817817382186e-16
2176,-4.25803000612970655e-04,-4.25803009420633316e-04
2177,-8.09291394035889381e-04,-8.09291377663612366e-04
2178,-1.11301711845029883e-03,-1.11301708966493607e-03
2179,-1.30739423806487047e-03,-1.30739423912018538e-03
2180,-1.37358127618093795e-03,-1.37358123902231455e-03
2181,-1.30530766500094224e-03,-1.30530761089175940e-03
2182,-1.10946725138876706e-03,-1.10946723725646734e-03
2183,-8.05422741846781678e-04,-8.05422721896320581e-04
2184,-4.23091213969275571e-04,-4.23091201810166240e-04
2185,9.96173530915790453e-17,9.96173545523162225e-17
2186,4.22397293213623169e-04,4.22397279180586338e-04
2187,8.02782927532443686e-04,8.02782946266233921e-04
2188,1.10401722122187773e-03,1.10401725396513939e-03
2189,1.29676526791377197e-03,1.29676528740674257e-03
2190,1.36235398469923357e-03,1.36235402897000313e-03
2191,1.29458119612122381e-03,1.29458121955394745e-03
2192,1.10030148037448231e-03,1.10030150972306728e-03
2193,7.98733505546166058e-04,7.98733497504144907e-04
2194,4.19558793204083901e-04,4.19558782596141100e-04
2195,9.08301044270055883e-17,9.08301024086021023e-17
2196,-4.18833647476466071e-04,-4.18833660660311580e-04
2197,-7.95974905057332972e-04,-7.95974920038133860e-04
2198,-1.09460620983111356e-03,-1.09460623934864998e-03
2199,-1.28565440769276432e-03,-1.28565437626093626e-03
2200,-1.35062148566731082e-03,-1.35062146000564098e-03
2201,-1.28337566094158771e-03,-1.28337566275149584e-03
2202,-1.09072939923441758e-03,-1.09072937630116940e-03
2203,-7.91749948690566871e-04,-7.91749975178390741e-04
2204,-4.15872103909875677e-04,-4.15872113080695271e-04
2205,6.60565308124330218e-17,6.60565327535615548e-17
2206,4.15116668331826609e-04,4.15116664953529835e-04
2207,7.88876119408263104e-04,7.88876146543771029e-04
2208,1.08479623266266958e-03,1.08479626942425966e-03
2209,1.27407599263333008e-03,1.27407594118267298e-03
2210,1.33839890846169018e-03,1.33839889895170927e-03
2211,1.27170550172500045e-03,1.27170549239963293e-03
2212,1.08076333844332783e-03,1.08076329343020916e-03
2213,7.84481062519791603e-04,7.84481060691177845e-04
2214,4.12035890117307818e-04,4.12035878980532289e-04
2215,6.65506364321365697e-17,6.65506375119415301e-17
2216,-4.11251133639005634e-04,-4.11251123296096921e-04
2217,-7.81495690509817400e-04,-7.81495706178247929e-04
2218,-1.07459988586887031e-03,-1.07459991704672575e-03
2219,-1.26204488142026006e-03,-1.26204488333314657e-03
2220,-1.32570192975925644e-03,-1.32570194546133280e-03
2221,-1.25958567829961691e-03,-1.25958572607487440e-03
2222,-1.07041606622834164e-03,-1.07041606679558754e-03
2223,-7.76936154485236333e-04,-7.76936125475913286e-04
2224,-4.08055061134053165e-04,-4.08055057050660253e-04
2225,4.80494906468000896e-17,4.80494891063844358e-17
2226,4.07241984590379523e-04,4.07241983339190483e-04
2227,7.73843047114123011e-04,7.73843028582632542e-04
2228,1.06403018810491564e-03,1.06403022073209286e-03
2229,1.24957642640240673e-03,1.24957645311951637e-03
2230,1.31254674212516204e-03,1.31254678126424551e-03
2231,1.24703163809820167e-03,1.24703161418437958e-03
2232,1.05970076300962099e-03,1.05970073491334915e-03
2233,7.69124829629700053e-04,7.69124832004308701e-04
2234,4.03934681726084599e-04,4.03934682253748178e-04
2235,4.51157192267721305e-17,4.51157177016752619e-17
2236,-4.03094315843522560e-04,-4.03094309149309993e-04
2237,-7.65927907973131482e-04,-7.65927892643958330e-04
2238,-1.05310055455127747e-03,-1.05310056824237108e-03
2239,-1.23668644297396510e-03,-1.23668648302555084e-03
2240,-1.29895002173478899e-03,-1.29895005375146866e-03
2241,-1.23405928538269818e-03,-1.23405933845788240e-03
2242,-1.04863099515611425e-03,-1.04863103479146957e-03
2243,-7.61056971471312654e-04,-7.61056959163397551e-04
2244,-3.99679962045154592e-04,-3.99679964175447822e-04
2245,2.85150940771020569e-17,2.85150928540751035e-17
2246,3.98813365396881892e-04,3.98813368519768119e-04
2247,7.57760262542849341e-04,7.57760251872241497e-04
2248,1.04182477028820736e-03,1.04182481300085783e-03
2249,1.22339117820645361e-03,1.22339115478098392e-03
2250,1.28492889531639748e-03,1.28492887597531080e-03
2251,1.22068494973455086e-03,1.22068496420979500e-03
2252,1.03722068812338200e-03,1.03722070343792439e-03
2253,7.52742722445859359e-04,7.52742751501500607e-04
2254,3.95296247323466724e-04,3.95296257920563221e-04
2255,2.08318235941004815e-17,2.08318240800150809e-17
2256,-3.94404504244470181e-04,-3.94404516555368900e-04
2257,-7.49350351259384399e-04,-7.49350350815802813e-04
2258,-1.03021696309945699e-03,-1.03021692484617233e-03
2259,-1.20970727880922199e-03,-1.20970723219215870e-03
2260,-1.27050090640081804e-03,-1.27050094306468964e-03
2261,-1.20692535389432158e-03,-1.20692537166178226e-03
2262,-1.02548409904425078e-03,-1.02548405993729830e-03
2263,-7.44192463955423958e-04,-7.44192453566938639e-04
2264,-3.90789007366367229e-04,-3.90789005905389786e-04
2265,5.78063642403975353e-18,5.78063631913138276e-18
2266,3.89873225828852416e-04,3.89873224776238203e-04
2267,7.40708645447481998e-04,7.40708666853606701e-04
2268,1.01829157576631088e-03,1.01829157210886478e-03
2269,1.19565175850995151e-03,1.19565171189606190e-03
2270,1.25568398096145752e-03,1.25568395014852285e-03
2271,1.19279758103250249e-03,1.19279755745083094e-03
2272,1.01343578884364387e-03,1.01343577262014151e-03
2273,7.35416796076833706e-04,7.35416775569319725e-04
2274,3.86163825867601488e-04,3.86163825169205666e-04
2275,1.44392723828124556e-17,1.44392730445317766e-17
2276,-3.85225135326032930e-04,-3.85225139325484633e-04
2277,-7.31845826905482629e-04,-7.31845851987600327e-04
2278,-1.00606333793296153e-03,-1.00606330670416355e-03
2279,-1.18124196492926212e-03,-1.18124193977564573e-03
2280,-1.24049639254182826e-03,-1.24049640726298094e-03
2281,-1.17831904153562666e-03,-1.17831898387521505e-03
2282,-1.00109059394853060e-03,-1.00109062623232603e-03
2283,-7.26426516981546291e-04,-7.26426544133573771e-04
2284,-3.81426389576196908e-04,-3.81426390958949924e-04
2285,-8.12385247817842145e-18,-8.12385246526597945e-18
2286,3.80465938784764251e-04,3.80465935450047255e-04
2287,7.22772767225831367e-04,7.22772791050374508e-04
2288,9.93547237607247035e-04,9.93547262623906136e-04
2289,1.16649554604415524e-03,1.16649549454450607e-03
2290,1.22495672694966033e-03,1.22495670802891254e-03
2291,1.16350743939678831e-03,1.16350746247917414e-03
2292,9.88463597666347374e-04,9.88463638350367546e-04
2293,7.17232602119547845e-04,7.17232585884630680e-04
2294,3.76582477341943405e-04,3.76582465833052993e-04
2295,1.15445618683016435e-17,1.15445619355279693e-17
2296,-3.75601432151850205e-04,-3.75601433916017413e-04
2297,-7.13500506898543481e-04,-7.13500485289841890e-04
2298,-9.80758492376388553e-04,-9.80758457444608212e-04
2299,-1.15143041631752597e-03,-1.15143042057752609e-03
2300,-1.20908384661755938e-03,-1.20908382814377546e-03
2301,-1.14838073828877761e-03,-1.14838068839162588e-03
2302,-9.75570101305339482e-04,-9.75570117589086294e-04
2303,-7.07846183220313201e-04,-7.07846193108707666e-04
2304,-3.71637949067576555e-04,-3.71637957869097590e-04
2305,-1.04383375305323239e-17,-1.04383377335944656e-17
2306,3.70637490208505023e-04,3.70637484593316913e-04
2307,7.04040234254865792e-04,7.04040226992219687e-04
2308,9.67712520404892594e-04,9.67712549027055502e-04
2309,1.13606472258650755e-03,1.13606476224958897e-03
2310,1.19289685471171279e-03,1.19289685972034931e-03
2311,1.13295712741453918e-03,1.13295717164874077e-03
2312,9.62425595106319192e-04,9.62425605393946171e-04
2313,6.98278527165172502e-04,6.98278541676700115e-04
2314,3.66598734595199925e-04,3.66598746040835977e-04
2315,-1.42089080527363506e-17,-1.42089082070194337e-17
2316,-3.65580055447667189e-04,-3.65580053767189384e-04
2317,-6.94403264300872216e-04,-6.94403250236064196e-04
2318,-9.54424911292418095e-04,-9.54424904193729162e-04
2319,-1.12041680978926706e-03,-1.12041679676622152e-03
2320,-1.17641505908622473e-03,-1.17641501128673553e-03
2321,-1.11725498721188649e-03,-1.11725495662540197e-03
2322,-9.49045729064979101e-04,-9.49045701418071985e-04
2323,-6.88541014779849958e-04,-6.88541040290147066e-04
2324,-3.61470822556352153e-04,-3.61470825737342238e-04
2325,6.53344978171665780e-17,6.53344967230313676e-17
2326,3.60435126918540931e-04,3.60435136826708913e-04
2327,6.84601017496396435e-04,6.84601021930575371e-04
2328,9.40911396860171574e-04,9.40911413636058569e-04
2329,1.10450518662112500e-03,1.10450515057891607e-03
2330,1.15965793616628937e-03,1.15965795703232288e-03
2331,1.10129285500571838e-03,1.10129290260374546e-03
2332,9.35446283709885813e-04,9.35446296352893114e-04
2333,6.78645119606846418e-04,6.78645097650587559e-04
2334,3.56260249209361380e-04,3.56260250555351377e-04
2335,7.53200843401703058e-17,7.53200821114286087e-17
2336,-3.55208749067461465e-04,-3.55208758264780045e-04
2337,-6.74644998529770439e-04,-6.74645008984953165e-04
2338,-9.27187821942040036e-04,-9.27187793422490358e-04
2339,-1.08834849120017780e-03,-1.08834845013916492e-03
2340,-1.14264509485578259e-03,-1.14264513831585646e-03
2341,-1.08508939068557419e-03,-1.08508940320461988e-03
2342,-9.21643140914983876e-04,-9.21643164474517107e-04
2343,-6.68602386701736191e-04,-6.68602413497865200e-04
2344,-3.50973087297633886e-04,-3.50973074091598392e-04
2345,-2.71557683528422066e-17,-2.71557687554932370e-17
2346,3.49907000600414029e-04,3.49907000781968236e-04
2347,6.64546775142475180e-04,6.64546794723719358e-04
2348,9.13270115247631197e-04,9.13270108867436647e-04
2349,1.07196545683079349e-03,1.07196543831378222e-03
2350,1.12539624055057476e-03,1.12539622932672501e-03
2351,1.06866334249890909e-03,1.06866331771016121e-03
2352,9.07652254812960991e-04,9.07652254682034254e-04
2353,6.58424411512715407e-04,6.58424396533519030e-04
2354,3.45615434949790611e-04,3.45615437254309654e-04
2355,6.05330543950456945e-17,6.05330573742958640e-17
2356,-3.44535983397468255e-04,-3.44535976182669401e-04
2357,-6.54317957052572355e-04,-6.54317962471395731e-04
2358,-8.99174260373392423e-04,-8.99174250662326813e-04
2359,-1.05537487794351041e-03,-1.05537485796958208e-03
2360,-1.10793113935279226e-03,-1.10793113708496094e-03
2361,-1.05203351303598106e-03,-1.05203350540250540e-03
2362,-8.93489622883220829e-04,-8.93489632289856672e-04
2363,-6.48122818888884978e-04,-6.48122804705053568e-04
2364,-3.40193404652933042e-04,-3.40193393640220165e-04
2365,-3.45435746016575430e-17,-3.45435752321942186e-17
2366,3.39101811501990190e-04,3.39101825375109911e-04
2367,6.43970175031245793e-04,6.43970153760164976e-04
2368,8.84916267025481285e-04,8.84916284121572971e-04
2369,1.03859557629848573e-03,1.03859556838870049e-03
2370,1.09026958256342268e-03,1.09026953577995300e-03
2371,1.03521872549566167e-03,1.03521870914846659e-03
2372,8.79171257279822435e-04,8.79171246197074652e-04
2373,6.37709242270319992e-04,6.37709221336990595e-04
2374,3.34713112322823506e-04,3.34713113261386752e-04
2375,4.95621595364995095e-17,4.95621609100050579e-17
2376,-3.33610600214544271e-04,-3.33610601956024766e-04
2377,-6.33515060177925653e-04,-6.33515068329870701e-04
2378,-8.70512142528538386e-04,-8.70512158144265413e-04
2379,-1.02164636752667811e-03,-1.02164631243795156e-03
2380,-1.07243135154541517e-03,-1.07243133243173361e-03
2381,-1.01823779030374580e-03,-1.01823778823018074e-03
2382,-8.64713156473096009e-04,-8.64713161718100309e-04
2383,-6.27195303108225789e-04,-6.27195287961512804e-04
2384,-3.29180666497997352e-04,-3.29180678818374872e-04
2385,-4.55411741655060004e-17,-4.55411730866582364e-17
2386,3.28068455314073598e-04,3.28068446833640337e-04
2387,6.22964223446911629e-04,6.22964231297373772e-04
2388,8.55977863682150708e-04,8.55977879837155342e-04
2389,1.00454602809317475e-03,1.00454606581479311e-03
2390,1.05443618303245851e-03,1.05443620122969151e-03
2391,1.00110947216987311e-03,1.00110948551446199e-03
2392,8.50131277263548773e-04,8.50131269544363022e-04
2393,6.16592590563761096e-04,6.16592587903141975e-04
2394,3.23602157682486029e-04,3.23602143907919526e-04
2395,3.80149647797165519e-17,3.80149644042261073e-17
2396,-3.22481462433843826e-04,-3.22481471812352538e-04
2397,-6.12329235469448083e-04,-6.12329225987195969e-04
2398,-8.41329349034598351e-04,-8.41329339891672134e-04
2399,-9.87313262753738985e-04,-9.87313222140073776e-04
2400,-1.03630373496975750e-03,-1.03630369994789362e-03
2401,-9.83852457651759492e-04,-9.83852427452802658e-04
2402,-8.35441507240537251e-04,-8.35441518574953079e-04
2403,-6.05912641530011631e-04,-6.05912646278738976e-04
2404,-3.17983647862347572e-04,-3.17983649438247085e-04
2405,7.80596424077994985e-17,7.80596447432001326e-17
2406,3.16855676614651244e-04,3.16855672281235456e-04
2407,6.01621606720250421e-04,6.01621635723859072e-04
2408,8.26582431633599924e-04,8.26582428999245167e-04
2409,9.69966672583546748e-04,9.69966698903590441e-04
2410,1.01805355295943008e-03,1.01805350277572870e-03
2411,9.66485323307044440e-04,9.66485298704355955e-04
2412,8.20659637740868203e-04,8.20659624878317118e-04
2413,5.95166921027217113e-04,5.95166929997503757e-04
2414,3.12331160217355552e-04,3.12331161694601178e-04
2415,4.06158657848716232e-17,4.06158650955541420e-17
2416,-3.11197112060211895e-04,-3.11197101837024093e-04
2417,-5.90852768071068878e-04,-5.90852752793580294e-04
2418,-8.11752832318442686e-04,-8.11752805020660162e-04
2419,-9.52524723645969810e-04,-9.52524715103209019e-04
2420,-9.99705037390324382e-04,-9.99705051071941853e-04
2421,-9.49026504498473437e-04,-9.49026492889970541e-04
2422,-8.05801337374389905e-04,-8.05801362730562687e-04
2423,-5.84366803008584115e-04,-5.84366789553314447e-04
2424,-3.06650669055649533e-04,-3.06650676066055894e-04
2425,6.58244345369591150e-17,6.58244324911240756e-17
2426,3.05511732116606877e-04,3.05511726764962077e-04
2427,5.80034051775915800e-04,5.80034044105559587e-04
2428,7.96856133610047155e-04,7.96856125816702843e-04
2429,9.35005716373951841e-04,9.35005722567439079e-04
2430,9.81277411320731182e-04,9.81277436949312687e-04
2431,9.31494264925873498e-04,9.31494287215173244e-04
2432,7.90882126169040840e-04,7.90882098954170942e-04
2433,5.73523551625418240e-04,5.73523575440049171e-04
2434,3.00948089986906482e-04,3.00948100630193949e-04
2435,1.69379785676649009e-17,1.69379788799013350e-17
2436,-2.99805439498233698e-04,-2.99805426038801670e-04
2437,-5.69176672928418622e-04,-5.69176685530692339e-04
2438,-7.81907754257879658e-04,-7.81907758209854364e-04
2439,-9.17427755727781525e-04,-9.17427765671163797e-04
2440,-9.62789689187298838e-04,-9.62789694312959909e-04
2441,-9.13906666946925233e-04,-9.13906667847186327e-04
2442,-7.75917350396159019e-04,-7.75917374994605780e-04
2443,-5.62648302985935614e-04,-5.62648288905620575e-04
2444,-2.95229270361872364e-04,-2.95229256153106689e-04
2445,7.27869396726795758e-17,7.27869374384360176e-17
2446,2.94084066780339354e-04,2.94084078632295132e-04
2447,5.58291711431658307e-04,5.58291736524552107e-04
2448,7.66922924496379150e-04,7.66922952607274055e-04
2449,8.99808722194847315e-04,8.99808714166283607e-04
2450,9.44260646403208563e-04,9.44260624237358570e-04
2451,8.96281542752709712e-04,8.96281562745571136e-04
2452,7.60922158124877372e-04,7.60922150220721960e-04
2453,5.51752047451555244e-04,5.51752047613263130e-04
2454,2.89499979992074389e-04,2.89499992504715919e-04
2455,1.50288661820555321e-17,1.50288658784636484e-17
2456,-2.88353367180311853e-04,-2.88353359792381525e-04
2457,-5.47390094516982920e-04,-5.47390081919729710e-04
2458,-7.51916662063702190e-04,-7.51916668377816677e-04
2459,-8.82166243690186503e-04,-8.82166263181716204e-04
2460,-9.25708789911657915e-04,-9.25708794966340065e-04
2461,-8.78636466455207056e-04,-8.78636492416262627e-04
2462,-7.45911475560032144e-04,-7.45911500416696072e-04
2463,-5.40845612502429828e-04,-5.40845619980245829e-04
2464,-2.83765902174640825e-04,-2.83765897620469332e-04
2465,5.34650979416793608e-17,5.34650968250507616e-17
2466,2.82619005642345761e-04,2.82619002973660827e-04
2467,5.36482579850141661e-04,5.36482606548815966e-04
2468,7.36903749030291800e-04,7.36903748475015163e-04
2469,8.64517668416124401e-04,8.64517642185091972e-04
2470,9.07152329752042449e-04,9.07152309082448483e-04
2471,8.60988727145467676e-04,8.60988744534552097e-04
2472,7.30899984207888822e-04,7.30899977497756481e-04
2473,5.29939646210941524e-04,5.29939658008515835e-04
2474,2.78032625035014248e-04,2.78032617643475533e-04
2475,1.35915018254431494e-17,1.35915014249904664e-17
2476,-2.76886550248833210e-04,-2.76886537903919816e-04
2477,-5.25579739253926822e-04,-5.25579729583114386e-04
2478,-7.21898709485804639e-04,-7.21898686606436968e-04
2479,-8.46880038733305784e-04,-8.46880022436380386e-04
2480,-8.88609151696758402e-04,-8.88609152752906084e-04
2481,-8.43355302973316525e-04,-8.43355315737426281e-04
2482,-7.15902098917405873e-04,-7.15902075171470642e-04
2483,-5.19044601351698769e-04,-5.19044580869376659e-04
2484,-2.72305633208850401e-04,-2.72305624093860388e-04
2485,3.95217974853403844e-17,3.95217963127221050e-17
2486,2.71161463969463233e-04,2.71161465207114816e-04
2487,5.14691943084241840e-04,5.14691928401589394e-04
2488,7.06915788123049587e-04,7.06915801856666803e-04
2489,8.29270066095805810e-04,8.29270051326602697e-04
2490,8.70096791009016424e-04,8.70096788275986910e-04
2491,8.25752836299951725e-04,8.25752853415906429e-04
2492,7.00931946836272812e-04,7.00931937899440527e-04
2493,5.08170720181403833e-04,5.08170691318809986e-04
2494,2.66590299875182392e-04,2.66590301180258393e-04
2495,2.03378012449355841e-18,2.03378007989254420e-18
2496,-2.65449096768546585e-04,-2.65449110884219408e-04
2497,-5.03829345283323435e-04,-5.03829331137239933e-04
2498,-6.91968929764277016e-04,-6.91968947649002075e-04
2499,-8.11704107092626006e-04,-8.11704085208475590e-04
2500,-8.51632407373204025e-04,-8.51632386911660433e-04
2501,-8.08197609967621199e-04,-8.08197597507387400e-04
2502,-6.86003347322485034e-04,-6.86003360897302628e-04
2503,-4.97328019913650379e-04,-4.97328001074492931e-04
2504,-2.60891879158377249e-04,-2.60891887592151761e-04
2505,3.73346370494707128e-17,3.73346381289032939e-17
2506,2.59754678080560729e-04,2.59754684520885348e-04
2507,4.93001869141963442e-04,4.93001891300082207e-04
2508,6.77071759860957152e-04,6.77071744576096535e-04
2509,7.94198140643732962e-04,7.94198131188750267e-04
2510,8.33232761037813762e-04,8.33232770673930645e-04
2511,7.90705524729611270e-04,7.90705496910959482e-04
2512,6.71129792845100788e-04,6.71129790134727955e-04
2513,4.86526278916495081e-04,4.86526289023458958e-04
2514,2.55215498909582581e-04,2.55215505603700876e-04
2515,-4.69256657631417917e-18,-4.69256666369188664e-18
2516,-2.54083309670559974e-04,-2.54083308391273022e-04
2517,-4.82219193790908002e-04,-4.82219184050336480e-04
2518,-6.62237566005673952e-04,-6.62237580399960279e-04
2519,-7.76767746383973763e-04,-7.76767730712890625e-04
2520,-8.14914190217085380e-04,-8.14914179500192404e-04
2521,-7.73292077877421710e-04,-7.73292093072086573e-04
2522,-6.56324430907727374e-04,-6.56324438750743866e-04
2523,-4.75775023653959004e-04,-4.75775013910606503e-04
2524,-2.49566153881897136e-04,-2.49566161073744297e-04
2525,2.60646621753028703e-17,2.60646629336153650e-17
2526,2.48439958888034172e-04,2.48439959250390530e-04
2527,4.71490741447446382e-04,4.71490755444392562e-04
2528,6.47479280481515142e-04,6.47479260805994272e-04
2529,7.59428084275182245e-04,7.59428075980395079e-04
2530,7.96692589782030066e-04,7.96692562289535999e-04
2531,7.55972343101655423e-04,7.55972345359623432e-04
2532,6.41600047022074368e-04,6.41600054223090410e-04
2533,4.65083516393762257e-04,4.65083518065512180e-04
2534,2.43948699308199363e-04,2.43948699790053070e-04
2535,-4.53766556947556697e-18,-4.53766551346275647e-18
2536,-2.42829452327624753e-04,-2.42829453782178462e-04
2537,-4.60825665433445915e-04,-4.60825656773522496e-04
2538,-6.32809463880142542e-04,-6.32809475064277649e-04
2539,-7.42193875472837387e-04,-7.42193893529474735e-04
2540,-7.78583391278587556e-04,-7.78583402279764414e-04
2541,-7.38760951613186560e-04,-7.38760980311781168e-04
2542,-6.26969048759423806e-04,-6.26969034783542156e-04
2543,-4.54460743697811839e-04,-4.54460736364126205e-04
2544,-2.38367844892533774e-04,-2.38367851125076413e-04
2545,2.15555244833317205e-17,2.15555243979377248e-17
2546,2.37256469903277347e-04,2.37256463151425123e-04
2547,4.50232838985221149e-04,4.50232852017506957e-04
2548,6.18240289808059213e-04,6.18240272160619497e-04
2549,7.25079384478546766e-04,7.25079386029392481e-04
2550,7.60601544295954625e-04,7.60601542424410582e-04
2551,7.21672074555694543e-04,7.21672084182500839e-04
2552,6.12443450898248701e-04,6.12443429417908192e-04
2553,4.43915405713862538e-04,4.43915399955585599e-04
2554,2.32828149222051519e-04,2.32828155276365578e-04
2555,-1.31748840796516777e-17,-1.31748844648526211e-17
2556,-2.31725539345920581e-04,-2.31725542107596993e-04
2557,-4.39720844867194541e-04,-4.39720839494839311e-04
2558,-6.03783530704331164e-04,-6.03783526457846165e-04
2559,-7.08098402597815433e-04,-7.08098406903445721e-04
2560,-7.42761499213490410e-04,-7.42761476431041956e-04
2561,-7.04719406726909557e-04,-7.04719393979758024e-04
2562,-5.98034861691276710e-04,-5.98034879658371210e-04
2563,-4.33455906277618451e-04,-4.33455919846892357e-04
2564,-2.27334014607341584e-04,-2.27334021474234760e-04
2565,1.23614802260778386e-17,1.23614805454016641e-17
2566,2.26241031129518686e-04,2.26241027121432126e-04
2567,4.29297965804018120e-04,4.29297972004860640e-04
2568,5.89450544783598376e-04,5.89450530242174864e-04
2569,6.91264232725391612e-04,6.91264227498322725e-04
2570,7.25077191341818119e-04,7.25077174138277769e-04
2571,6.87916151631364696e-04,6.87916122842580080e-04
2572,5.83754470262496826e-04,5.83754444960504770e-04
2573,4.23090343840864299e-04,4.23090357799082994e-04
2574,2.21889682355571179e-04,2.21889684326015413e-04
2575,5.88609656459771625e-17,5.88609680143015721e-17
2576,-2.20807153832152720e-04,-2.20807152800261974e-04
2577,-4.18972175738988560e-04,-4.18972165789455175e-04
2578,-5.75252264119833481e-04,-5.75252284761518240e-04
2579,-6.74589675470295001e-04,-6.74589653499424458e-04
2580,-7.07562026476968309e-04,-7.07562023308128119e-04
2581,-6.71275007874856948e-04,-6.71275018248707056e-04
2582,-5.69613035150143602e-04,-5.69613010156899691e-04
2583,-4.12826503229169796e-04,-4.12826513638719916e-04
2584,-2.16499228482474872e-04,-2.16499232919886708e-04
2585,4.40551444473846321e-18,4.40551431162067221e-18
2586,2.15427949934922142e-04,2.15427950024604797e-04
2587,4.08751131927669314e-04,4.08751133363693953e-04
2588,5.61199183878489114e-04,5.61199209187179804e-04
2589,6.58087016634144924e-04,6.58087024930864573e-04
2590,6.90228867875687093e-04,6.90228887833654881e-04
2591,6.54808156914370599e-04,6.54808129183948040e-04
2592,5.55620874000114303e-04,5.55620878003537655e-04
2593,4.02671848239309529e-04,4.02671837946400046e-04
2594,2.11166559863308780e-04,2.11166552617214620e-04
2595,5.80019122734900977e-17,5.80019111696632010e-17
2596,-2.10107292062676736e-04,-2.10107289603911340e-04
2597,-3.98642167870088811e-04,-3.98642179789021611e-04
2598,-5.47301352705173373e-04,-5.47301373444497585e-04
2599,-6.41768016047510352e-04,-6.41768041532486677e-04
2600,-6.73090024661540274e-04,-6.73090049531310797e-04
2601,-6.38527252166551807e-04,-6.38527271803468466e-04
2602,-5.41787854418323699e-04,-5.41787827387452126e-04
2603,-3.92633515075780509e-04,-3.92633519368246198e-04
2604,-2.05895410827899145e-04,-2.05895412364043295e-04
2605,5.14839404992960605e-18,5.14839405281627690e-18
2606,2.04848879665804406e-04,2.04848882276564837e-04
2607,3.88652287085594248e-04,3.88652289984747767e-04
2608,5.33568364272126025e-04,5.33568381797522306e-04
2609,6.25643897769352837e-04,6.25643879175186157e-04
2610,6.56157241662292377e-04,6.56157266348600388e-04
2611,6.22443409479782740e-04,6.22443389147520065e-04
2612,5.28123385980377785e-04,5.28123404365032911e-04
2613,3.82718306631075014e-04,3.82718309992924333e-04
2614,2.00689340196512253e-04,2.00689333723857999e-04
2615,4.64292346779698817e-17,4.64292341922951669e-17
2616,-1.99656236146528968e-04,-1.99656235054135323e-04
2617,-3.78788157727790755e-04,-3.78788157831877470e-04
2618,-5.20009349983934074e-04,-5.20009372849017382e-04
2619,-6.09725341647007974e-04,-6.09725364483892918e-04
2620,-6.39441690679277475e-04,-6.39441714156419039e-04
2621,-6.06567198965807393e-04,-6.06567191425710917e-04
2622,-5.14636413399824312e-04,-5.14636398293077946e-04
2623,-3.72932687604702912e-04,-3.72932699974626303e-04
2624,-1.95551728759127126e-04,-1.95551721844822168e-04
2625,2.33646391204176842e-18,2.33646387079432633e-18
2626,1.94532706424392046e-04,1.94532709429040551e-04
2627,3.69056108040762194e-04,3.69056098861619830e-04
2628,5.06632972836352190e-04,5.06632961332798004e-04
2629,5.94022476233469041e-04,5.94022450968623161e-04
2630,6.22953963181754064e-04,6.22953986749053001e-04
2631,5.90908638187655840e-04,5.90908632148057222e-04
2632,5.01335410847356783e-04,5.01335423905402422e-04
2633,3.63282780460483657e-04,3.63282772013917565e-04
2634,1.90485777192685212e-04,1.90485778148286045e-04
2635,3.60100073374911626e-17,3.60100076395731265e-17
2636,-1.89481454942852431e-04,-1.89481448614969850e-04
2637,-3.59462122647658477e-04,-3.59462108463048935e-04
2638,-4.93447422424810674e-04,-4.93447412736713886e-04
2639,-5.78544873052382297e-04,-5.78544859308749437e-04
2640,-6.06704064418483904e-04,-6.06704037636518478e-04
2641,-5.75477186692800345e-04,-5.75477199163287878e-04
2642,-4.88228377415255137e-04,-4.88228368340060115e-04
2643,-3.53774362212967036e-04,-3.53774375980719924e-04
2644,-1.85494504416156681e-04,-1.85494500328786671e-04
2645,-1.01352951012700107e-17,-1.01352951531019886e-17
2646,1.84505464109465658e-04,1.84505464858375490e-04
2647,3.50011839668645656e-04,3.50011832779273391e-04
2648,4.80460411088605042e-04,4.80460410472005606e-04
2649,5.63301542199873100e-04,5.63301553484052420e-04
2650,5.90701408932109320e-04,5.90701412875205278e-04
2651,5.60281741880380951e-04,5.60281740035861731e-04
2652,4.75322833713788409e-04,4.75322827696800232e-04
2653,3.44412862037176174e-04,3.44412866979837418e-04
2654,1.80580746375942532e-04,1.80580740561708808e-04
2655,4.60166156482557112e-17,4.60166166504190154e-17
2656,-1.79607533168452073e-04,-1.79607537575066090e-04
2657,-3.40710548655472002e-04,-3.40710539603605866e-04
2658,-4.67679171181853664e-04,-4.67679172288626432e-04
2659,-5.48300929265787521e-04,-5.48300915397703648e-04
2660,-5.74954817461020341e-04,-5.74954843614250422e-04
2661,-5.45330636184771650e-04,-5.45330636668950319e-04
2662,-4.62625819587399179e-04,-4.62625815998762846e-04
2663,-3.35203359689267258e-04,-3.35203367285430431e-04
2664,-1.75747155258498898e-04,-1.75747161847539246e-04
2665,-1.45563137388234163e-17,-1.45563141381243547e-17
2666,1.74790277496369306e-04,1.74790271557867527e-04
2667,3.31563189334138696e-04,3.31563176587224007e-04
2668,4.55110453451458997e-04,4.55110450275242329e-04
2669,5.33550913557897773e-04,5.33550919499248266e-04
2670,5.59472515205862333e-04,5.59472537133842707e-04
2671,5.30631635556907174e-04,5.30631630681455135e-04
2672,4.50143892931089329e-04,4.50143881607800722e-04
2673,3.26150584726584087e-04,3.26150591718032956e-04
2674,1.70996199121570605e-04,1.70996194356121123e-04
2675,-8.63223931542278701e-18,-8.63223932410229537e-18
2676,-1.70056128317672486e-04,-1.70056126080453396e-04
2677,-3.22574351140001033e-04,-3.22574342135339975e-04
2678,-4.42760526506491179e-04,-4.42760530859231949e-04
2679,-5.19058807603411747e-04,-5.19058783538639545e-04
2680,-5.44262131440694918e-04,-5.44262118637561798e-04
2681,-5.16191939218931190e-04,-5.16191939823329449e-04
2682,-4.37883129590166528e-04,-4.37883136328309774e-04
2683,-3.17258916511598498e-04,-3.17258905852213502e-04
2684,-1.66330161937363463e-04,-1.66330166393890977e-04
2685,4.60236475401857606e-17,4.60236476856257161e-17
2686,1.65407332827979516e-04,1.65407327585853636e-04
2687,3.13748273531886572e-04,3.13748285407200456e-04
2688,4.30635177354972193e-04,4.30635176599025726e-04
2689,5.04831357905225929e-04,5.04831376019865274e-04
2690,5.29330700436379635e-04,5.29330689460039139e-04
2691,5.02018180668041092e-04,5.02018199767917395e-04
2692,4.25849124317464100e-04,4.25849109888076782e-04
2693,3.08532384984491748e-04,3.08532384224236012e-04
2694,1.61751144037896482e-04,1.61751144332811236e-04
2695,2.57202180175568392e-17,2.57202183091033838e-17
2696,-1.60845954719756820e-04,-1.60845956997945905e-04
2697,-3.05088847065259152e-04,-3.05088848108425736e-04
2698,-4.18739712986025041e-04,-4.18739713495597243e-04
2699,-4.90874746921728870e-04,-4.90874750539660454e-04
2700,-5.14684663670610283e-04,-5.14684652443975210e-04
2701,-4.88116429896945272e-04,-4.88116435008123517e-04
2702,-4.14046992766188917e-04,-4.14046982768923044e-04
2703,-2.99974672183678888e-04,-2.99974664812907577e-04
2704,-1.57261062954180264e-04,-1.57261063577607274e-04
2705,-8.47698987310630066e-18,-8.47698993083528037e-18
2706,1.56373875097958685e-04,1.56373876961879432e-04
2707,2.96599615208219096e-04,2.96599610010161996e-04
2708,4.07078962968258960e-04,4.07078972784802318e-04
2709,4.77194596240717401e-04,4.77194582344964147e-04
2710,5.00329873287474656e-04,5.00329886563122272e-04
2711,4.74492196802482754e-04,4.74492204375565052e-04
2712,4.02481374487054483e-04,4.02481382479891181e-04
2713,2.91589114497005277e-04,2.91589123662561178e-04
2714,1.52861654636244964e-04,1.52861655806191266e-04
2715,-2.32151544923800514e-17,-2.32151547635457429e-17
2716,-1.51992793776207949e-04,-1.51992790051735938e-04
2717,-2.88283776877004531e-04,-2.88283772533759475e-04
2718,-3.95657283038055229e-04,-3.95657290937379003e-04
2719,-4.63795970910546758e-04,-4.63795964606106281e-04
2720,-4.86271596772636333e-04,-4.86271601403132081e-04
2721,-4.61150435744369638e-04,-4.61150426417589188e-04
2722,-3.91156436903678092e-04,-3.91156441764906049e-04
2723,-2.83378705618068895e-04,-2.83378700260072947e-04
2724,-1.48554475045343599e-04,-1.48554478073492646e-04
2725,2.81262805798120983e-17,2.81262815702282282e-17
2726,1.47704230940232318e-04,1.47704224218614399e-04
2727,2.80144189670109174e-04,2.80144187854602933e-04
2728,3.84478559644393870e-04,3.84478567866608500e-04
2729,4.50683384894159846e-04,4.50683379312977195e-04
2730,4.72514522802437947e-04,4.72514511784538627e-04
2731,4.48095551219013656e-04,4.48095554020255804e-04
2732,3.80075880230840808e-04,3.80075885914266109e-04
2733,2.75346100188028815e-04,2.75346101261675358e-04
2734,1.44340902102354341e-04,1.44340898259542882e-04
2735,1.65873049540645804e-17,1.65873055853768295e-17
2736,-1.43509529167611772e-04,-1.43509532790631056e-04
2737,-2.72183373775319729e-04,-2.72183388005942106e-04
2738,-3.73546215418362826e-04,-3.73546208720654249e-04
2739,-4.37860807604522739e-04,-4.37860813690349460e-04
2740,-4.59062768227925654e-04,-4.59062779555097222e-04
2741,-4.35331404605980078e-04,-4.35331399785354733e-04
2742,-3.69242943304068795e-04,-3.69242945453152061e-04
2743,-2.67493618094729419e-04,-2.67493625869974494e-04
2744,-1.40222137982911704e-04,-1.40222138725221157e-04
2745,-9.84175839675247083e-18,-9.84175853220897094e-18
2746,1.39409855789453252e-04,1.39409850817173719e-04
2747,2.64403516525887352e-04,2.64403526671230793e-04
2748,3.62863215530472266e-04,3.62863211194053292e-04
2749,4.25331671481230520e-04,4.25331672886386514e-04
2750,4.45919886147536396e-04,4.45919897174462676e-04
2751,4.22861321947661092e-04,4.22861310653388500e-04
2752,3.58660410281963743e-04,3.58660414349287748e-04
2753,2.59823249405427635e-04,2.59823253145441413e-04
2754,1.36199211742285450e-04,1.36199218104593456e-04
2755,5.38746597397418080e-17,5.38746604161053673e-17
2756,-1.35406205580441665e-04,-1.35406211484223604e-04
2757,-2.56806477577816263e-04,-2.56806466495618224e-04
2758,-3.52432074900538316e-04,-3.52432078216224909e-04
2759,-4.13098880562928761e-04,-4.13098867284134030e-04
2760,-4.33088875023827197e-04,-4.33088862337172031e-04
2761,-4.10688102715813809e-04,-4.10688109695911407e-04
2762,-3.48330618186163277e-04,-3.48330620909109712e-04
2763,-2.52336659902962655e-04,-2.52336671110242605e-04
2764,-1.32272982257913418e-04,-1.32272980408743024e-04
2765,2.17587187972259602e-17,2.17587180066889258e-17
2766,1.31499403761859595e-04,1.31499400595203042e-04
2767,2.49393794680983116e-04,2.49393808189779520e-04
2768,3.42254866219982522e-04,3.42254876159131527e-04
2769,4.01164820011631592e-04,4.01164812501519918e-04
2770,4.20572188794334845e-04,4.20572177972644567e-04
2771,3.98814029520525937e-04,3.98814037907868624e-04
2772,3.38255465237489300e-04,3.38255456881597638e-04
2773,2.45035197199441131e-04,2.45035189436748624e-04
2774,1.28444141471945045e-04,1.28444138681516051e-04
2775,1.26773508622523606e-17,1.26773510428336134e-17
2776,-1.27690109303808455e-04,-1.27690102090127766e-04
2777,-2.42166690014042335e-04,-2.42166686803102493e-04
2778,-3.32333228747328511e-04,-3.32333234837278724e-04
2779,-3.89531366540193361e-04,-3.89531371183693409e-04
2780,-4.08371747928382405e-04,-4.08371735829859972e-04
2781,-3.87240878712201051e-04,-3.87240870622918010e-04
2782,-3.28436419949179419e-04,-3.28436406562104821e-04
2783,-2.37919897395424501e-04,-2.37919899518601596e-04
2784,-1.24713217920841810e-04,-1.24713216791860759e-04
2785,-1.37475587560134301e-17,-1.37475589737159457e-17
2786,1.23978818508768993e-04,1.23978825286030769e-04
2787,2.35126077054588863e-04,2.35126077313907444e-04
2788,3.22668377834306290e-04,3.22668376611545682e-04
2789,3.78199899694849670e-04,3.78199911210685968e-04
2790,3.96488951376818108e-04,3.96488961996510625e-04
2791,3.75969931829172937e-04,3.75969917513430119e-04
2792,3.18874530933468546e-04,3.18874517688527703e-04
2793,2.30991492255913438e-04,2.30991485295817256e-04
2794,1.21080580533573917e-04,1.21080578537657857e-04
2795,3.75558513169873519e-17,3.75558526944795752e-17
2796,-1.20365868862905713e-04,-1.20365868497174233e-04
2797,-2.28272567951630969e-04,-2.28272561798803508e-04
2798,-3.13261115141428247e-04,-3.13261116389185190e-04
2799,-3.67171313941532234e-04,-3.67171305697411299e-04
2800,-3.84924689362605549e-04,-3.84924700483679771e-04
2801,-3.65001987838983678e-04,-3.65001993486657739e-04
2802,-3.09570437380326624e-04,-3.09570430545136333e-04
2803,-2.24250416869750283e-04,-2.24250412429682910e-04
2804,-1.17546442683720602e-04,-1.17546442197635770e-04
2805,1.70348499487429537e-17,1.70348500014374200e-17
2806,1.16851443135720687e-04,1.16851442726328969e-04
2807,2.21606481371131140e-04,2.21606474951840937e-04
2808,3.04111839497401692e-04,3.04111832519993186e-04
2809,3.56446031506020024e-04,3.56446020305156708e-04
2810,3.73679356957008627e-04,3.73679358744993806e-04
2811,3.54337376122636325e-04,3.54337389580905437e-04
2812,3.00524380162824653e-04,3.00524377962574363e-04
2813,2.17696817762478770e-04,2.17696811887435615e-04
2814,1.14110866476757901e-04,1.14110865979455411e-04
2815,6.66337466839396245e-18,6.66337451752653454e-18
2816,-1.13435573713426363e-04,-1.13435577077325433e-04
2817,-2.15127850779827246e-04,-2.15127845876850188e-04
2818,-2.95220558360253875e-04,-2.95220554107800126e-04
2819,-3.46024015913551190e-04,-3.46024025930091739e-04
2820,-3.62752868387686452e-04,-3.62752878572791815e-04
2821,-3.43975970148164601e-04,-3.43975960277020931e-04
2822,-2.91736213525378761e-04,-2.91736214421689510e-04
2823,-2.11330561428453042e-04,-2.11330567253753543e-04
2824,-1.10773767257256011e-04,-1.10773769847583026e-04
2825,-1.67742461801881293e-17,-1.67742467494525887e-17
2826,1.10118147147104944e-04,1.10118147858884186e-04
2827,2.08836433136606149e-04,2.08836427191272378e-04
2828,2.86586899832438782e-04,2.86586902802810073e-04
2829,3.35904786177064355e-04,3.35904798703268170e-04
2830,3.52144672020746649e-04,3.52144677890464664e-04
2831,3.33917201781683195e-04,3.33917210809886456e-04
2832,2.83205417308372669e-04,2.83205416053533554e-04
2833,2.05151243250232960e-04,2.05151241971179843e-04
2834,1.07534918317124807e-04,1.07534920971374959e-04
2835,2.44067990547050793e-17,2.44067994257957601e-17
2836,-1.06898908899796441e-04,-1.06898907688446343e-04
2837,-2.02731717956635896e-04,-2.02731724129989743e-04
2838,-2.78210125186350416e-04,-2.78210121905431151e-04
2839,-3.26087431577787258e-04,-3.26087436405941844e-04
2840,-3.41853765962486344e-04,-3.41853767167776823e-04
2841,-3.24160076180141012e-04,-3.24160064337775111e-04
2842,-2.74931109664384521e-04,-2.74931109743192792e-04
2843,-1.99158196770836312e-04,-1.99158195755444467e-04
2844,-1.04393955788357559e-04,-1.04393955552950501e-04
2845,1.32197312500409603e-17,1.32197308889427960e-17
2846,1.03777468273427446e-04,1.03777470940258354e-04
2847,1.96812936716455987e-04,1.96812936337664723e-04
2848,2.70089141852491391e-04,2.70089134573936462e-04
2849,3.16570626986080526e-04,3.16570629365742207e-04
2850,3.31878714221336447e-04,3.31878720317035913e-04
2851,3.14703187213820942e-04,3.14703182084485888e-04
2852,2.66912060219181755e-04,2.66912073129788041e-04
2853,1.93350503286455653e-04,1.93350497283972800e-04
2854,1.01350383701668431e-04,1.01350386103149503e-04
2855,4.90673664087860396e-18,4.90673654558136008e-18
2856,-1.00753303499044800e-04,-1.00753306469414383e-04
2857,-1.91079072564646977e-04,-1.91079074284061790e-04
2858,-2.62222516825677792e-04,-2.62222514720633626e-04
2859,-3.07352648666446885e-04,-3.07352660456672311e-04
2860,-3.22217663374879193e-04,-3.22217674693092704e-04
2861,-3.05544733361662779e-04,-3.05544730508700013e-04
2862,-2.59146703631416453e-04,-2.59146705502644181e-04
2863,-1.87727001725160813e-04,-1.87726996955461800e-04
2864,-9.84035791942811317e-05,-9.84035796136595309e-05
2865,-1.81581553096754879e-17,-1.81581546558395312e-17
2866,9.78257669718369990e-05,9.78257667156867683e-05
2867,1.85528870305873067e-04,1.85528871952556074e-04
2868,2.54608490441228291e-04,2.54608487011864781e-04
2869,2.98431390513914977e-04,2.98431375995278358e-04
2870,3.12868359682965703e-04,3.12868360197171569e-04
2871,2.96682534027130720e-04,2.96682526823133230e-04
2872,2.51633153504318761e-04,2.51633144216611981e-04
2873,1.82286298778326118e-04,1.82286297786049545e-04
2874,9.55527978485541738e-05,9.55528012127615511e-05
2875,3.14427058662607684e-17,3.14427067263044327e-17
2876,-9.49940906142235819e-05,-9.49940877035260201e-05
2877,-1.80160846623585673e-04,-1.80160845047794282e-04
2878,-2.47244990476316992e-04,-2.47244985075667500e-04
2879,-2.89804380665710276e-04,-2.89804389467462897e-04
2880,-3.03828166591575731e-04,-3.03828157484531403e-04
2881,-2.88114046218545064e-04,-2.88114038994535804e-04
2882,-2.44369216604058018e-04,-2.44369206484407187e-04
2883,-1.77026779250834319e-04,-1.77026784513145685e-04
2884,-9.27971791442175261e-05,-9.27971777855418622e-05
2885,8.19506089593591088e-18,8.19506113547821939e-18
2886,9.22573913482988543e-05,9.22573890420608222e-05
2887,1.74973300509113639e-04,1.74973305547609925e-04
2888,2.40129646529413940e-04,2.40129651501774788e-04
2889,2.81468798435654177e-04,2.81468790490180254e-04
2890,2.95094082568819055e-04,2.95094068860635161e-04
2891,2.79836381541718191e-04,2.79836385743692517e-04
2892,2.37352407337666419e-04,2.37352403928525746e-04
2893,1.71946616597640266e-04,1.71946623595431447e-04
2894,9.01357520061520415e-05,9.01357489055953920e-05
2895,2.93030389695588598e-18,2.93030386358135160e-18
2896,-8.96146766610973929e-05,-8.96146739250980318e-05
2897,-1.69964323862734253e-04,-1.69964318047277629e-04
2898,-2.33259804633301215e-04,-2.33259808737784624e-04
2899,-2.73421491516593251e-04,-2.73421494057402015e-04
2900,-2.86662759218364420e-04,-2.86662747384980321e-04
2901,-2.71846323449623814e-04,-2.71846336545422673e-04
2902,-2.30579962446781440e-04,-2.30579957133159041e-04
2903,-1.67043783612386642e-04,-1.67043777764774859e-04
2904,-8.75674404313790677e-05,-8.75674377311952412e-05
2905,2.36225959540636694e-17,2.36225958091485375e-17
2906,8.70648502447632453e-05,8.70648509589955211e-05
2907,1.65131812234830665e-04,1.65131816174834967e-04
2908,2.26632542055456288e-04,2.26632546400651336e-04
2909,2.65658993399093451e-04,2.65659007709473372e-04
2910,2.78530519613520429e-04,2.78530525974929333e-04
2911,2.64140344697852837e-04,2.64140340732410550e-04
2912,2.24048855870519279e-04,2.24048853851854801e-04
2913,1.62316063237324227e-04,1.62316064233891666e-04
2914,8.50910691768530096e-05,8.50910655572079122e-05
2915,2.12571399569857349e-17,2.12571404986551464e-17
2916,-8.46067176953275480e-05,-8.46067196107469499e-05
2917,-1.60473475674285070e-04,-1.60473471623845398e-04
2918,-2.20244682242243006e-04,-2.20244677620939910e-04
2919,-2.58177540953061484e-04,-2.58177547948434949e-04
2920,-2.70693376798467500e-04,-2.70693388301879168e-04
2921,-2.56714624952689217e-04,-2.56714614806696773e-04
2922,-2.17755813734986706e-04,-2.17755819903686643e-04
2923,-1.57761059460581745e-04,-1.57761052832938731e-04
2924,-8.27053694929554396e-05,-8.27053663670085371e-05
2925,1.78021889290387174e-18,1.78021882325752989e-18
2926,8.22389922523456446e-05,8.22389920358546078e-05
2927,1.55986849652908489e-04,1.55986854224465787e-04
2928,2.14092809862680725e-04,2.14092811802402139e-04
2929,2.50973092122018277e-04,2.50973098445683718e-04
2930,2.63147052401605170e-04,2.63147056102752686e-04
2931,2.49565068502028906e-04,2.49565055128186941e-04
2932,2.11697329424778257e-04,2.11697333725169301e-04
2933,1.53376208271112965e-04,1.53376211528666317e-04
2934,8.04089848843893279e-05,8.04089868324808776e-05
2935,-2.95098891659943716e-18,-2.95098896236431202e-18
2936,-7.99603005642980869e-05,-7.99603003542870283e-05
2937,-1.51669306033952819e-04,-1.51669300976209342e-04
2938,-2.08173285909747023e-04,-2.08173281862400472e-04
2939,-2.44041343679261499e-04,-2.44041337282396853e-04
2940,-2.55886995309526674e-04,-2.55886989179998636e-04
2941,-2.42687322017978339e-04,-2.42687325226143003e-04
2942,-2.05869678695511619e-04,-2.05869684577919543e-04
2943,-1.49158788639253874e-04,-1.49158790009096265e-04
2944,-7.82004768839670656e-05,-7.82004790380597115e-05
2945,2.13683571534267612e-17,2.13683565863741261e-17
2946,7.77691884622120841e-05,7.77691893745213747e-05
2947,1.47518064055432175e-04,1.47518061567097902e-04
2948,2.02482262816512914e-04,2.02482260647229850e-04
2949,2.37377748997752045e-04,2.37377753364853561e-04
2950,2.48908400349520567e-04,2.48908414505422115e-04
2951,2.36076792323539482e-04,2.36076797591522336e-04
2952,2.00268934784736055e-04,2.00268928892910480e-04
2953,1.45105933494323915e-04,1.45105936098843813e-04
2954,7.60783308223173069e-05,7.60783295845612884e-05
2955,1.31166921811562444e-17,1.31166923087595156e-17
2956,-7.56641267275056045e-05,-7.56641238695010543e-05
2957,-1.43530201297282936e-04,-1.43530196510255337e-04
2958,-1.97015699547814678e-04,-1.97015702724456787e-04
2959,-2.30977535785138554e-04,-2.30977530009113252e-04
2960,-2.42206226931587445e-04,-2.42206224356777966e-04
2961,-2.29728664115309383e-04,-2.29728670092299581e-04
2962,-1.94890983482225454e-04,-1.94890977581962943e-04
2963,-1.41214640668877806e-04,-1.41214637551456690e-04
2964,-7.40409615796225432e-05,-7.40409595891833305e-05
2965,-5.10613754913756831e-19,-5.10613732442885235e-19
2966,7.36435168375452001e-05,7.36435176804661751e-05
2967,1.39702664605263440e-04,1.39702664455398917e-04
2968,1.91769376626588613e-04,1.91769373486749828e-04
2969,2.24835723739107406e-04,2.24835719563998282e-04
2970,2.35775217600618024e-04,2.35775223700329661e-04
2971,2.23637917597238210e-04,2.23637922317720950e-04
2972,1.89731538120046573e-04,1.89731537830084562e-04
2973,1.37481783782652394e-04,1.37481780257076025e-04
2974,7.20867193032194458e-05,7.20867174095474184e-05
2975,2.83576243165880904e-18,2.83576249624052213e-18
2976,-7.17056966754811310e-05,-7.17056973371654749e-05
2977,-1.36032280942440550e-04,-1.36032278533093631e-04
2978,-1.86738911058499137e-04,-1.86738907359540462e-04
2979,-2.18947142077044238e-04,-2.18947141547687352e-04
2980,-2.29609916453317670e-04,-2.29609911912120879e-04
2981,-2.17799345980343353e-04,-2.17799344682134688e-04
2982,-1.84786154445716161e-04,-1.84786156751215458e-04
2983,-1.33904123038157473e-04,-1.33904119138605893e-04
2984,-7.02138950781531026e-05,-7.02138931956142187e-05
2985,6.65960803272337046e-18,6.65960795060727433e-18
2986,6.98489461890224365e-05,6.98489457136020064e-05
2987,1.32515768142828330e-04,1.32515764562413096e-04
2988,1.81919771116826213e-04,1.81919764145277441e-04
2989,2.13306446898699030e-04,2.13306440855376422e-04
2990,2.23704687373622239e-04,2.23704686504788697e-04
2991,2.12207572806615518e-04,2.12207567528821528e-04
2992,1.80050245341640462e-04,1.80050250492058694e-04
2993,1.30478315902817123e-04,1.30478321807458997e-04
2994,6.84207265360164876e-05,6.84207261656410992e-05
2995,1.19149267794354296e-17,1.19149270917149121e-17
2996,-6.80714929859950230e-05,-6.80714947520755231e-05
2997,-1.29149745540295765e-04,-1.29149746499024332e-04
2998,-1.77307290953702918e-04,-1.77307287231087685e-04
2999,-2.07908138339489551e-04,-2.07908131415024400e-04
3000,-2.18053732045048150e-04,-2.18053726712241769e-04
3001,-2.06857069055909606e-04,-2.06857075681909919e-04
3002,-1.75519095356988430e-04,-1.75519089680165052e-04
3003,-1.27200927651808452e-04,-1.27200924907810986e-04
3004,-6.67054033899859713e-05,-6.67054046061821282e-05
3005,-1.46567140293709194e-18,-1.46567140121535910e-18
3006,6.63715178525278325e-05,6.63715181872248650e-05
3007,1.25930744449551763e-04,1.25930746435187757e-04
3008,1.72896685003059313e-04,1.72896689036861062e-04
3009,2.02746577476279049e-04,2.02746581635437906e-04
3010,2.12651107697721517e-04,2.12651109904982150e-04
3011,2.01742169997501435e-04,2.01742164790630341e-04
3012,1.71187875018763419e-04,1.71187872183509171e-04
3013,1.24068441748483651e-04,1.24068435980007052e-04
3014,6.50660728827273362e-05,6.50660731480456889e-05
3015,1.14392366239647175e-18,1.14392368213364391e-18
3016,-6.47471601825626032e-05,-6.47471606498584151e-05
3017,-1.22855218474890470e-04,-1.22855213703587651e-04
3018,-1.68683062144532261e-04,-1.68683065567165613e-04
3019,-1.97816002947340171e-04,-1.97815999854356050e-04
3020,-2.07490744552112842e-04,-2.07490738830529153e-04
3021,-1.96857091748787701e-04,-1.96857086848467588e-04
3022,-1.67051654891230746e-04,-1.67051650350913405e-04
3023,-1.21077270039476707e-04,-1.21077267976943403e-04
3024,-6.35008451360167777e-05,-6.35008473182097077e-05
3025,6.49079294622965962e-18,6.49079279529438967e-18
3026,6.31965233061214816e-05,6.31965231150388718e-05
3027,1.19919553625477224e-04,1.19919553981162608e-04
3028,1.64661439597210848e-04,1.64661440066993237e-04
3029,1.93110547252268972e-04,1.93110550753772259e-04
3030,2.02566462921610900e-04,2.02566458028741181e-04
3031,1.92195947507053271e-04,1.92195948329754174e-04
3032,1.63105419353713434e-04,1.63105418323539197e-04
3033,1.18223762743520589e-04,1.18223761091940105e-04
3034,6.20077983905834539e-05,6.20077989879064262e-05
3035,1.08712241114990042e-17,1.08712245092006164e-17
3036,-6.17176797061989911e-05,-6.17176774539984763e-05
3037,-1.17120078215514364e-04,-1.17120078357402235e-04
3038,-1.60826756515573989e-04,-1.60826763021759689e-04
3039,-1.88624252697771293e-04,-1.88624253496527672e-04
3040,-1.97871989940265574e-04,-1.97871995624154806e-04
3041,-1.87752763420607208e-04,-1.87752768397331238e-04
3042,-1.59344080069709338e-04,-1.59344082931056619e-04
3043,-1.15504218213526158e-04,-1.15504219138529152e-04
3044,-6.05849841261073017e-05,-6.05849854764528573e-05
3045,5.54897066339305829e-19,5.54897053331064709e-19
3046,6.03086761132886392e-05,6.03086773480754346e-05
3047,1.14453072530800400e-04,1.14453076093923301e-04
3048,1.57173887260211246e-04,1.57173883053474128e-04
3049,1.84351086958952433e-04,1.84351083589717746e-04
3050,1.93400975882386089e-04,1.93400977877900004e-04
3051,1.83521494069583118e-04,1.83521493454463780e-04
3052,1.55762489120631764e-04,1.55762492795474827e-04
3053,1.12914892453867260e-04,1.12914894998539239e-04
3054,5.92304320510553197e-05,5.92304313613567501e-05
3055,1.38982475147997606e-17,1.38982472930853433e-17
3056,-5.89675384684802264e-05,-5.89675400988198817e-05
3057,-1.11914778242679067e-04,-1.11914778244681656e-04
3058,-1.53697654319336156e-04,-1.53697648784145713e-04
3059,-1.80284958226453003e-04,-1.80284958332777023e-04
3060,-1.89147010044469810e-04,-1.89147016499191523e-04
3061,-1.79496037527106169e-04,-1.79496040800586343e-04
3062,-1.52355451780990237e-04,-1.52355452883057296e-04
3063,-1.10452008374711642e-04,-1.10452005174010992e-04
3064,-5.79421549540730258e-05,-5.79421539441682398e-05
3065,6.47993996568680802e-18,6.47993977206738767e-18
3066,5.76922767456230229e-05,5.76922757318243384e-05
3067,1.09501407553194637e-04,1.09501408587675542e-04
3068,1.50392840857511121e-04,1.50392836076207459e-04
3069,1.76419729913430268e-04,1.76419736817479134e-04
3070,1.85103636160913112e-04,1.85103635885752738e-04
3071,1.75670249975177009e-04,1.75670254975557327e-04
3072,1.49117738912063496e-04,1.49117739056237042e-04
3073,1.08111764768341898e-04,1.08111766166985035e-04
3074,5.67181534076442891e-05,5.67181523365434259e-05
3075,6.31874077585338147e-18,6.31874088224458502e-18
3076,-5.64808896250817259e-05,-5.64808906347025186e-05
3077,-1.07209152055482608e-04,-1.07209154521115124e-04
3078,-1.47254202870996081e-04,-1.47254206240177155e-04
3079,-1.72749234897273245e-04,-1.72749234479852021e-04
3080,-1.81264367328663517e-04,-1.81264360435307026e-04
3081,-1.72037959850525579e-04,-1.72037965967319906e-04
3082,-1.46044098954392192e-04,-1.46044098073616624e-04
3083,-1.05890344991994761e-04,-1.05890343547798693e-04
3084,-5.55564203174400747e-05,-5.55564220121596009e-05
3085,-4.87172495807085822e-18,-4.87172488538413435e-18
3086,5.53313690108415122e-05,5.53313693671952933e-05
3087,1.05034191295930916e-04,1.05034188891295344e-04
3088,1.44276480930130639e-04,1.44276476930826902e-04
3089,1.69267289274185623e-04,1.69267295859754086e-04
3090,1.77622700416971358e-04,1.77622699993662536e-04
3091,1.68592981499289952e-04,1.68592974659986794e-04
3092,1.43129269500087046e-04,1.43129276693798602e-04
3093,1.03783925344762680e-04,1.03783924714662135e-04
3094,5.44549453096118357e-05,5.44549438927788287e-05
3095,9.47324645867227148e-18,9.47324626059414690e-18
3096,-5.42417043850540326e-05,-5.42417037650011480e-05
3097,-1.02972701024786780e-04,-1.02972699096426368e-04
3098,-1.41454411491931598e-04,-1.41454409458674490e-04
3099,-1.65967705606111671e-04,-1.65967707289382815e-04
3100,-1.74172129941896299e-04,-1.74172135302796960e-04
3101,-1.65329128320293792e-04,-1.65329125593416393e-04
3102,-1.40367988429044931e-04,-1.40367992571555078e-04
3103,-1.01788683125928717e-04,-1.01788682513870299e-04
3104,-5.34117189505192093e-05,-5.34117207280360162e-05
3105,5.40239699210999404e-18,5.40239681710324139e-18
3106,5.32098869932300567e-05,5.32098856638185680e-05
3107,1.01020861124634278e-04,1.01020857982803136e-04
3108,1.38782737767193448e-04,1.38782736030407250e-04
3109,1.62844305642692865e-04,1.62844298756681383e-04
3110,1.70906161386527616e-04,1.70906161656603217e-04
3111,1.62240225380020140e-04,1.62240219651721418e-04
3112,1.37755004594006936e-04,1.37755007017403841e-04
3113,9.99008043650332142e-05,9.99008043436333537e-05
3114,5.24247367928867573e-05,5.24247370776720345e-05
3115,3.83969173170712936e-18,3.83969175336143055e-18
3116,-5.22339138554069762e-05,-5.22339141753036529e-05
3117,-9.91748632060468938e-05,-9.91748602245934308e-05
3118,-1.36256220128904299e-04,-1.36256217956542969e-04
3119,-1.59890932502204024e-04,-1.59890929353423417e-04
3120,-1.67818323951290731e-04,-1.67818318004719913e-04
3121,-1.59320121483632845e-04,-1.59320115926675498e-04
3122,-1.35285088042135394e-04,-1.35285081341862679e-04
3123,-9.81164912139519541e-05,-9.81164921540766954e-05
3124,-5.14920032442163318e-05,-5.14920029672794044e-05
3125,-4.17772091335541575e-18,-4.17772076504245041e-18
3126,5.13117915982186801e-05,5.13117920490913093e-05
3127,9.74309178625856536e-05,9.74309150478802621e-05
3128,1.33869646050048692e-04,1.33869645651429892e-04
3129,1.57101462298421047e-04,1.57101458171382546e-04
3130,1.64902182720023574e-04,1.64902186952531338e-04
3131,1.56562700689599695e-04,1.56562702613882720e-04
3132,1.32953039761802004e-04,1.32953035063110292e-04
3133,9.64319689937340868e-05,9.64319697231985629e-05
3134,5.06115352530200346e-05,5.06115356984082609e-05
3135,1.26957301215546834e-17,1.26957301688639291e-17
3136,-5.04415401045531909e-05,-5.04415402247104794e-05
3137,-9.57852615772694801e-05,-9.57852607825770974e-05
3138,-1.31617839561555392e-04,-1.31617838633246720e-04
3139,-1.54469815201815490e-04,-1.54469817061908543e-04
3140,-1.62151350230605910e-04,-1.62151351105421782e-04
3141,-1.53961893256684479e-04,-1.53961897012777627e-04
3142,-1.30753700946148130e-04,-1.30753702251240611e-04
3143,-9.48434928892770407e-05,-9.48434899328276515e-05
3144,-4.97813658099641038e-05,-4.97813671245239675e-05
3145,-1.18225081813239011e-18,-1.18225078562355874e-18
3146,4.96211959770684745e-05,4.96211941936053336e-05
3147,9.42341632753773554e-05,9.42341648624278605e-05
3148,1.29495670221890471e-04,1.29495674627833068e-04
3149,1.51989965926470073e-04,1.51989966980181634e-04
3150,1.59559497440454017e-04,1.59559494932182133e-04
3151,1.51511686015021977e-04,1.51511689182370901e-04
3152,1.28681961765726071e-04,1.28681960632093251e-04
3153,9.33473542873359451e-05,9.33473565964959562e-05
3154,4.89995472608644426e-05,4.89995472889859229e-05
3155,1.39622881104036911e-18,1.39622876161091987e-18
3156,-4.88488158135629485e-05,-4.88488149130716920e-05
3157,-9.27739305182573510e-05,-9.27739311009645462e-05
3158,-1.27498061592860211e-04,-1.27498060464859009e-04
3159,-1.49655953635232877e-04,-1.49655956192873418e-04
3160,-1.57120364080233287e-04,-1.57120361109264195e-04
3161,-1.49206132154335470e-04,-1.49206127389334142e-04
3162,-1.26732769645264681e-04,-1.26732775242999196e-04
3163,-9.19398867535845443e-05,-9.19398880796507001e-05
3164,-4.82641544301058329e-05,-4.82641553389839828e-05
3165,-2.16037788597151704e-18,-2.16037779789710056e-18
3166,4.81224792920913172e-05,4.81224778923206031e-05
3167,9.14009153354941400e-05,9.14009142434224486e-05
3168,1.25619999216632550e-04,1.25620004837401211e-04
3169,1.47461891258769061e-04,1.47461891174316406e-04
3170,1.54827768390328809e-04,1.54827765072695911e-04
3171,1.47039360425289209e-04,1.47039361763745546e-04
3172,1.24901137040489785e-04,1.24901140225119889e-04
3173,9.06174716465625883e-05,9.06174682313576341e-05
3174,4.75732875528370647e-05,4.75732886116020381e-05
3175,8.23525136816620743e-18,8.23525135990033335e-18
3176,-4.74402920649913865e-05,-4.74402913823723793e-05
3177,-9.01115196929338472e-05,-9.01115199667401612e-05
3178,-1.23856538091873320e-04,-1.23856530990451574e-04
3179,-1.45401974225078782e-04,-1.45401980262249708e-04
3180,-1.52675616237837625e-04,-1.52675609569996595e-04
3181,-1.45005583750945936e-04,-1.45005586091428995e-04
3182,-1.23182148713498602e-04,-1.23182151583023369e-04
3183,-8.93765433668942640e-05,-8.93765463843010366e-05
3184,-4.69250750155529350e-05,-4.69250735477544367e-05
3185,-3.48510658242928581e-19,-3.48510656662379698e-19
3186,4.68003884609776853e-05,4.68003891000989825e-05
3187,8.89022005961898157e-05,8.89021976036019623e-05
3188,1.22202809647670949e-04,1.22202807688154280e-04
3189,1.43470488599000242e-04,1.43470490002073348e-04
3190,1.50657909612689808e-04,1.50657913764007390e-04
3191,1.43099107248343446e-04,1.43099110573530197e-04
3192,1.21570968505909548e-04,1.21570970804896206e-04
3193,8.82135942420023025e-05,8.82135936990380287e-05
3194,4.63176759048707933e-05,4.63176766061224043e-05
3195,5.71194112522542756e-18,5.71194103721038519e-18
3196,-4.62009339957824872e-05,-4.62009338662028313e-05
3197,-8.77694748295216822e-05,-8.77694765222258866e-05
3198,-1.20654028216231625e-04,-1.20654025522526354e-04
3199,-1.41661818632282769e-04,-1.41661817906424403e-04
3200,-1.48768754504639399e-04,-1.48768755025230348e-04
3201,-1.41314335660986225e-04,-1.41314332722686231e-04
3202,-1.20062845611560541e-04,-1.20062846690416336e-04
3203,-8.71251790470066760e-05,-8.71251759235747159e-05
3204,-4.57492823654040605e-05,-4.57492824352812022e-05
3205,7.75200387600957583e-18,7.75200417424072905e-18
3206,4.56401276917310869e-05,4.56401285191532224e-05
3207,8.67099233320354899e-05,8.67099224706180394e-05
3208,1.19205497006206679e-04,1.19205498776864260e-04
3209,1.39970453727389539e-04,1.39970448799431324e-04
3210,1.47002368163788436e-04,1.47002370795235038e-04
3211,1.39645780205802588e-04,1.39645781018771231e-04
3212,1.18653120351099980e-04,1.18653122626710683e-04
3213,8.61079191644042785e-05,8.61079170135781169e-05
3214,4.52181217675145825e-05,4.52181229775305837e-05
3215,4.52658356212060517e-18,4.52658336120607728e-18
3216,-4.51162042079775606e-05,-4.51162050012499094e-05
3217,-8.57201952133906041e-05,-8.57201957842335105e-05
3218,-1.17852613580691270e-04,-1.17852614494040608e-04
3219,-1.38390994819174990e-04,-1.38390998472459614e-04
3220,-1.45353085750018986e-04,-1.45353085827082396e-04
3221,-1.38088064839129694e-04,-1.38088071253150702e-04
3222,-1.17337229453174158e-04,-1.17337229312397540e-04
3223,-8.51585063852423727e-05,-8.51585064083337784e-05
3224,-4.47224586872117851e-05,-4.47224592790007591e-05
3225,-3.09282228795284160e-19,-3.09282236497511775e-19
3226,4.46274357827396989e-05,4.46274352725595236e-05
3227,8.47970114130131887e-05,8.47970150061883032e-05
3228,1.16590874844752813e-04,1.16590876132249832e-04
3229,1.36918160180949375e-04,1.36918155476450920e-04
3230,1.43815366377604814e-04,1.43815370392985642e-04
3231,1.36635931948560175e-04,1.36635935632511973e-04
3232,1.16110710847538070e-04,1.16110713861417025e-04
3233,8.42737063565101457e-05,8.42737063067033887e-05
3234,4.42605966998746846e-05,4.42605960415676236e-05
3235,3.62522390065074783e-18,3.62522408645143802e-18
3236,-4.41721339904424087e-05,-4.41721349488943815e-05
3237,-8.39371680071231802e-05,-8.39371714391745627e-05
3238,-1.15415881549240851e-04,-1.15415881737135351e-04
3239,-1.35546790662507830e-04,-1.35546797537244856e-04
3240,-1.42383798563701190e-04,-1.42383796628564596e-04
3241,-1.35284247478432279e-04,-1.35284251882694662e-04
3242,-1.14969207977490132e-04,-1.14969210699200630e-04
3243,-8.34503616794846022e-05,-8.34503589430823922e-05
3244,-4.38308799911554643e-05,-4.38308816228527576e-05
3245,-1.24254585242761791e-19,-1.24254586747832131e-19
3246,4.37486513161502934e-05,4.37486523878760636e-05
3247,8.31375391693465804e-05,8.31375364214181900e-05
3248,1.14323342318454517e-04,1.14323345769662410e-04
3249,1.34271854369631346e-04,1.34271860588341951e-04
3250,1.41053105090397545e-04,1.41053111292421818e-04
3251,1.34028005498828157e-04,1.34027999592944980e-04
3252,1.13908473639507546e-04,1.13908470666501671e-04
3253,8.26853946656015085e-05,8.26853938633576035e-05
3254,4.34316947878487323e-05,4.34316934843081981e-05
3255,1.72921405542481707e-18,1.72921403950689765e-18
3256,-4.33553825510714759e-05,-4.33553832408506423e-05
3257,-8.23950797912896099e-05,-8.23950831545516849e-05
3258,-1.13309077210811348e-04,-1.13309077278245240e-04
3259,-1.33088450795561508e-04,-1.33088455186225474e-04
3260,-1.39818147291991126e-04,-1.39818148454651237e-04
3261,-1.32862332228876411e-04,-1.32862332975491881e-04
3262,-1.12924373359923495e-04,-1.12924375571310520e-04
3263,-8.19758097563933272e-05,-8.19758133729919791e-05
3264,-4.30614706128277670e-05,-4.30614709330257028e-05
3265,1.08576201235658847e-18,1.08576202832562631e-18
3266,4.29907660126244116e-05,4.29907668149098754e-05
3267,8.17068277704151400e-05,8.17068284959532320e-05
3268,1.12369020822557607e-04,1.12369023554492742e-04
3269,1.31991814416703351e-04,1.31991808302700520e-04
3270,1.38673928780051612e-04,1.38673931360244751e-04
3271,1.31782489526857519e-04,1.31782493554055691e-04
3272,1.12012888318938547e-04,1.12012887257151306e-04
3273,8.13186956155730604e-05,8.13186925370246172e-05
3274,4.27186813678106229e-05,4.27186823799274862e-05
3275,1.29971228804989677e-18,1.29971229376246691e-18
3276,-4.26532845934614405e-05,-4.26532860728912055e-05
3277,-8.10699059731735222e-05,-8.10699057183228433e-05
3278,-1.11499224945884874e-04,-1.11499226477462798e-04
3279,-1.30977317765687356e-04,-1.30977321532554924e-04
3280,-1.37615598620580436e-04,-1.37615599669516087e-04
3281,-1.30783877860459250e-04,-1.30783882923424244e-04
3282,-1.11170117833824710e-04,-1.11170120362658054e-04
3283,-8.07112269015357482e-05,-8.07112301117740571e-05
3284,-4.24018462487933738e-05,-4.24018471676390618e-05
3285,3.53233922639767285e-19,3.53233935508239913e-19
3286,4.23414666438252723e-05,4.23414676333777606e-05
3287,8.04815238823944600e-05,8.04815208539366722e-05
3288,1.10695860793411021e-04,1.10695858893450350e-04
3289,1.30040473996429124e-04,1.30040469230152667e-04
3290,1.36638453978424638e-04,1.36638453113846481e-04
3291,1.29862038772006775e-04,1.29862033645622432e-04
3292,1.10392281413649365e-04,1.10392284113913774e-04
3293,8.01506657297372435e-05,8.01506685093045235e-05
3294,4.21095304986949601e-05,4.21095319325104356e-05
3295,6.18201682809962762e-18,6.18201702597630763e-18
3296,-4.20538866924491047e-05,-4.20538854086771607e-05
3297,-7.99389789380805066e-05,-7.99389817984774709e-05
3298,-1.09955220802431000e-04,-1.09955217340029776e-04
3299,-1.29176938956438044e-04,-1.29176944028586149e-04
3300,-1.35737942245485281e-04,-1.35737936943769455e-04
3301,-1.29012656854219065e-04,-1.29012652905657887e-04
3302,-1.09675720399180193e-04,-1.09675718704238534e-04
3303,-7.96343628344387536e-05,-7.96343592810444534e-05
3304,-4.18403460027569557e-05,-4.18403469666372985e-05
3305,-4.75915222467589543e-18,-4.75915222146056771e-18
3306,4.17891660109622360e-05,4.17891642428003252e-05
3307,7.94396575820368602e-05,7.94396546552889049e-05
3308,1.09273720032506392e-04,1.09273722046054900e-04
3309,1.28382512783113787e-04,1.28382511320523918e-04
3310,1.34909662669954343e-04,1.34909656480886042e-04
3311,1.28231561253307446e-04,1.28231564303860068e-04
3312,1.09016899201965981e-04,1.09016902570147067e-04
3313,7.91597584405440982e-05,7.91597558418288827e-05
3314,4.15929517318582511e-05,4.15929534938186407e-05
3315,3.26696813276798227e-18,3.26696823404681211e-18
3316,-4.15459730276399026e-05,-4.15459726355038583e-05
3317,-7.89810360165853795e-05,-7.89810364949516952e-05
3318,-1.08647897171385000e-04,-1.08647895103786141e-04
3319,-1.27653141041029637e-04,-1.27653140225447714e-04
3320,-1.34149367505079421e-04,-1.34149362565949559e-04
3321,-1.27514726716685241e-04,-1.27514722407795489e-04
3322,-1.08412406157814905e-04,-1.08412408735603094e-04
3323,-7.87243828561606476e-05,-7.87243843660689890e-05
3324,-4.13660540397630446e-05,-4.13660527556203306e-05
3325,-2.41558778381779359e-18,-2.41558783228808619e-18
3326,4.13230235960348726e-05,4.13230227422900498e-05
3327,7.85606806886987862e-05,7.85606825957074761e-05
3328,1.08074415164340917e-04,1.08074418676551431e-04
3329,1.26984915418660216e-04,1.26984916278161108e-04
3330,1.33452962696286020e-04,1.33452966110780835e-04
3331,1.26858274203713267e-04,1.26858270959928632e-04
3332,1.07858954009913097e-04,1.07858955743722618e-04
3333,7.83258567974681448e-05,7.83258583396673203e-05
3334,4.11584068201276761e-05,4.11584078392479569e-05
3335,3.81993297973870166e-18,3.81993289006937637e-18
3336,-4.11190811247251733e-05,-4.11190812883432955e-05
3337,-7.81762485109427862e-05,-7.81762500992044806e-05
3338,-1.07550061482987902e-04,-1.07550062239170074e-04
3339,-1.26374074002951397e-04,-1.26374070532619953e-04
3340,-1.32816508126793256e-04,-1.32816508994437754e-04
3341,-1.26258471078206062e-04,-1.26258470118045807e-04
3342,-1.07353380038014527e-04,-1.07353378552943468e-04
3343,-7.79618914574154760e-05,-7.79618931119330227e-05
3344,-4.09688115295247441e-05,-4.09688109357375652e-05
3345,-8.21775329659304670e-20,-8.21775310367420418e-20
3346,4.09329565742679304e-05,4.09329550166148692e-05
3347,7.78254868311851545e-05,7.78254834585823119e-05
3348,1.07071748049868609e-04,1.07071748061571270e-04
3349,1.25817001151366591e-04,1.25816994113847613e-04
3350,1.32236217441748512e-04,1.32236222270876169e-04
3351,1.25711730902339360e-04,1.25711725559085608e-04
3352,1.06892645850030011e-04,1.06892643088940531e-04
3353,7.76302883305209584e-05,7.76302913436666131e-05
3354,4.07961170828266971e-05,4.07961160817649215e-05
3355,4.84561196816461930e-18,4.84561203421675410e-18
3356,-4.07635083279032307e-05,-4.07635088777169585e-05
3357,-7.75062331631716039e-05,-7.75062362663447857e-05
3358,-1.06636510835761482e-04,-1.06636507553048432e-04
3359,-1.25310226981050361e-04,-1.25310223666019738e-04
3360,-1.31708457472091587e-04,-1.31708453409373760e-04
3361,-1.25214612851627015e-04,-1.25214617582969368e-04
3362,-1.06473836853203713e-04,-1.06473838968668133e-04
3363,-7.73289388059864572e-05,-7.73289357312023640e-05
3364,-4.06392196275448715e-05,-4.06392209697514772e-05
3365,2.50354830125264791e-18,2.50354835747059691e-18
3366,4.06096419423489655e-05,4.06096405640710145e-05
3367,7.72164146906134056e-05,7.72164130466990173e-05
3368,1.06241509146748418e-04,1.06241510366089642e-04
3369,1.24850426495452913e-04,1.24850426800549030e-04
3370,1.31229747279244438e-04,1.31229753606021404e-04
3371,1.24763820771498819e-04,1.24763813801109791e-04
3372,1.06094161421969261e-04,1.06094164948444813e-04
3373,7.70558235418815536e-05,7.70558253861963749e-05
3374,4.04970622035756054e-05,4.04970633098855615e-05
3375,4.26852175716228061e-18,4.26852162165331509e-18
3376,-4.04703097856024883e-05,-4.04703096137382090e-05
3377,-7.69540475571955088e-05,-7.69540492910891771e-05
3378,-1.05884024618626790e-04,-1.05884028016589582e-04
3379,-1.24434418368852564e-04,-1.24434416648000479e-04
3380,-1.30796756842361541e-04,-1.30796761368401349e-04
3381,-1.24356201895910417e-04,-1.24356200103648007e-04
3382,-1.05750949780217686e-04,-1.05750950751826167e-04
3383,-7.68090116329070291e-05,-7.68090103520080447e-05
3384,-4.03686342953230834e-05,-4.03686353820376098e-05
3385,-1.77388984978653597e-18,-1.77388985759573354e-18
3386,4.03445105681540786e-05,4.03445119445677847e-05
3387,7.67172359555508108e-05,7.67172386986203492e-05
3388,1.05561459936183799e-04,1.05561462987679988e-04
3389,1.24059163409635337e-04,1.24059166410006583e-04
3390,1.30406305409900967e-04,1.30406304378993809e-04
3391,1.23988745248857559e-04,1.23988749692216516e-04
3392,1.05441652615504019e-04,1.05441649793647230e-04
3393,7.65866595848883230e-05,7.65866570873185992e-05
3394,4.02529712826247771e-05,4.02529694838449359e-05
3395,5.29378451457872823e-18,5.29378469395257864e-18
3396,-4.02312887746815166e-05,-4.02312871301546693e-05
3397,-7.65041710278930855e-05,-7.65041695558466017e-05
3398,-1.05271337295195411e-04,-1.05271334177814424e-04
3399,-1.23721762723120966e-04,-1.23721765703521669e-04
3400,-1.30055359537575345e-04,-1.30055355839431286e-04
3401,-1.23658579749631780e-04,-1.23658581287600100e-04
3402,-1.05163839443102970e-04,-1.05163839180022478e-04
3403,-7.63870101086476961e-05,-7.63870120863430202e-05
3404,-4.01491537976392474e-05,-4.01491524826269597e-05
3405,-5.68502289409091114e-18,-5.68502292571668457e-18
3406,4.01297340028000226e-05,4.01297329517547041e-05
3407,7.63131295914047046e-05,7.63131320127286017e-05
3408,1.05011296624875475e-04,1.05011298728641123e-04
3409,1.23419455594973957e-04,1.23419449664652348e-04
3410,1.29741030834606708e-04,1.29741034470498562e-04
3411,1.23362972042841661e-04,1.23362973681651056e-04
3412,1.04915196737644291e-04,1.04915197880472988e-04
3413,7.62083907464440981e-05,7.62083873269148171e-05
3414,4.00563069942353958e-05,4.00563076254911721e-05
3415,-5.76111121272391501e-19,-5.76111134115752795e-19
3416,-4.00389802158360425e-05,-4.00389799324329942e-05
3417,-7.61424727012155900e-05,-7.61424744268879294e-05
3418,-1.04779093588661554e-04,-1.04779093817342073e-04
3419,-1.23149617116004209e-04,-1.23149613500572741e-04
3420,-1.29460573440383933e-04,-1.29460575408302248e-04
3421,-1.23099324074024636e-04,-1.23099322081543505e-04
3422,-1.04693525850161424e-04,-1.04693528555799276e-04
3423,-7.60492123436943212e-05,-7.60492112021893263e-05
3424,-3.99735997368004693e-05,-3.99735981773119420e-05
3425,1.74028032656250449e-18,1.74028026853678520e-18
3426,3.99582049163196026e-05,3.99582058889791369e-05
3427,7.59906440639265363e-05,7.59906470193527639e-05
3428,1.04572597380933851e-04,1.04572594864293933e-04
3429,1.22909755569290034e-04,1.22909754281863570e-04
3430,1.29211381253267190e-04,1.29211388411931694e-04
3431,1.22865170431702412e-04,1.22865167213603854e-04
3432,1.04496740728176682e-04,1.04496743006166071e-04
3433,7.59079673789528797e-05,7.59079703129827976e-05
3434,3.99002437151588067e-05,3.99002419726457447e-05
3435,1.18087512143276619e-18,1.18087508086730649e-18
3436,-3.98866282469150798e-05,-3.98866286559496075e-05
3437,-7.58561683143742655e-05,-7.58561654947698116e-05
3438,-1.04389788337417663e-04,-1.04389786429237574e-04
3439,-1.22697509600174702e-04,-1.22697514598257840e-04
3440,-1.28990984933334974e-04,-1.28990985103882849e-04
3441,-1.22658175476409516e-04,-1.22658180771395564e-04
3442,-1.04322865456393706e-04,-1.04322862171102315e-04
3443,-7.57832281647179839e-05,-7.57832312956452370e-05
3444,-3.98354924922599327e-05,-3.98354932258371264e-05
3445,-2.13700477731580054e-18,-2.13700477571364908e-18
3446,3.98235120254684260e-05,3.98235133616253734e-05
3447,7.57376491683733367e-05,7.57376474211923778e-05
3448,1.04228755376438841e-04,1.04228754935320467e-04
3449,1.22510645189599952e-04,1.22510638902895153e-04
3450,1.28797048700426958e-04,1.28797051729634404e-04
3451,1.22476130277107405e-04,1.22476136311888695e-04
3452,1.04170031635159418e-04,1.04170030681416392e-04
3453,7.56736449317591393e-05,7.56736480980180204e-05
3454,3.97786404912509761e-05,3.97786388930398971e-05
3455,6.21449733025725686e-18,6.21449751349912109e-18
3456,-3.97681587207515376e-05,-3.97681578760966659e-05
3457,-7.56337674637870192e-05,-7.56337685743346810e-05
3458,-1.04087693288356203e-04,-1.04087695945054293e-04
3459,-1.22347052450803547e-04,-1.22347046271897852e-04
3460,-1.28627366948587049e-04,-1.28627361846156418e-04
3461,-1.22316949374953840e-04,-1.22316952911205590e-04
3462,-1.04036475613845323e-04,-1.04036473203450441e-04
3463,-7.55779438090799195e-05,-7.55779474275186658e-05
3464,-3.97290219284101971e-05,-3.97290205000899732e-05
3465,-5.75166442203391503e-18,-5.75166431817671296e-18
3466,3.97199103752909980e-05,3.97199110011570156e-05
3467,7.55432791023118237e-05,7.55432774894870818e-05
3468,1.03964899889797657e-04,1.03964899608399719e-04
3469,1.22204742269165048e-04,1.22204743092879653e-04
3470,1.28479860697599781e-04,1.28479863633401692e-04
3471,1.22178667394097853e-04,1.22178666060790420e-04
3472,1.03920535595664981e-04,1.03920538094826043e-04
3473,7.54949247118345492e-05,7.54949214751832187e-05
3474,3.96860096982072158e-05,3.96860086766537279e-05
3475,7.30901554208233341e-19,7.30901545540377433e-19
3476,-3.96781474816344982e-05,-3.96781470044516027e-05
3477,-7.54650129037686670e-05,-7.54650100134313107e-05
3478,-1.03858773059293901e-04,-1.03858772490639240e-04
3479,-1.22081842804439857e-04,-1.22081837616860867e-04
3480,-1.28352573901866060e-04,-1.28352578030899167e-04
3481,-1.22059435518660691e-04,-1.22059434943366796e-04
3482,-1.03820648630357208e-04,-1.03820646472740918e-04
3483,-7.54234591488402178e-05,-7.54234570194967091e-05
3484,-3.96490142167729473e-05,-3.96490140701644123e-05
3485,-1.83514868681962093e-18,-1.83514878580987939e-18
3486,3.96422878182300147e-05,3.96422874473500997e-05
3487,7.53978683847553356e-05,7.53978674765676260e-05
3488,1.03767807670249201e-04,1.03767808468546718e-04
3489,1.21976595874233215e-04,1.21976598165929317e-04
3490,1.28243669636327588e-04,1.28243671497330070e-04
3491,1.21957517854675264e-04,1.21957520605064929e-04
3492,1.03735347510507751e-04,1.03735350421629846e-04
3493,7.53624879612577593e-05,7.53624844946898520e-05
3494,3.96174822297809385e-05,3.96174837078433484e-05
3495,2.77696789537935946e-18,2.77696794586632489e-18
3496,-3.96117852508702929e-05,-3.96117866330314428e-05
3497,-7.53408134729090495e-05,-7.53408166929148138e-05
3498,-1.03690592436917861e-04,-1.03690596006345004e-04
3499,-1.21887353236969738e-04,-1.21887351269833744e-04
3500,-1.28151426178632193e-04,-1.28151426906697452e-04
3501,-1.21871287695096220e-04,-1.21871285955421627e-04
3502,-1.03663257586980080e-04,-1.03663260233588517e-04
3503,-7.53110190035978874e-05,-7.53110216464847326e-05
3504,-3.95908955905186960e-05,-3.95908973587211221e-05
3505,-3.02457332540358782e-18,-3.02457329529580426e-18
3506,3.95861285055278708e-05,3.95861279685050249e-05
3507,7.52928821678972270e-05,7.52928826841525733e-05
3508,1.03625806688471554e-04,1.03625803603790700e-04
3509,1.21812572792091798e-04,1.21812576253432781e-04
3510,1.28074233006058479e-04,1.28074228996410966e-04
3511,1.21799223705510676e-04,1.21799224871210754e-04
3512,1.03603093518342515e-04,1.03603095340076834e-04
3513,7.52681247777997852e-05,7.52681226003915071e-05
3514,3.95687700139203674e-05,3.95687711716163903e-05
3515,5.01725733934626512e-18,5.01725738799548894e-18
3516,-3.95648399182230758e-05,-3.95648385165259242e-05
3517,-7.52531721596607332e-05,-7.52531705074943602e-05
3518,-1.03572217085760179e-04,-1.03572216175962240e-04
3519,-1.21750814714536101e-04,-1.21750817925203592e-04
3520,-1.28010586725153504e-04,-1.28010593471117318e-04
3521,-1.21739906047487980e-04,-1.21739903988782316e-04
3522,-1.03553655968650617e-04,-1.03553655208088458e-04
3523,-7.52329400308574632e-05,-7.52329433453269303e-05
3524,-3.95506538119352617e-05,-3.95506540371570736e-05
3525,9.15763836984369741e-19,9.15763797941637685e-19
3526,3.95474741672629821e-05,3.95474744436796755e-05
3527,7.52208424142987881e-05,7.52208434278145432e-05
3528,1.03528674294788248e-04,1.03528676845598966e-04
3529,1.21700737539998560e-04,1.21700737508945167e-04
3530,1.27959086951241941e-04,1.27959079691208899e-04
3531,1.21692012455884834e-04,1.21692013635765761e-04
3532,1.03513828267431647e-04,1.03513826616108418e-04
3533,7.52046593259520234e-05,7.52046616980805993e-05
3534,3.95361266154625017e-05,3.95361275877803564e-05
3535,1.68053302172768499e-18,1.68053301289208001e-18
3536,-3.95336169931674632e-05,-3.95336173824034631e-05
3537,-7.51951107372686667e-05,-7.51951083657331765e-05
3538,-1.03494109630401703e-04,-1.03494108770973980e-04
3539,-1.21661094216671207e-04,-1.21661090815905482e-04
3540,-1.27918432154365953e-04,-1.27918436191976070e-04
3541,-1.21654314285717105e-04,-1.21654316899366677e-04
3542,-1.03482573045086409e-04,-1.03482576378155500e-04
3543,-7.51825345966238993e-05,-7.51825355109758675e-05
3544,-3.95247980879319939e-05,-3.95247989217750728e-05
3545,-2.28068411698079554e-18,-2.28068418695773174e-18
3546,3.95228839110713833e-05,3.95228853449225426e-05
3547,7.51752513234000094e-05,7.51752522774040699e-05
3548,1.03467531683017238e-04,1.03467529697809368e-04
3549,1.21630728138534736e-04,1.21630728244781494e-04
3550,1.27887415487334998e-04,1.27887411508709192e-04
3551,1.21625672543517935e-04,1.21625671454239637e-04
3552,1.03458928856281615e-04,1.03458929515909404e-04
3553,7.51658726931932528e-05,7.51658735680393875e-05
3554,3.95163066351502401e-05,3.95163078792393208e-05
3555,3.98471099924696610e-18,3.98471099040269598e-18
3556,-3.95149189204635812e-05,-3.95149181713350117e-05
3557,-7.51605923025980190e-05,-7.51605912228114903e-05
3558,-1.03448022940629637e-04,-1.03448022855445743e-04
3559,-1.21608569174517147e-04,-1.21608565677888691e-04
3560,-1.27864920610890737e-04,-1.27864914247766137e-04
3561,-1.21605033917297938e-04,-1.21605036838445812e-04
3562,-1.03442006803393369e-04,-1.03442005638498813e-04
3563,-7.51540329299339727e-05,-7.51540355850011110e-05
3564,-3.95103181161259566e-05,-3.95103197661228478e-05
3565,-4.15235772645510022e-18,-4.15235775310034948e-18
3566,3.95093932166670357e-05,3.95093920815270394e-05
3567,7.51505132897115671e-05,7.51505140215158463e-05
3568,1.03434736417719691e-04,1.03434736956842244e-04
3569,1.21593629707043670e-04,1.21593628136906773e-04
3570,1.27849917530134175e-04,1.27849911223165691e-04
3571,1.21591426818540575e-04,1.21591423521749675e-04
3572,1.03430987171213687e-04,1.03430989838670939e-04
3573,7.51464246413661936e-05,7.51464249333366752e-05
3574,3.95065245589975073e-05,3.95065253542270511e-05
3575,-9.05374323867246382e-19,-9.05374306050395088e-19
3576,-3.95060039082939198e-05,-3.95060051232576370e-05
3577,-7.51444429466060815e-05,-7.51444458728656173e-05
3578,-1.03426892301950612e-04,-1.03426893474534154e-04
3579,-1.21585000692766274e-04,-1.21584998851176351e-04
3580,-1.27841458455580449e-04,-1.27841456560418010e-04
3581,-1.21583957448841270e-04,-1.21583958389237523e-04
3582,-1.03425116083713043e-04,-1.03425118140876293e-04
3583,-7.51425047552268258e-05,-7.51425031921826303e-05
3584,-3.95046428861819320e-05,-3.95046445191837847e-05
3585,-2.52643056126523889e-20,-2.52643060305686303e-20
3586,3.95044727447104637e-05,3.95044735341798514e-05
3587,7.51418565638792242e-05,7.51418556319549680e-05
3588,1.03423774628944311e-04,1.03423772088717669e-04
3589,1.21581847757481904e-04,1.21581848361529410e-04
3590,1.27838673701352102e-04,1.27838677144609392e-04
3591,1.21581805903013283e-04,1.21581804705783725e-04
3592,1.03423702192772504e-04,1.03423699329141527e-04
3593,7.51417753894088127e-05,7.51417755964212120e-05
3594,3.95044136524508544e-05,3.95044153265189379e-05
3595,1.61642033307607694e-18,1.61642031156462621e-18
3596,-3.95045448571331457e-05,-3.95045462937559932e-05
3597,-7.51422736692801830e-05,-7.51422703615389764e-05
3598,-1.03424727994757038e-04,-1.03424725239165127e-04
3599,-1.21583407336397283e-04,-1.21583405416458845e-04
3600,-1.27840767632224274e-04,-1.27840772620402277e-04
3601,-1.21584222319721369e-04,-1.21584220323711634e-04
3602,-1.03426113408254205e-04,-1.03426114947069436e-04
3603,-7.51437814795610575e-05,-7.51437837607227266e-05
3604,-3.95055997995199764e-05,-3.95056013076100498e-05
3605,-3.07013737890023847e-18,-3.07013729856736896e-18
3606,3.95059875168733774e-05,3.95059869333636016e-05
3607,7.51452556693785987e-05,7.51452535041607916e-05
3608,1.03429154314903034e-04,1.03429156297352165e-04
3609,1.21588982870212575e-04,1.21588986075948924e-04
3610,1.27847014670353607e-04,1.27847015392035246e-04
3611,1.21590523089880947e-04,1.21590521303005517e-04
3612,1.03431773678024769e-04,1.03431775642093271e-04
3613,7.51481084436310750e-05,7.51481056795455515e-05
3614,3.95079854302774101e-05,3.95079841837286949e-05
3615,4.96349991252533410e-18,4.96349974716628022e-18
3616,-3.95085889139355298e-05,-3.95085880882106721e-05
3617,-7.51504035304419686e-05,-7.51504048821516335e-05
3618,-1.03436509638275920e-04,-1.03436512290500104e-04
3619,-1.21597941066546678e-04,-1.21597942779771984e-04
3620,-1.27856755371732426e-04,-1.27856750623323023e-04
3621,-1.21600087132250364e-04,-1.21600089187268168e-04
3622,-1.03440159825950081e-04,-1.03440157545264810e-04
3623,-7.51543798889855498e-05,-7.51543775550089777e-05
3624,-3.95113746057968371e-05,-3.95113747799769044e-05
3625,-6.04164765882348784e-18,-6.04164778474850905e-18
3626,3.95121569588442208e-05,3.95121569454204291e-05
3627,7.51573555041941968e-05,7.51573534216731787e-05
3628,1.03446301023397369e-04,1.03446298453491181e-04
3629,1.21609708235585203e-04,1.21609708003234118e-04
3630,1.27869392581519476e-04,1.27869396237656474e-04
3631,1.21612352244912330e-04,1.21612349175848067e-04
3632,1.03450798455066950e-04,1.03450794995296746e-04
3633,7.51622553674873522e-05,7.51622574171051383e-05
3634,3.95155901677411982e-05,3.95155911974143237e-05
3635,2.20146493475906742e-19,2.20146494459716342e-19
3636,-3.95165181105049240e-05,-3.95165188820101321e-05
3637,-7.51657849033608965e-05,-7.51657862565480173e-05
3638,-1.03458083483986852e-04,-1.03458085504826158e-04
3639,-1.21623766707919617e-04,-1.21623765153344721e-04
3640,-1.27884387676627546e-04,-1.27884384710341692e-04
3641,-1.21626811540427514e-04,-1.21626813779585063e-04
3642,-1.03463262922631795e-04,-1.03463265986647457e-04
3643,-7.51714281832198400e-05,-7.51714251236990094e-05
3644,-3.95204725887374317e-05,-3.95204733649734408e-05
3645,-1.09013935362557257e-18,-1.09013936472968036e-18
3646,3.95215162323737869e-05,3.95215174648910761e-05
3647,7.51753979316793319e-05,7.51753977965563536e-05
3648,1.03471457010021473e-04,1.03471458714921027e-04
3649,1.21639651341852909e-04,1.21639648568816483e-04
3650,1.27901256903065452e-04,1.27901250380091369e-04
3651,1.21643009971851592e-04,1.21643010061234236e-04
3652,1.03477170393031863e-04,1.03477170341648161e-04
3653,7.51816232571089380e-05,7.51816260162740946e-05
3654,3.95258788528181487e-05,3.95258794014807791e-05
3655,2.81573044509072011e-18,2.81573045655117232e-18
3656,-3.95270114792322066e-05,-3.95270108128897846e-05
3657,-7.51859315724153106e-05,-7.51859333831816912e-05
3658,-1.03486063669877291e-04,-1.03486061561852694e-04
3659,-1.21656946126616440e-04,-1.21656943520065397e-04
3660,-1.27919567814787071e-04,-1.27919571241363883e-04
3661,-1.21660540955848202e-04,-1.21660537843126804e-04
3662,-1.03492178973705300e-04,-1.03492180642206222e-04
3663,-7.51925950523435347e-05,-7.51925981603562832e-05
3664,-3.95316813680687357e-05,-3.95316819776780903e-05
3665,-4.03427079496398326e-18,-4.03427068962319808e-18
3666,3.95328792164379496e-05,3.95328788727056235e-05
3667,7.51971515390329685e-05,7.51971529098227620e-05
3668,1.03501584798461931e-04,1.03501581179443747e-04
3669,1.21675280887233533e-04,1.21675278933253139e-04
3670,1.27938935819956894e-04,1.27938939840532839e-04
3671,1.21679043098474074e-04,1.21679040603339672e-04
3672,1.03507984938947821e-04,1.03507984022144228e-04
3673,7.52041255638773366e-05,7.52041232772171497e-05
3674,3.95377669130933583e-05,3.95377683162223548e-05
3675,5.48801268924684259e-18,5.48801249204431741e-18
3676,-3.95390089733655911e-05,-3.95390088669955730e-05
3677,-7.52088502911683692e-05,-7.52088526496663690e-05
3678,-1.03517738275660229e-04,-1.03517741081304848e-04
3679,-1.21694328095968421e-04,-1.21694327390287071e-04
3680,-1.27959020839801834e-04,-1.27959021483547986e-04
3681,-1.21698197028520180e-04,-1.21698198199737817e-04
3682,-1.03524320045524079e-04,-1.03524318546988070e-04
3683,-7.52160223749212987e-05,-7.52160194679163396e-05
3684,-3.95440356188534608e-05,-3.95440365537069738e-05
3685,-6.92351769748306395e-18,-6.92351785709078642e-18
3686,3.95453034324716148e-05,3.95453025703318417e-05
3687,7.52208451186546923e-05,7.52208434278145432e-05
3688,1.03534275898707026e-04,1.03534279332961887e-04
3689,1.21713799794700105e-04,1.21713797852862626e-04
3690,1.27979524084444939e-04,1.27979525132104754e-04
3691,1.21717722342477527e-04,1.21717719594016671e-04
3692,1.03540948943565966e-04,1.03540951386094093e-04
3693,7.52281167829005348e-05,7.52281193854287267e-05
3694,3.95503999871364969e-05,3.95503993786405772e-05
3695,8.51346323929248281e-18,8.51346363276519357e-18
3696,-3.95516774552392194e-05,-3.95516763092018664e-05
3697,-7.52329762957991015e-05,-7.52329797251150012e-05
3698,-1.03550980851722634e-04,-1.03550977655686438e-04
3699,-1.21733444631680034e-04,-1.21733442938420922e-04
3700,-1.28000184949404310e-04,-1.28000188851729035e-04
3701,-1.21737374664568430e-04,-1.21737371955532581e-04
3702,-1.03557666685616880e-04,-1.03557664260733873e-04
3703,-7.52402619968941280e-05,-7.52402629586867988e-05
3704,-3.95567839467050156e-05,-3.95567840314470232e-05
3705,-9.78785968907541962e-18,-9.78785944349501566e-18
3706,3.95580571459121645e-05,3.95580573240295053e-05
3707,7.52451053079705300e-05,7.52451087464578450e-05
3708,1.03567665274736904e-04,1.03567668702453375e-04
3709,1.21753045015646346e-04,1.21753044368233532e-04
3710,1.28020778035717461e-04,1.28020779811777174e-04
3711,1.21756942824609960e-04,1.21756944281514734e-04
3712,1.03574296336104535e-04,1.03574297099839896e-04
3713,7.52523314081920443e-05,7.52523337723687291e-05
3714,3.95631219479550982e-05,3.95631213905289769e-05
3715,-3.39755763337669248e-18,-3.39755771889239624e-18
3716,-3.95643789540223531e-05,-3.95643801311962306e-05
3717,-7.52571131517179771e-05,-7.52571140765212476e-05
3718,-1.03584167934307793e-04,-1.03584170574322343e-04
3719,-1.21772414389494628e-04,-1.21772412967402488e-04
3720,-1.28041110295992489e-04,-1.28041108837351203e-04
3721,-1.21776246155812999e-04,-1.21776247397065163e-04
3722,-1.03590686682998267e-04,-1.03590689832344651e-04
3723,-7.52642169351917643e-05,-7.52642154111526906e-05
3724,-3.95693580967018479e-05,-3.95693568862043321e-05
3725,2.22133711052082638e-18,2.22133707993434908e-18
3726,3.95705888160167055e-05,3.95705901610199362e-05
3727,7.52688987096786823e-05,7.52689011278562248e-05
3728,1.03600351997103243e-04,1.03600352304056287e-04
3729,1.21791394625145116e-04,1.21791395940817893e-04
3730,1.28061018308016025e-04,1.28061015857383609e-04
3731,1.21795131914030760e-04,1.21795128507073969e-04
3732,1.03606710052866869e-04,1.03606711491011083e-04
3733,7.52758274434846476e-05,7.52758278395049274e-05
3734,3.95754453275993135e-05,3.95754468627274036e-05
3735,-7.03794404553062884e-19,-7.03794423276708440e-19
3736,-3.95766413365869480e-05,-3.95766401197761297e-05
3737,-7.52803772009103694e-05,-7.52803753130137920e-05
3738,-1.03616102907386570e-04,-1.03616104752290994e-04
3739,-1.21809853540627363e-04,-1.21809855045285076e-04
3740,-1.28080365676952674e-04,-1.28080369904637337e-04
3741,-1.21813472819359058e-04,-1.21813471196219325e-04
3742,-1.03622260230068077e-04,-1.03622260212432593e-04
3743,-7.52870872416900000e-05,-7.52870837459340692e-05
3744,-3.95813446172352536e-05,-3.95813440263736993e-05
3745,-6.31863359247296530e-19,-6.31863365895768284e-19
3746,3.95824990098195715e-05,3.95824972656555474e-05
3747,7.52914787070198466e-05,7.52914784243330359e-05
3748,1.03631326368845291e-04,1.03631326055619866e-04
3749,1.21827682539853965e-04,1.21827681141439825e-04
3750,1.28099040566559261e-04,1.28099040011875331e-04
3751,1.21831164720452874e-04,1.21831166325137019e-04
3752,1.03637250480369923e-04,1.03637248685117811e-04
3753,7.52979346530224385e-05,7.52979321987368166e-05
3754,3.95870242372347157e-05,3.95870229112915695e-05
3755,2.18250801805494312e-18,2.18250798121019113e-18
3756,-3.95881314802149002e-05,-3.95881324948277324e-05
3757,-7.53021467741076705e-05,-7.53021449781954288e-05
3758,-1.03645946430756168e-04,-1.03645943454466760e-04
3759,-1.21844794375015319e-04,-1.21844794193748385e-04
3760,-1.28116953359298466e-04,-1.28116953419521451e-04
3761,-1.21848124381411071e-04,-1.21848126582335681e-04
3762,-1.03651611678698294e-04,-1.03651611425448209e-04
3763,-7.53083206626541763e-05,-7.53083222662098706e-05
3764,-3.95924590470685963e-05,-3.95924580516293645e-05
3765,-3.43530702777047130e-18,-3.43530693332686622e-18
3766,3.95935148434334346e-05,3.95935130654834211e-05
3767,7.53123370902440779e-05,7.53123385948128998e-05
3768,1.03659903678042070e-04,1.03659906017128378e-04
3769,1.21861121031032260e-04,1.21861121442634612e-04
3770,1.28134034444700391e-04,1.28134037367999554e-04
3771,1.21864287390503618e-04,1.21864286484196782e-04
3772,1.03665290540571871e-04,1.03665290225762874e-04
3773,7.53182076402343924e-05,7.53182102926075459e-05
3774,3.95976298263807334e-05,3.95976312574930489e-05
3775,4.88727191105829103e-18,4.88727174499706851e-18
3776,-3.95986309864835789e-05,-3.95986317016649991e-05
3777,-7.53220162378880092e-05,-7.53220156184397638e-05
3778,-1.03673153524383332e-04,-1.03673155535943806e-04
3779,-1.21876611731033772e-04,-1.21876611956395209e-04
3780,-1.28150232134842081e-04,-1.28150233649648726e-04
3781,-1.21879606189703594e-04,-1.21879609650932252e-04
3782,-1.03678247956104927e-04,-1.03678248706273735e-04
3783,-7.53275681368817298e-05,-7.53275671740993857e-05
3784,-3.96025226464187156e-05,-3.96025243389885873e-05
3785,-6.24068981687838131e-18,-6.24068977400530644e-18
3786,3.96034669669085345e-05,3.96034665754996240e-05
3787,7.53311605203970649e-05,7.53311614971607924e-05
3788,1.03685664607172296e-04,1.03685662907082587e-04
3789,1.21891231061363865e-04,1.21891229355242103e-04
3790,1.28165510705348525e-04,1.28165513160638511e-04
3791,1.21894048223405164e-04,1.21894045150838792e-04
3792,1.03690457425269502e-04,1.03690457763150334e-04
3793,7.53363837556290792e-05,7.53363856347277761e-05
3794,3.96071282800180256e-05,3.96071300201583654e-05
3795,7.61374055831713642e-18,7.61374093485249048e-18
3796,-3.96080144304068792e-05,-3.96080140490084887e-05
3797,-7.53397548615253429e-05,-7.53397544031031430e-05
3798,-1.03697417282701970e-04,-1.03697420854587108e-04
3799,-1.21904957214307225e-04,-1.21904959087260067e-04
3800,-1.28179848559908314e-04,-1.28179846797138453e-04
3801,-1.21907594204399169e-04,-1.21907592983916402e-04
3802,-1.03701903592718337e-04,-1.03701902844477445e-04
3803,-7.53446440940661841e-05,-7.53446438466198742e-05
3804,-3.96114416494720842e-05,-3.96114410250447690e-05
3805,-8.93703488033653773e-18,-8.93703470031277224e-18
3806,3.96122690662012038e-05,3.96122704842127860e-05
3807,7.53477917764987037e-05,7.53477943362668157e-05
3808,1.03708402219832626e-04,1.03708400274626911e-04
3809,1.21917780346200992e-04,1.21917779324576259e-04
3810,1.28193236515899934e-04,1.28193234559148550e-04
3811,1.21920236494788865e-04,1.21920238598249853e-04
3812,1.03712580880165921e-04,1.03712583950255066e-04
3813,7.53523457577075191e-05,7.53523490857332945e-05
3814,3.96154613114994229e-05,3.96154609916266054e-05
3815,-4.22427346631136279e-18,-4.22427366273632226e-18
3816,-3.96162300992668648e-05,-3.96162286051549017e-05
3817,-7.53552704132834394e-05,-7.53552740206941962e-05
3818,-1.03718619089798684e-04,-1.03718615719117224e-04
3819,-1.21929701048412102e-04,-1.21929704619105905e-04
3820,-1.28205676208382796e-04,-1.28205676446668804e-04
3821,-1.21931977599194313e-04,-1.21931974717881531e-04
3822,-1.03722492214051087e-04,-1.03722493804525584e-04
3823,-7.53594914424081521e-05,-7.53594940761104226e-05
3824,-3.96191889784063095e-05,-3.96191899199038744e-05
3825,2.85008899952390928e-18,2.85008905765478743e-18
3826,3.96198998187168464e-05,3.96198993257712573e-05
3827,7.53621956620651102e-05,7.53621934563852847e-05
3828,1.03728075349846514e-04,1.03728074464015663e-04
3829,1.21940728928266842e-04,1.21940727694891393e-04
3830,1.28217178609378883e-04,1.28217172459699214e-04
3831,1.21942828767301103e-04,1.21942830446641892e-04
3832,1.03731647845946932e-04,1.03731646959204227e-04
3833,7.53660890839736333e-05,7.53660860937088728e-05
3834,3.96226290745401276e-05,3.96226278098765761e-05
3835,-1.41617163631968927e-18,-1.41617167258926710e-18
3836,-3.96232831410641597e-05,-3.96232826460618526e-05
3837,-7.53685773311900848e-05,-7.53685744712129235e-05
3838,-1.03736785117985162e-04,-1.03736783785279840e-04
3839,-1.21950881296769472e-04,-1.21950884931720793e-04
3840,-1.28227762659095860e-04,-1.28227766253985465e-04
3841,-1.21952808702535697e-04,-1.21952805784530938e-04
3842,-1.03740064262965263e-04,-1.03740065242163837e-04
3843,-7.53721510729319651e-05,-7.53721542423591018e-05
3844,-3.96257883267597813e-05,-3.96257892134599388e-05
3845,6.76885978793286077e-20,6.76885966531719956e-20
3846,3.96263872074841442e-05,3.96263858419843018e-05
3847,7.53744293874228079e-05,7.53744316170923412e-05
3848,1.03744768135979250e-04,1.03744765510782599e-04
3849,1.21960181959706855e-04,1.21960183605551720e-04
3850,1.28237454005482798e-04,1.28237457829527557e-04
3851,1.21961942373419337e-04,1.21961944387294352e-04
3852,1.03747763185189709e-04,1.03747763205319643e-04
3853,7.53776935323814874e-05,7.53776912461034954e-05
3854,3.96286753880554534e-05,3.96286741306539625e-05
3855,1.33338142266106057e-18,1.33338143982551908e-18
3856,-3.96292210138393943e-05,-3.96292198274750262e-05
3857,-7.53797692583192328e-05,-7.53797721699811518e-05
3858,-1.03752048817524749e-04,-1.03752048744354397e-04
3859,-1.21968660108520005e-04,-1.21968660096172243e-04
3860,-1.28246283848297722e-04,-1.28246290842071176e-04
3861,-1.21970259923938045e-04,-1.21970260806847364e-04
3862,-1.03754770647066679e-04,-1.03754769952502102e-04
3863,-7.53827356564531174e-05,-7.53827334847301245e-05
3864,-3.96313004929066133e-05,-3.96313007513526827e-05
3865,-2.67312808950770535e-18,-2.67312803446463370e-18
3866,3.96317950722622394e-05,3.96317955164704472e-05
3867,7.53846171943907238e-05,7.53846179577521980e-05
3868,1.03758655378390248e-04,1.03758655313868076e-04
3869,1.21976349307145992e-04,1.21976350783370435e-04
3870,1.28254287883674211e-04,1.28254294395446777e-04
3871,1.21977795679126795e-04,1.21977798698935658e-04
3872,1.03761116159350474e-04,1.03761114587541670e-04
3873,7.53872991072377047e-05,7.53872955101542175e-05
3874,3.96336751431989679e-05,3.96336763515137136e-05
3875,4.08713765374663135e-18,4.08713745693268718e-18
3876,-3.96341211030266889e-05,-3.96341201849281788e-05
3877,-7.53889956886339362e-05,-7.53889980842359364e-05
3878,-1.03764619045176927e-04,-1.03764621599111706e-04
3879,-1.21983286570883967e-04,-1.21983284770976752e-04
3880,-1.28261505345021780e-04,-1.28261512145400047e-04
3881,-1.21984587241822948e-04,-1.21984587167389691e-04
3882,-1.03766831948382698e-04,-1.03766833490226418e-04
3883,-7.53914074675269608e-05,-7.53914064262062311e-05
3884,-3.96358118233845609e-05,-3.96358118450734764e-05
3885,-5.45583702804180994e-18,-5.45583723416753602e-18
3886,3.96362117553962967e-05,3.96362120227422565e-05
3887,7.53929289509246733e-05,7.53929271013475955e-05
3888,1.03769973339241402e-04,1.03769976703915745e-04
3889,1.21989511533187052e-04,1.21989512990694493e-04
3890,1.28267978135965097e-04,1.28267973195761442e-04
3891,1.21990674676586032e-04,1.21990677143912762e-04
3892,1.03771952269084950e-04,1.03771955764386803e-04
3893,7.53950857468969611e-05,7.53950880607590079e-05
3894,3.96377237435432050e-05,3.96377254219260067e-05
3895,6.84897082575891218e-18,6.84897068592628246e-18
3896,-3.96380803561034129e-05,-3.96380819438491017e-05
3897,-7.53964424347086963e-05,-7.53964413888752460e-05
3898,-1.03774753432252147e-04,-1.03774757008068264e-04
3899,-1.21995065696278143e-04,-1.21995064546354115e-04
3900,-1.28273750050931991e-04,-1.28273750306107104e-04
3901,-1.21996099776531332e-04,-1.21996097732335329e-04
3902,-1.03776512788151355e-04,-1.03776510513853282e-04
3903,-7.53983599385265468e-05,-7.53983622416853905e-05
3904,-3.96394246089798645e-05,-3.96394243580289185e-05
3905,-8.23007844851704330e-18,-8.23007817234942671e-18
3906,3.96397406840873578e-05,3.96397408621851355e-05
3907,7.53995624133913585e-05,7.53995627746917307e-05
3908,1.03778995569727604e-04,1.03778998891357332e-04
3909,1.21999991761263170e-04,1.21999990369658917e-04
3910,1.28278866078927577e-04,1.28278872580267489e-04
3911,1.22000905408856461e-04,1.22000907140318304e-04
3912,1.03780550033813295e-04,1.03780548670329154e-04
3913,7.54012566241195293e-05,7.54012580728158355e-05
3914,3.96409284149720509e-05,3.96409268432762474e-05
3915,9.62595501254890333e-18,9.62595538220001155e-18
3916,-3.96412067701188106e-05,-3.96412069676443934e-05
3917,-7.54023156037110059e-05,-7.54023130866698921e-05
3918,-1.03782736559045476e-04,-1.03782738733571023e-04
3919,-1.22004333033525880e-04,-1.22004334116354585e-04
3920,-1.28283371785989695e-04,-1.28283369122073054e-04
3921,-1.22005134934767632e-04,-1.22005134471692145e-04
3922,-1.03784100908526944e-04,-1.03784099337644875e-04
3923,-7.54038026242763909e-05,-7.54038046579807997e-05
3924,-3.96422492652721169e-05,-3.96422510675620288e-05
3925,3.58475659739643899e-18,3.58475675652411880e-18
3926,3.96424927198294798e-05,3.96424911741632968e-05
3927,7.54047288336170734e-05,7.54047287045978010e-05
3928,1.03786013318091407e-04,1.03786012914497405e-04
3929,1.22008132899075318e-04,1.22008132166229188e-04
3930,1.28287312771799630e-04,1.28287312691099942e-04
3931,1.22008831699501764e-04,1.22008830658160150e-04
3932,1.03787202260921391e-04,1.03787198895588517e-04
3933,7.54060246916560170e-05,7.54060238250531256e-05
3934,3.96434012129514589e-05,3.96434006688650697e-05
3935,-2.19950326912988935e-18,-2.19950323407570563e-18
3936,-3.96436125589571576e-05,-3.96436116716358811e-05
3937,-7.54068287517560125e-05,-7.54068314563483000e-05
3938,-1.03788862481016906e-04,-1.03788865089882165e-04
3939,-1.22011434367548394e-04,-1.22011435450986028e-04
3940,-1.28290734195927395e-04,-1.28290732391178608e-04
3941,-1.22012038588145750e-04,-1.22012039355468005e-04
3942,-1.03789890513352747e-04,-1.03789890999905765e-04
3943,-7.54079492442603894e-05,-7.54079519538208842e-05
3944,-3.96443981222754577e-05,-3.96443974750582129e-05
3945,8.23781207485203565e-19,8.23781210428164439e-19
3946,3.96445800991352269e-05,3.96445793739985675e-05
3947,7.54086415760946534e-05,7.54086431697942317e-05
3948,1.03791320057411912e-04,1.03791317087598145e-04
3949,1.22014279677589858e-04,1.22014280350413173e-04
3950,1.28293680369216125e-04,1.28293686429969966e-04
3951,1.22014797642981803e-04,1.22014796943403780e-04
3952,1.03792201341425139e-04,1.03792204754427075e-04
3953,7.54096021362787541e-05,7.54096035961993039e-05
3954,3.96452535500168424e-05,3.96452524000778794e-05
3955,5.65004493961635020e-19,5.65004476633426724e-19
3956,-3.96454088230540003e-05,-3.96454088331665844e-05
3957,-7.54101928789857303e-05,-7.54101929487660527e-05
3958,-1.03793421141293632e-04,-1.03793419839348644e-04
3959,-1.22016709960372804e-04,-1.22016710520256311e-04
3960,-1.28296194405857724e-04,-1.28296189359389246e-04
3961,-1.22017149738132857e-04,-1.22017147077713162e-04
3962,-1.03794169401940557e-04,-1.03794169262982905e-04
3963,-7.54110084637093478e-05,-7.54110078560188413e-05
3964,-3.96459806451177939e-05,-3.96459799958392978e-05
3965,-1.94618037798650667e-18,-1.94618041225225974e-18
3966,3.96461117875470938e-05,3.96461109630763531e-05
3967,7.54115074060985967e-05,7.54115098970942199e-05
3968,1.03795199666353240e-04,1.03795202448964119e-04
3969,1.22018764957085044e-04,1.22018762340303510e-04
3970,1.28298317931775766e-04,1.28298313939012587e-04
3971,1.22019134307342901e-04,1.22019133414141834e-04
3972,1.03795828105615417e-04,1.03795828181318939e-04
3973,7.54121924024322998e-05,7.54121938371099532e-05
3974,3.96465920651479660e-05,3.96465911762788892e-05
3975,3.33040826665059250e-18,3.33040823074110715e-18
3976,-3.96467015432773004e-05,-3.96467003156431019e-05
3977,-7.54126089266717156e-05,-7.54126085666939616e-05
3978,-1.03796688203967874e-04,-1.03796686744317412e-04
3979,-1.22020482786282564e-04,-1.22020479466300458e-04
3980,-1.28300090845016732e-04,-1.28300089272670448e-04
3981,-1.22020789120838200e-04,-1.22020792332477868e-04
3982,-1.03797209431271569e-04,-1.03797210613265634e-04
3983,-7.54131770760456036e-05,-7.54131760913878679e-05
3984,-3.96470999083242844e-05,-3.96471004933118820e-05
3985,-4.71392701141859127e-18,-4.71392694864984348e-18
3986,3.96471900697108401e-05,3.96471914427820593e-05
3987,7.54135201125998576e-05,7.54135180613957345e-05
3988,1.03797917800561864e-04,1.03797916381154209e-04
3989,1.22021899757109601e-04,1.22021898278035223e-04
3990,1.28301551123947982e-04,1.28301544464193285e-04
3991,1.22022150107216714e-04,1.22022152936551720e-04
3992,1.03798343777992087e-04,1.03798345662653446e-04
3993,7.54139844510852306e-05,7.54139837226830423e-05
3994,3.96475156597945089e-05,3.96475152228958905e-05
3995,6.09837083845822491e-18,6.09837086807372037e-18
3996,-3.96475887241025035e-05,-3.96475879824720323e-05
3997,-7.54142624439320310e-05,-7.54142602090723813e-05
3998,-1.03798917850999819e-04,-1.03798920463304967e-04
3999,-1.22023050224459554e-04,-1.22023047879338264e-04
4000,-1.28302734679175222e-04,-1.28302737721242011e-04
